kind,id,name,context,go_verdict,classic_verdict,spell_chain,server_values,server_values_not_in_go,go_numbers,go_locations,server_values_not_in_classic,classic_tooltip_numbers,server_description,classic_tooltip_text,module_files
item,8345,Wolfshead Helm,equip,not in sim Go,differs,17768 > 17769 > 17770,17769 effect1=50,,,,17769 effect1=50,20 5 1,"When shapeshifting into Cat form the Druid gains 20 energy, when shapeshifting into Bear form the Druid gains 5 rage.","Wolfshead Helm Requires Druid When shapeshifting into Cat form the Druid gains 20 energy, when shapeshifting into Bear form the Druid gains 5 rage.",modules/mod-individual-progression/data/sql/world/base/vanilla_item_changes.sql
item,9449,Manual Crowd Pummeler,use,differs from server,match,13494,13494 effect1=500; 13494 duration=30,13494 duration=30,500,sim/common/tbc/melee_items.go:15,,35 500 30,Increases your haste rating by $s1 for $d1.,Haste Instant Requires level 35 Increases your haste rating by 500 for 30 sec.,modules/mod-individual-progression/data/sql/world/base/vanilla_item_changes.sql
item,11815,Hand of Justice,equip,differs from server,manual: no values a tooltip shows,15600 > 15601,15600 proc chance=2; 15600 ppm=1; 15600 proc cooldown=2,15600 ppm=1,2 0.013333,sim/common/tbc/melee_trinkets.go:26 sim/common/tbc/melee_trinkets.go:44,,60 1 2 60,Chance on melee hit to gain 1 extra attack.,Hand of Justice Requires level 60 Chance on melee hit to gain 1 extra attack. (2s cooldown),
item,12590,Felstriker,chance on hit,matches server,differs,16551,16551 effect1=100; 16551 effect2=100; 16551 duration=3; item 12590 ppm=1,,1 100 3,sim/common/tbc/melee_items.go:353 sim/common/tbc/melee_items.go:356 sim/common/tbc/melee_items.go:359,16551 effect1=100; 16551 effect2=100,60 3,All attacks are guaranteed to land and will be critical strikes for the next $d.,Felstriker Melee Range Instant Requires Mage Requires level 60 All attacks are guaranteed to land and will be critical strikes for the next 3 sec.,modules/mod-individual-progression/data/sql/world/base/vanilla_item_changes.sql
item,19019,"Thunderfury, Blessed Blade of the Windseeker",chance on hit,differs from server,match,21992 > 27648,21992 effect1=25; 21992 effect2=300; 21992 duration=12; item 19019 ppm=8; 27648 effect1=20; 27648 duration=12,item 19019 ppm=8; 27648 effect1=20,6 1 0.5 300 12 25 5 2 63 0,sim/common/tbc/melee_items.go:22 sim/common/tbc/melee_items.go:25 sim/common/tbc/melee_items.go:28,,63 300 25 5 20 12 63,"Blasts your enemy with lightning, dealing $s2 Nature damage and then jumping to additional nearby enemies.  Each jump reduces that victim's Nature resistance by $s1. Affects $x1 targets. Your primary target is also consumed by a cyclone, slowing its attack speed by $27648s1% for $d.","Thunderfury Melee Range Instant Requires level 63 Blasts your enemy with lightning, dealing 300 Nature damage and then jumping to additional nearby enemies. Each jump reduces that victim's Nature resistance by 25. Affects 5 targets. Your primary target is also consumed by a cyclone, slowing its attack speed by 20% for 12 sec.",modules/mod-individual-progression/data/sql/world/base/vanilla_item_changes.sql
item,20966,Jade Pendant of Blasting,use,differs from server (not registered),match,25607,25607 effect1=15; 25607 effect2=15; item 20966 cooldown=1.5,25607 effect1=15; 25607 effect2=15; item 20966 cooldown=1.5,,sim/core/constants.go:30,,1 15 30,Increases spell power of all nearby party members by $M1 for $d.,Jade Pendant of Blasting Instant Requires level 1 Increases spell power of all nearby party members by 15 for 30 min.,
item,21625,Scarab Brooch,use,matches server,match,26467 > 13567,26467 duration=30; item 21625 cooldown=180,,26470 1 30 0.15 180 3,sim/common/tbc/caster_trinkets.go:23 sim/common/tbc/caster_trinkets.go:25 sim/common/tbc/caster_trinkets.go:46,,15 30,Your magical heals provide the target with a shield that absorbs damage for up to 15% of the amount healed for $d.,Persistent Shield Instant Requires Mage Your magical heals provide the target with a shield that absorbs damage for up to 15% of the amount healed for 30 sec.,
item,21685,Petrified Scarab,use,matches server,match,26463 > 26465 > 29286,26463 duration=60; item 21685 cooldown=180,,10 26464 60 0 180,sim/common/wotlk/other_effects.go:1044 sim/common/wotlk/other_effects.go:1067,,100 1 10,"Increases your spell resistances by 100 for $d. Every time a hostile spell lands on you, this bonus is reduced by 10 resistance.","Mercurial Shield Instant Increases your spell resistances by 100 for 1 min. Every time a hostile spell lands on you, this bonus is reduced by 10 resistance.",
item,23565,Embrace of the Twisting Nether,use,not in sim Go,match,34518,34518 duration=6; item 23565 cooldown=1800,,,,,25 30 6,"You are protected from all physical attacks for $d, but cannot attack or use physical abilities.","Nether Protection 25 Mana 30 yd range Instant Requires Paladin You are protected from all physical attacks for 6 sec, but cannot attack or use physical abilities.",modules/mod-individual-progression/data/sql/world/base/tbc_item_changes.sql
item,24114,Braided Eternium Chain,equip,matches server,match,33488,33488 effect1=5,,5,sim/common/tbc/melee_items.go:104 sim/core/constants.go:27 sim/core/character.go:417,,5,+$s1 Weapon Damage.,Weapon Damage +5 Weapon Damage.,
item,24114,Braided Eternium Chain,use,differs from server,match,31025,31025 effect1=28; item 24114 cooldown=3600,31025 effect1=28; item 24114 cooldown=3600,5,sim/common/tbc/melee_items.go:104 sim/core/constants.go:27 sim/core/character.go:417 sim/druid/wrath.go:9,,48 28 30,Increases the critical strike rating of nearby party members by $s1 for $d.,Braided Eternium Chain Instant Requires level 48 Increases the critical strike rating of nearby party members by 28 for 30 min.,
item,28485,Bulwark of the Ancient Kings,use,not in sim Go,differs,34511,34511 effect1=1500; 34511 effect2=150; 34511 effect3=30; 34511 duration=15; item 28485 cooldown=1800,,,,34511 effect3=30,1 20 1500 150 15,Temporarily Increases Health by $s1 and Strength by $s2 for $d.,Valor Instant 1 sec cooldown Requires level 20 Temporarily Increases Health by 1500 and Strength by 150 for 15 sec.,
item,28830,Dragonspine Trophy,equip,differs from server,match,34774 > 34775,34774 ppm=1.5; 34774 proc cooldown=20; 34775 effect1=325; 34775 duration=10,34774 ppm=1.5,325 10 20 1,sim/common/tbc/melee_trinkets.go:70 sim/common/tbc/melee_trinkets.go:72,,60 325 10 20 60 325,Your melee and ranged attacks have a chance to increase your haste rating by $34775s1 for $34775d1.,Magtheridon Melee Trinket Requires level 60 Your melee and ranged attacks have a chance to increase your haste rating by 325 for 10 sec. (20s cooldown),
item,29297,Band of the Eternal Defender,equip,matches server,match,35077 > 35078,35077 proc chance=3; 35077 proc cooldown=60; 35078 effect1=800; 35078 duration=10,,0.03 800 10 60,sim/common/tbc/melee_items.go:108 sim/common/tbc/melee_items.go:112,,60 800 10 3 1 30 60 800 10,When struck in combat has a chance of increasing your armor by $35078s1 for $35078d.,"Band of the Eternal Defender Requires level 60 When struck in combat has a chance of increasing your armor by 800 for 10 sec. (Proc chance: 3%, 1m cooldown)",
item,29301,Band of the Eternal Champion,equip,matches server,match,35080 > 35081,35080 ppm=1; 35080 proc cooldown=60; 35081 effect1=160; 35081 effect2=160; 35081 duration=10,,160 10 1 60,sim/common/tbc/melee_items.go:140 sim/common/tbc/melee_items.go:143,,60 160 10 1 160 10,Chance on hit to increase your attack power by 160 for 10 seconds.,Band of the Eternal Champion Requires level 60 Chance on hit to increase your attack power by 160 for 10 seconds. (1m cooldown),
item,29305,Band of the Eternal Sage,equip,matches server,match,35083 > 35084,35083 proc chance=10; 35083 proc cooldown=60; 35084 effect1=95; 35084 effect2=95; 35084 duration=10,,95 10 60 0.1,sim/common/tbc/caster_items.go:15 sim/common/tbc/caster_items.go:17,,60 95 10 1 40 95 10,Your offensive spells have a chance on hit to increase your spell power by 95 for 10 secs.,"Band of the Eternal Sage Requires level 60 Your offensive spells have a chance on hit to increase your spell power by 95 for 10 secs. (Proc chance: 10%, 1m cooldown)",modules/mod-individual-progression/data/sql/world/base/tbc_item_changes.sql
item,29309,Band of the Eternal Restorer,equip,not in sim Go,match,35086 > 35087,35086 proc chance=10; 35086 proc cooldown=60; 35087 effect1=93; 35087 effect2=93; 35087 duration=10,,,,,60 93 10 1 40 93 10,Your healing and damage spells have a chance to increase your spell power by 93 for 10 secs.,"Band of the Eternal Restorer Requires level 60 Your healing and damage spells have a chance to increase your spell power by 93 for 10 secs. (Proc chance: 10%, 1m cooldown)",
item,29383,Bloodlust Brooch,use,matches server,match,35166,35166 effect1=278; 35166 effect2=278; 35166 duration=20; item 29383 cooldown=120,,278 20 120 2,sim/common/tbc/melee_trinkets.go:14,,278 20,Increases attack power by $s1 for $d.,Lust for Battle Instant Increases attack power by 278 for 20 sec.,
item,29387,Gnomeregan Auto-Blocker 600,use,matches server,match,35169,35169 effect1=200; 35169 duration=40; item 29387 cooldown=120,,200 40 120 2,sim/common/tbc/melee_trinkets.go:20,,200 40,Increases the block value of your shield by $s1 for $d.,Gnome Ingenuity Instant Increases the block value of your shield by 200 for 40 sec.,modules/mod-individual-progression/data/sql/world/base/tbc_item_changes.sql
item,29996,Rod of the Sun King,chance on hit,differs from server,differs,36070,36070 effect1=10; 36070 effect2=50; item 29996 ppm=6,36070 effect2=50; item 29996 ppm=6,1 5 10,sim/common/tbc/melee_items.go:174 sim/common/tbc/melee_items.go:177 sim/common/tbc/melee_items.go:180,36070 effect2=50,1 60 10 5,Chance on melee attack to gain 10 Energy or 5 Rage.,Power of the Sun King Rank 1 Instant Requires level 60 Chance on melee attack to gain 10 Energy or 5 Rage.,
item,30311,Warp Slicer,chance on hit,not in sim Go,match,36479,36479 effect1=50; 36479 effect2=20; 36479 duration=30; item 30311 ppm=1,,,,,70 50 20 30,"Increases your movement speed by $s1%, and your melee attack speed by $s2% for $d.","Speed Infusion Instant Requires level 70 Increases your movement speed by 50%, and your melee attack speed by 20% for 30 sec.",
item,30312,Infinity Blade,chance on hit,not in sim Go,match,36478,36478 effect2=5; 36478 duration=30; item 30312 ppm=60,,,,,70 5 30,"Increases magical damage taken by the target by $s2%, and dispels Prince Kael'thas' Mind Control when a melee ability lands. Can be applied up to 5 times. Lasts $d.","Magic Disruption Melee Range Instant Requires level 70 Increases magical damage taken by the target by 5%, and dispels Prince Kael'thas' Mind Control when a melee ability lands. Can be applied up to 5 times. Lasts 30 sec.",
item,30313,Staff of Disintegration,equip,not in sim Go,match,44917,44917 effect1=1459,,,,,1459,"Increases attack power by $s1 in Cat, Bear, Dire Bear, and Moonkin forms only.","Attack Power - Feral (+1459) Requires Cat Form, Bear Form, Dire Bear Form, Moonkin Form Increases attack power by 1459 in Cat, Bear, Dire Bear, and Moonkin forms only.",modules/mod-individual-progression/data/sql/world/base/tbc_item_changes.sql
item,30313,Staff of Disintegration,use,not in sim Go,manual: no numeric values (scripted spell),36480,,,,,,70 30,"Places a mental protection field on friendly targets within $a1 yards, granting immunity to Stun, Silence, and Disorient effects.","Mental Protection Field Instant Requires level 70 Places a mental protection field on friendly targets within 30 yards, granting immunity to Stun, Silence, and Disorient effects.",modules/mod-individual-progression/data/sql/world/base/tbc_item_changes.sql
item,30314,Phaseshift Bulwark,use,not in sim Go,match,36481,36481 effect1=100000; 36481 duration=4; item 30314 cooldown=30,,,,,100000 4,"Shields the caster, absorbing $s1 damage and making the caster immune to Fear and Snare effects for $d.","Arcane Barrier Instant Shields the caster, absorbing 100000 damage and making the caster immune to Fear and Snare effects for 4 sec.",modules/mod-individual-progression/data/sql/world/base/tbc_item_changes.sql
item,30316,Devastation,chance on hit,not in sim Go,match,36479,36479 effect1=50; 36479 effect2=20; 36479 duration=30,,,,,70 50 20 30,"Increases your movement speed by $s1%, and your melee attack speed by $s2% for $d.","Speed Infusion Instant Requires level 70 Increases your movement speed by 50%, and your melee attack speed by 20% for 30 sec.",
item,30317,Cosmic Infuser,equip,not in sim Go,match,36488 > 36483,36483 effect1=50; 36483 duration=30,,,,,100 70 50 30 100 70,Friendly targets of the caster's heals gain an effect that reduces the damage taken by Fire and Shadow spells by $36483s1% for $36483d.,Infernal Protection 100 yd range Requires level 70 Friendly targets of the caster's heals gain an effect that reduces the damage taken by Fire and Shadow spells by 50% for 30 sec.,modules/mod-individual-progression/data/sql/world/base/tbc_item_changes.sql
item,30318,Netherstrand Longbow,equip,not in sim Go,match,36413,36413 effect1=50,,,,,50,Increases your ranged weapon critical strike damage bonus by $s1%.,Mortal Shots Requires Hunter Increases your ranged weapon critical strike damage bonus by 50%.,
item,30318,Netherstrand Longbow,use,not in sim Go,manual: no numeric values (scripted spell),36412,,,,,,1,Summons a bundle of Nether Spikes for use as ammo.,Summon Nether Spikes Instant Requires Mage Requires level 1 Summons a bundle of Nether Spikes for use as ammo.,
item,30318,Netherstrand Longbow,chance on hit,not in sim Go,match,36482,36482 effect1=5; 36482 duration=30; item 30318 ppm=5,,,,,100 70 5 30,Increases Physical damage taken by the target by $s1%. Can be applied up to 5 times. Lasts $d.,Armor Disruption 100 yd range Instant Requires level 70 Increases Physical damage taken by the target by 5%. Can be applied up to 5 times. Lasts 30 sec.,
item,30627,Tsunami Talisman,equip,matches server,match,42083 > 42084,42083 proc chance=10; 42083 proc cooldown=45; 42084 effect1=340; 42084 effect2=340; 42084 duration=10,,340 10 0.1 45,sim/common/tbc/melee_trinkets.go:103 sim/common/tbc/melee_trinkets.go:105,,60 340 10 45 340 10,Chance on critical hit to increase your attack power by 340 for 10 secs.,"Fury of the Crashing Waves Requires level 60 Chance on critical hit to increase your attack power by 340 for 10 secs. (Proc chance: 10%, 45s cooldown)",
item,30720,Serpent-Coil Braid,equip,differs from server (not registered),differs,37447,37447 effect1=25; 37447 effect2=100,37447 effect1=25; 37447 effect2=100,225 15,sim/mage/mana_gems.go:22 sim/mage/mana_gems.go:23,37447 effect2=100,25 225 15,"You gain $s1% more mana when you use a mana gem.  In addition, using a mana gem grants you $37445s1 spell power for $37445d.","Improved Mana Gems Requires Mage You gain 25% more mana when you use a mana gem. In addition, using a mana gem grants you 225 spell power for 15 sec.",modules/mod-individual-progression/data/sql/world/base/tbc_item_changes.sql
item,30883,Pillar of Ferocity,equip,not in sim Go,match,44916,44916 effect1=1059,,,,,1059,"Increases attack power by $s1 in Cat, Bear, Dire Bear, and Moonkin forms only.","Attack Power - Feral (+1059) Requires Cat Form, Bear Form, Dire Bear Form, Moonkin Form Increases attack power by 1059 in Cat, Bear, Dire Bear, and Moonkin forms only.",modules/mod-individual-progression/data/sql/world/base/tbc_item_changes.sql
item,30892,Beast-tamer's Shoulders,equip,differs from server,differs,27206 > 27205,27205 effect1=3; 27205 duration=4,27205 duration=4,1.03 2,sim/common/tbc/other_items.go:9,27205 duration=4,3 100 3,Increases damage dealt by your pet by 3%.,Increased Pet Damage +3% Increases damage dealt by your pet by 3%.,
item,30892,Beast-tamer's Shoulders,equip,differs from server,differs,27043 > 27042,27042 effect1=2; 27042 duration=4,27042 duration=4,1.03 2,sim/common/tbc/other_items.go:9,27042 duration=4,2 100 2,Increases your pet's critical strike chance by 2%.,Increased Pet Crit +2% Increases your pet's critical strike chance by 2%.,
item,31193,Blade of Unquenched Thirst,chance on hit,matches server,match,24585,24585 effect1=54; 24585 effect1 min=48; item 31193 ppm=1,,1 48 54 0.02,sim/common/tbc/melee_items.go:214 sim/common/tbc/melee_items.go:217 sim/common/tbc/melee_items.go:236 sim/common/tbc/melee_items.go:220,,40 45 48 54,Steals $s1 life from target enemy.,Drain Life 40 yd range Instant Requires level 45 Steals 48 to 54 life from target enemy.,
item,32235,Cursed Vision of Sargeras,use,not in sim Go,manual: no values a tooltip shows,47524,item 32235 cooldown=600,,,,,1.5 24,Shows the location of all nearby demons on the minimap until cancelled.  Only one form of tracking can be active at a time.,Sense Demons Instant 1.5 sec cooldown Requires level 24 Shows the location of all nearby demons on the minimap until cancelled. Only one form of tracking can be active at a time.,
item,32257,Idol of the White Stag,equip,matches server,match,41037 > 41038,41038 effect1=94; 41038 effect2=94; 41038 duration=20,,94 20,sim/druid/items.go:326 sim/druid/items.go:329,,94 20 40,Your Mangle ability also increases your attack power by $41038s1 for $41038d.,Mangle AP Buff Requires Druid Your Mangle ability also increases your attack power by 94 for 20 sec.,
item,32262,Syphon of the Nathrezim,chance on hit,matches server,differs,40291 > 40293,40291 duration=6; item 32262 ppm=1; 40293 effect1=20,,1 20 6,sim/common/tbc/melee_items.go:247 sim/common/tbc/melee_items.go:250 sim/common/tbc/melee_items.go:254 sim/common/tbc/melee_items.go:269,40291 duration=6; 40293 effect1=20,,Fills you with fel energy allowing all melee attacks to drain life from opponents.,Siphon Essence Instant Fills you with fel energy allowing all melee attacks to drain life from opponents.,
item,32330,Totem of Ancestral Guidance,equip,matches server (not registered),match,41040,41040 effect1=85,,0 33 55 85 165,sim/shaman/electric_spell.go:12 sim/shaman/electric_spell.go:84,,85,Increases spell power of Chain Lightning and Lightning Bolt by $s1.,Increased Lightning Damage Requires Shaman Increases spell power of Chain Lightning and Lightning Bolt by 85.,
item,32336,Black Bow of the Betrayer,equip,manual: no numeric values,manual: no numeric values (scripted spell),46939 > 18350,,,8,sim/hunter/items.go:23 sim/hunter/items.go:26,,8,On successful ranged attack gain $29471s1 mana and if possible drain $27526s1 mana from the target.,Black Bow of the Betrayer On successful ranged attack gain 8 mana and if possible drain 8 mana from the target.,
item,32368,Tome of the Lightbringer,equip,matches server,match,41042 > 41043,41043 effect1=186; 41043 duration=10,,186 10,sim/paladin/items.go:438 sim/paladin/items.go:440,,186 10 186,Your Judgement ability also increases your shield block value by $41043s1 for $41043d.,Judgement Block Value Requires Paladin Your Judgement ability also increases your shield block value by 186 for 10 sec.,
item,32375,Bulwark of Azzinoth,equip,differs from server,match,40407 > 40408,40407 proc chance=2; 40407 ppm=6; 40408 effect1=2000; 40408 duration=10,40407 ppm=6,0.02 2000 10,sim/common/tbc/melee_items.go:298 sim/common/tbc/melee_items.go:302,,60 2 2000 10 2 1 28 2000,When struck in combat has a 2% chance of increasing your Armor by 2000 for 10 secs.,Illidan Tank Shield Requires level 60 When struck in combat has a 2% chance of increasing your Armor by 2000 for 10 secs. (Proc chance: 2%),modules/mod-individual-progression/data/sql/world/base/tbc_item_changes.sql
item,32387,Idol of the Raven Goddess,equip,differs from server,match,39926,39926 effect1=44; 39926 effect2=40; 39926 effect3=40,39926 effect1=44,40,sim/druid/items.go:394,,44 40,"Increases your healing spell power while in Tree of Life form by $s1, your $s2 critical strike rating to while giving Leader of the Pack aura, and your $s3 spell critical strike rating while giving Moonkin form aura.","Improved Party Auras Requires Druid Increases your healing spell power while in Tree of Life form by 44, your 40 critical strike rating to while giving Leader of the Pack aura, and your 40 spell critical strike rating while giving Moonkin form aura.",modules/mod-individual-progression/data/sql/world/base/tbc_item_changes.sql
item,32471,Shard of Azzinoth,chance on hit,not in sim Go,differs,40393,40393 duration=15,,,,40393 duration=15,50 70,Calls forth an Ember of Azzinoth to protect you in battle for a short period of time.,Embers of Azzinoth 50 Mana Instant Requires level 70 Calls forth an Ember of Azzinoth to protect you in battle for a short period of time.,
item,32483,The Skull of Gul'dan,use,matches server,match,40396,40396 effect1=175; 40396 duration=20; item 32483 cooldown=120,,175 20 120 2,sim/common/tbc/caster_trinkets.go:13,,60 175 20,"Tap into the power of the skull, increasing haste rating by $s1 for $d1.","Fel Infusion Instant Requires level 60 Tap into the power of the skull, increasing haste rating by 175 for 20 sec.",modules/mod-individual-progression/data/sql/world/base/tbc_item_changes.sql
item,32485,Ashtongue Talisman of Valor,equip,not in sim Go,match,40458 > 40459,40458 proc chance=25; 40459 effect1=330; 40459 effect2=55; 40459 duration=12,,,,,6 25 330 55 12 25 101 330 55 12,"Your Mortal Strike, Bloodthirst, and Shield Slam attacks have a $h% chance to heal you for $40459s1 and grant $40459s2 Strength for $40459d.","Warrior Tier 6 Trinket Requires Warrior Your Mortal Strike, Bloodthirst, and Shield Slam attacks have a 25% chance to heal you for 330 and grant 55 Strength for 12 sec. (Proc chance: 25%)",
item,32486,Ashtongue Talisman of Equilibrium,equip,manual: no numeric values,manual: no numeric values (scripted spell),40442,,,150 8 140 0.25 0.4,sim/druid/items.go:290 sim/druid/items.go:296,,6 40 140 8 25 150 8 25 112 8,"Mangle has a 40% chance to grant $40452s1 Strength for $40452d, Starfire has a 25% chance to grant $40445s1 spell power for $40445d, and Rejuvenation has a 25% chance to grant  $40446s1 spell power for $40446d.","Druid Tier 6 Trinket Requires Druid Mangle has a 40% chance to grant 140 Strength for 8 sec, Starfire has a 25% chance to grant 150 spell power for 8 sec, and Rejuvenation has a 25% chance to grant 112 spell power for 8 sec.",
item,32487,Ashtongue Talisman of Swiftness,equip,matches server,match,40485 > 40487,40485 proc chance=15; 40487 effect1=275; 40487 effect2=275; 40487 duration=8,,275 8 0.15,sim/hunter/items.go:43 sim/hunter/items.go:46,,6 15 275 8 15 101 275 8,Your Steady Shot has a $h% chance to grant you $40487s1 attack power for $40487d.,Hunter Tier 6 Trinket Requires Hunter Your Steady Shot has a 15% chance to grant you 275 attack power for 8 sec. (Proc chance: 15%),
item,32488,Ashtongue Talisman of Insight,equip,not in sim Go,match,40482 > 40483,40482 proc chance=50; 40483 effect1=145; 40483 duration=5,,,,,6 50 145 5 50 145,Your spell critical strikes have a 50% chance to grant you $40483s1 spell haste rating for $40483d.,Mage Tier 6 Trinket Your spell critical strikes have a 50% chance to grant you 145 spell haste rating for 5 sec. (Proc chance: 50%),
item,32489,Ashtongue Talisman of Zeal,equip,manual: no numeric values,manual: no numeric values (scripted spell),40470,,,1 4 2 480 0.5,sim/paladin/items.go:492 sim/paladin/items.go:497,,6 15 760 12 50 480 8,"Flash of Light and Holy Light have a 15% chance to grant your target $40471o healing over $40471d, and your Judgements have a 50% chance to inflict $40472o damage on their target over $40472d.","Paladin Tier 6 Trinket Requires Paladin Flash of Light and Holy Light have a 15% chance to grant your target 760 healing over 12 sec, and your Judgements have a 50% chance to inflict 480 damage on their target over 8 sec.",
item,32490,Ashtongue Talisman of Acumen,equip,not in sim Go,match,40438,40438 proc chance=10,,,,,6 10 220 10 117 5 10,"Each time your Shadow Word: Pain deals damage, it has a $h% chance to grant you $40441s1 spell power for $40441d and each time your Renew heals, it has a $h% chance to grant you $40440s1 spell power for $40440d.","Priest Tier 6 Trinket Requires Priest Each time your Shadow Word: Pain deals damage, it has a 10% chance to grant you 220 spell power for 10 sec and each time your Renew heals, it has a 10% chance to grant you 117 spell power for 5 sec. (Proc chance: 10%)",
item,32491,Ashtongue Talisman of Vision,equip,not in sim Go,manual: no numeric values (scripted spell),40463,,,,,,6 10 170 15 170 50 275 10,"Lesser Healing Wave has a 10% chance to grant $40465s1 mana, Lightning Bolt has a 15% chance to grant up to $40465s1 mana, and Stormstrike has a 50% chance to grant up to $40466s1 attack power for $40466d.","Shaman Tier 6 Trinket Requires Shaman Lesser Healing Wave has a 10% chance to grant 170 mana, Lightning Bolt has a 15% chance to grant up to 170 mana, and Stormstrike has a 50% chance to grant up to 275 attack power for 10 sec.",
item,32492,Ashtongue Talisman of Lethality,equip,matches server,match,40460 > 40461,40461 effect1=145; 40461 duration=10,,145 10 0 0.2,sim/rogue/items.go:150 sim/rogue/items.go:152,,6 20 145 10 145,20% chance per combo point for your finishing moves to grant $40461s1 critical strike rating for $40461d.,Rogue Tier 6 Trinket Requires Rogue 20% chance per combo point for your finishing moves to grant 145 critical strike rating for 10 sec.,
item,32493,Ashtongue Talisman of Shadows,equip,matches server,match,40478 > 40480,40478 proc chance=20; 40480 effect1=220; 40480 duration=5,,220 5 0.2,sim/warlock/items.go:236 sim/warlock/items.go:238,,6 20 220 5 20 220,"Each time your Corruption deals damage, it has a $h% chance to grant you $40480s1 spell power for $40480d.","Warlock Tier 6 Trinket Requires Warlock Each time your Corruption deals damage, it has a 20% chance to grant you 220 spell power for 5 sec. (Proc chance: 20%)",
item,32496,Memento of Tyrande,equip,not in sim Go,match,37655 > 37656,37655 proc chance=10; 37655 proc cooldown=50; 37656 effect1=95; 37656 duration=15,,,,,95 5 15 10 50,"Each time you cast a spell, there is chance you will gain up to $37656s1 mana per 5 for $37656d.","Bonus Mana Regen Requires Paladin Each time you cast a spell, there is chance you will gain up to 95 mana per 5 for 15 sec. (Proc chance: 10%, 50s cooldown)",
item,32500,Crystal Spire of Karabor,equip,not in sim Go,match,40971 > 40972,40972 effect1=220; 40972 effect1 min=180,,,,,50 180 220 100 30 180 220,"If your target is below $s1% health, your direct healing spells will cause your target to be healed for an additional $40972s1 health.","Bonus Healing Requires Paladin If your target is below 50% health, your direct healing spells will cause your target to be healed for an additional 180 to 220 health.",modules/mod-individual-progression/data/sql/world/base/tbc_item_changes.sql
item,32501,Shadowmoon Insignia,use,matches server,match,40464,40464 effect1=1750; 40464 duration=20; item 32501 cooldown=180,,1750 20 180 3,sim/common/tbc/melee_trinkets.go:21,,1750 20,Increases your maximum health by $s1 for $d1.,Protector's Vigor Instant Increases your maximum health by 1750 for 20 sec.,
item,32505,Madness of the Betrayer,equip,differs from server,match,40475 > 40477,40475 ppm=3; 40477 effect1=42; 40477 duration=10,40475 ppm=3,42 10 1,sim/common/tbc/melee_trinkets.go:139 sim/common/tbc/melee_trinkets.go:141,,60 42 10 30 60 42,Your melee and ranged attacks have a chance to increase your armor penetration rating by 42 for 10 secs.,Black Temple Melee Trinket Requires level 60 Your melee and ranged attacks have a chance to increase your armor penetration rating by 42 for 10 secs.,
item,32589,Hellfire-Encased Pendant,equip,not in sim Go,match,17885,17885 effect1=51,,,,,51,Increases fire spell power by $s1.,Increase Fire Dam 51 Increases fire spell power by 51.,modules/mod-individual-progression/data/sql/world/base/tbc_item_changes.sql
item,32590,Nethervoid Cloak,equip,not in sim Go,match,18027,18027 effect1=53,,,,,53,Increases shadow spell power by $s1.,Increase Shadow Dam 53 Increases shadow spell power by 53.,modules/mod-individual-progression/data/sql/world/base/tbc_item_changes.sql
item,32658,Badge of Tenacity,use,matches server,match,40729,40729 effect1=150; 40729 duration=20; item 32658 cooldown=120,,150 20 120 2,sim/common/tbc/melee_trinkets.go:15,,40 150 20,Increases agility by $s1 for $d.,Heightened Reflexes 40 yd range Instant Increases agility by 150 for 20 sec.,
item,32757,Blessed Medallion of Karabor,use,not in sim Go,manual: no values a tooltip shows,41234,item 32757 cooldown=900,,,,,10 20,Teleports the bearer to the footsteps of Illidan's fortress.,Teleport: Black Temple 10 sec cast Requires Mage Requires level 20 Teleports the bearer to the footsteps of Illidan's fortress.,
item,33504,Libram of Divine Purpose,equip,not in sim Go,differs,43743,43743 effect1=94; 43743 effect2=68,,,,43743 effect2=68,94,Increases the spell power of your Seal of Righteousness and Judgement of Righteousness abilities by $s1.,Improved Seal of Righteousness Requires Paladin Increases the spell power of your Seal of Righteousness and Judgement of Righteousness abilities by 94.,
item,33506,Skycall Totem,equip,differs from server,match,43750 > 43751,43750 proc chance=15; 43750 proc cooldown=30; 43751 effect1=100; 43751 duration=10,43751 effect1=100,101 10 30 49238 0.15,sim/shaman/items.go:68 sim/shaman/items.go:70,,100 10 15 30 50 100,Your Lightning Bolt spell has a chance to grant $43751s1 haste rating for $43751d.,"Energized Requires Shaman Your Lightning Bolt spell has a chance to grant 100 haste rating for 10 sec. (Proc chance: 15%, 30s cooldown)",
item,33507,Stonebreaker's Totem,equip,matches server,match,43748 > 43749,43748 proc chance=50; 43748 proc cooldown=10; 43749 effect1=110; 43749 duration=10,,110 10 0.5,sim/shaman/items.go:95 sim/shaman/items.go:97,,110 10 50 10 50,Your Shock spells have a chance to grant $43749s1 attack power for $43749d.,"Elemental Strength Requires Shaman Your Shock spells have a chance to grant 110 attack power for 10 sec. (Proc chance: 50%, 10s cooldown)",
item,33508,Idol of Budding Life,equip,not in sim Go,match,43736,43736 effect1=36,,,,,36,Reduces the mana cost of Rejuvenation by $s1.,Reduced Rejuvenation Cost Requires Druid Reduces the mana cost of Rejuvenation by 36.,
item,33510,Idol of the Unseen Moon,equip,matches server,match,43739 > 43740,43739 proc chance=50; 43740 effect1=140; 43740 effect2=140; 43740 duration=10,,140 10 0.5,sim/druid/items.go:341 sim/druid/items.go:344,,140 10 50,Your Moonfire ability has a chance to grant $43740s1 spell power for $43740d.,Lunar Grace Requires Druid Your Moonfire ability has a chance to grant 140 spell power for 10 sec. (Proc chance: 50%),
item,33665,Vengeful Gladiator's Chain Gauntlets,equip,not in sim Go,match,28539,28539 effect1=5,,,,,5,Increases the damage done by your Multi-Shot by $s1%.,Multi-Shot Damage Increase Requires Hunter Increases the damage done by your Multi-Shot by 5%.,
item,33671,Vengeful Gladiator's Dragonhide Gloves,equip,not in sim Go,differs,44835,44835 effect1=100,,,,44835 effect1=100,3,Causes your Maim ability to interrupt spellcasting and prevent any spell in that school from being cast for $32747d.,Maim Interrupt Requires Druid Causes your Maim ability to interrupt spellcasting and prevent any spell in that school from being cast for 3 sec.,modules/mod-individual-progression/data/sql/world/base/tbc_item_changes.sql
item,33676,Vengeful Gladiator's Dreadweave Gloves,equip,not in sim Go,match,33063,33063 effect1=50,,,,,50,Reduces the pushback suffered from damaging attacks while casting Fear by $s1%.,Fear Cast Pushback Reduction Requires Warlock Reduces the pushback suffered from damaging attacks while casting Fear by 50%.,
item,33684,Vengeful Gladiator's Felweave Handguards,equip,not in sim Go,match,33063,33063 effect1=50,,,,,50,Reduces the pushback suffered from damaging attacks while casting Fear by $s1%.,Fear Cast Pushback Reduction Requires Warlock Reduces the pushback suffered from damaging attacks while casting Fear by 50%.,modules/mod-individual-progression/data/sql/world/base/tbc_item_changes.sql
item,33690,Vengeful Gladiator's Kodohide Gloves,equip,not in sim Go,differs,33830,33830 effect1=100; 33830 effect2=100,,,,33830 effect1=100; 33830 effect2=100,0.1,Reduces the cast time of your Cyclone spell by $/1000;S1 sec.,Cyclone Cast Time Decrease Requires Druid Reduces the cast time of your Cyclone spell by 0.1 sec.,
item,33696,Vengeful Gladiator's Lamellar Gauntlets,equip,not in sim Go,match,38522,38522 effect1=2,,,,,2,Increases the critical effect chance of your Flash of Light by $s1%.,Increased Flash of Light Crit Chance Requires Paladin Increases the critical effect chance of your Flash of Light by 2%.,modules/mod-individual-progression/data/sql/world/base/tbc_item_changes.sql
item,33700,Vengeful Gladiator's Leather Gloves,equip,not in sim Go,differs,32748,32748 effect1=100,,,,32748 effect1=100,5 1 3,Causes your Deadly Throw ability to interrupt spellcasting and prevent any spell in that school from being cast for $32747d.,Deadly Throw Interrupt Rank 5 Requires Rogue Requires level 1 Causes your Deadly Throw ability to interrupt spellcasting and prevent any spell in that school from being cast for 3 sec.,modules/mod-individual-progression/data/sql/world/base/tbc_item_changes.sql
item,33707,Vengeful Gladiator's Linked Gauntlets,equip,not in sim Go,match,32973,32973 effect1=5,,,,,1 5,Improves the range of your Shock and Wind Shear spells by $s1 yards.,Shaman Shock Range Bonus Rank 1 Requires Shaman Improves the range of your Shock and Wind Shear spells by 5 yards.,modules/mod-individual-progression/data/sql/world/base/tbc_item_changes.sql
item,33712,Vengeful Gladiator's Mail Gauntlets,equip,not in sim Go,match,32973,32973 effect1=5,,,,,1 5,Improves the range of your Shock and Wind Shear spells by $s1 yards.,Shaman Shock Range Bonus Rank 1 Requires Shaman Improves the range of your Shock and Wind Shear spells by 5 yards.,modules/mod-individual-progression/data/sql/world/base/tbc_item_changes.sql
item,33716,Vengeful Gladiator's Staff,equip,not in sim Go,match,44887,44887 effect1=1110,,,,,1110,"Increases attack power by $s1 in Cat, Bear, Dire Bear, and Moonkin forms only.","Attack Power - Feral (+1110) Requires Cat Form, Bear Form, Dire Bear Form, Moonkin Form Increases attack power by 1110 in Cat, Bear, Dire Bear, and Moonkin forms only.",modules/mod-individual-progression/data/sql/world/base/tbc_item_changes.sql
item,33717,Vengeful Gladiator's Mooncloth Gloves,equip,not in sim Go,differs,44297,44297 effect1=3000,,,,44297 effect1=3000,3,Reduces the cooldown of your Psychic Scream ability by ${$m1/-1000} sec.,Improved Psychic Scream Requires Priest Reduces the cooldown of your Psychic Scream ability by 3 sec.,
item,33723,Vengeful Gladiator's Ornamented Gloves,equip,not in sim Go,match,38522,38522 effect1=2,,,,,2,Increases the critical effect chance of your Flash of Light by $s1%.,Increased Flash of Light Crit Chance Requires Paladin Increases the critical effect chance of your Flash of Light by 2%.,modules/mod-individual-progression/data/sql/world/base/tbc_item_changes.sql
item,33729,Vengeful Gladiator's Plate Gauntlets,equip,not in sim Go,differs,22778,22778 effect1=30,,,,22778 effect1=30,1 3,Reduces the rage cost of your Hamstring ability by $/10;s1.,Hamstring Rage Reduction Rank 1 Requires Warrior Reduces the rage cost of your Hamstring ability by 3.,
item,33739,Vengeful Gladiator's Ringmail Gauntlets,equip,not in sim Go,match,32973,32973 effect1=5,,,,,1 5,Improves the range of your Shock and Wind Shear spells by $s1 yards.,Shaman Shock Range Bonus Rank 1 Requires Shaman Improves the range of your Shock and Wind Shear spells by 5 yards.,modules/mod-individual-progression/data/sql/world/base/tbc_item_changes.sql
item,33744,Vengeful Gladiator's Satin Gloves,equip,not in sim Go,differs,44297,44297 effect1=3000,,,,44297 effect1=3000,3,Reduces the cooldown of your Psychic Scream ability by ${$m1/-1000} sec.,Improved Psychic Scream Requires Priest Reduces the cooldown of your Psychic Scream ability by 3 sec.,
item,33750,Vengeful Gladiator's Scaled Gauntlets,equip,not in sim Go,match,44300,44300 effect1=5,,,,,5,Increases the damage dealt by your Crusader Strike ability by $s1%.,Improved Crusader Strike Requires Paladin Increases the damage dealt by your Crusader Strike ability by 5%.,
item,33759,Vengeful Gladiator's Silk Handguards,equip,not in sim Go,match,44301,44301 effect1=50,,,,,50,Reduces the pushback suffered from damaging attacks while casting Polymorph by $s1%.,Improved Polymorph Requires Mage Reduces the pushback suffered from damaging attacks while casting Polymorph by 50%.,modules/mod-individual-progression/data/sql/world/base/tbc_item_changes.sql
item,33767,Vengeful Gladiator's Wyrmhide Gloves,equip,not in sim Go,differs,33830,33830 effect1=100; 33830 effect2=100,,,,33830 effect1=100; 33830 effect2=100,0.1,Reduces the cast time of your Cyclone spell by $/1000;S1 sec.,Cyclone Cast Time Decrease Requires Druid Reduces the cast time of your Cyclone spell by 0.1 sec.,modules/mod-individual-progression/data/sql/world/base/tbc_item_changes.sql
item,33829,Hex Shrunken Head,use,matches server,match,43712,43712 effect1=211; 43712 effect2=211; 43712 duration=20; item 33829 cooldown=120,,211 20 120 2,sim/common/tbc/caster_trinkets.go:14,,211 20,Increases spell power by $s2 for $d.,Mojo Madness Instant Increases spell power by 211 for 20 sec.,
item,33831,Berserker's Call,use,matches server,match,43716,43716 effect1=360; 43716 effect2=360; 43716 duration=20; item 33831 cooldown=120,,360 20 120 2,sim/common/tbc/melee_trinkets.go:16,,360 20,Increases attack power by $s1 for $d.,Call of the Berserker Instant Increases attack power by 360 for 20 sec.,
item,33841,Vengeful Gladiator's Idol of Tenacity,equip,not in sim Go,match,43725,43725 effect1=116,,,,,116,Increases the spell power of the final healing value of your Lifebloom by $s1.,Vengeful Idol of Tenacity Requires Druid Increases the spell power of the final healing value of your Lifebloom by 116.,
item,33842,Vengeful Gladiator's Libram of Justice,equip,not in sim Go,match,43726 > 43727,43727 effect1=34; 43727 duration=6,,,,,34 6,Causes your Flash of Light to increase the target's Resilience rating by $43727s1 for $43727d.,Vengeful Libram of Justice Requires Paladin Causes your Flash of Light to increase the target's Resilience rating by 34 for 6 sec.,
item,33843,Vengeful Gladiator's Totem of the Third Wind,equip,not in sim Go,match,43728 > 43729,43729 effect1=34; 43729 duration=6,,,,,34 6,Causes your Lesser Healing Wave to increase the target's Resilience rating by $43729s1 for $43729d.,Vengeful Totem of Third WInd Requires Shaman Causes your Lesser Healing Wave to increase the target's Resilience rating by 34 for 6 sec.,
item,33938,Vengeful Gladiator's Libram of Fortitude,equip,not in sim Go,match,43852 > 43849,43849 effect1=34; 43849 duration=6,,,,,34 6,Your Judgement ability also grants you $43849s1 resilience rating for $43849d.,Vengeful Libram of Fortitude Requires Paladin Your Judgement ability also grants you 34 resilience rating for 6 sec.,
item,33941,Vengeful Gladiator's Totem of Indomitability,equip,not in sim Go,match,43859 > 43849,43849 effect1=34; 43849 duration=6,,,,,34 6,Your Stormstrike ability also grants you $43849s1 resilience rating for $43849d.,Vengeful Totem of Indomitability Requires Shaman Your Stormstrike ability also grants you 34 resilience rating for 6 sec.,
item,33944,Vengeful Gladiator's Idol of Steadfastness,equip,not in sim Go,match,43845 > 43849,43849 effect1=34; 43849 duration=6,,,,,34 6,Your Moonfire ability also grants you $43849s1 resilience rating for $43849d.,Vengeful Idol of Steadfastness Requires Druid Your Moonfire ability also grants you 34 resilience rating for 6 sec.,
item,33947,Vengeful Gladiator's Idol of Resolve,equip,matches server,match,43843 > 43849,43849 effect1=34; 43849 duration=6,,34 6,sim/druid/items.go:512 sim/druid/items.go:514,,34 6,Your Mangle ability also grants you $43849s1 resilience rating for $43849d.,Venegeful Idol of Resolve Requires Druid Your Mangle ability also grants you 34 resilience rating for 6 sec.,
item,33950,Vengeful Gladiator's Libram of Vengeance,equip,not in sim Go,match,43856 > 43849,43849 effect1=34; 43849 duration=6,,,,,34 6,Your Holy Shield ability also grants you $43849s1 resilience rating for $43849d.,Vengeful Libram of Vengeance Requires Paladin Your Holy Shield ability also grants you 34 resilience rating for 6 sec.,
item,33953,Vengeful Gladiator's Totem of Survival,equip,not in sim Go,match,43862 > 43849,43849 effect1=34; 43849 duration=6,,,,,34 6,"Your Earth Shock, Flame Shock, and Frost Shock abilities also grant you $43849s1 resilience rating for $43849d.","Vengeful Totem of Survival Requires Shaman Your Earth Shock, Flame Shock, and Frost Shock abilities also grant you 34 resilience rating for 6 sec.",
item,34198,Stanchion of Primal Instinct,equip,not in sim Go,match,45783,45783 effect1=1197,,,,,1197,"Increases attack power by $s1 in Cat, Bear, Dire Bear, and Moonkin forms only.","Attack Power - Feral (+1197) Requires Cat Form, Bear Form, Dire Bear Form, Moonkin Form Increases attack power by 1197 in Cat, Bear, Dire Bear, and Moonkin forms only.",modules/mod-individual-progression/data/sql/world/base/tbc_item_changes.sql
item,34334,"Thori'dal, the Stars' Fury",equip,differs from server (not registered),match,44972,44972 effect1=15,44972 effect1=15,91.5 67.5 46.5 53 43 32 2.8,sim/hunter/hunter.go:12 sim/hunter/hunter.go:166,,15,Increases ranged attack speed by $s1%. Does not stack with quiver or ammo pouch haste effects.,Legendary Bow Haste Requires Hunter Increases ranged attack speed by 15%. Does not stack with quiver or ammo pouch haste effects.,modules/mod-individual-progression/data/sql/world/base/tbc_item_changes.sql
item,34334,"Thori'dal, the Stars' Fury",equip,manual: no numeric values (not registered),manual: no numeric values (scripted spell),46699,,,91.5 67.5 46.5 53 43 32 2.8,sim/hunter/hunter.go:12 sim/hunter/hunter.go:166,,,Thori'dal generates magical arrows when the bow string is drawn. Does not use ammo.,Requires No Ammo Thori'dal generates magical arrows when the bow string is drawn. Does not use ammo.,modules/mod-individual-progression/data/sql/world/base/tbc_item_changes.sql
item,34353,Quad Deathblow X44 Goggles,equip,not in sim Go,manual: no numeric values (scripted spell),30645,,,,,,,Shows the location of nearby gas clouds on the minimap while the mote extractor remains in your inventory.,Gas Cloud Tracking Shows the location of nearby gas clouds on the minimap while the mote extractor remains in your inventory.,modules/mod-individual-progression/data/sql/world/base/tbc_item_changes.sql
item,34353,Quad Deathblow X44 Goggles,equip,not in sim Go,differs,40273,40273 effect1=5,,,,40273 effect1=5,1,Slightly increases your stealth detection.,Stealth Detection Requires level 1 Slightly increases your stealth detection.,modules/mod-individual-progression/data/sql/world/base/tbc_item_changes.sql
item,34353,Quad Deathblow X44 Goggles,use,not in sim Go,manual: no values a tooltip shows,12883,item 34353 cooldown=3,,,,,100 1 8,Allows you to look far into the distance.,Longsight 100 yd range 1 sec cast Requires level 8 Allows you to look far into the distance.,modules/mod-individual-progression/data/sql/world/base/tbc_item_changes.sql
item,34354,Mayhem Projection Goggles,equip,not in sim Go,manual: no numeric values (scripted spell),30645,,,,,,,Shows the location of nearby gas clouds on the minimap while the mote extractor remains in your inventory.,Gas Cloud Tracking Shows the location of nearby gas clouds on the minimap while the mote extractor remains in your inventory.,modules/mod-individual-progression/data/sql/world/base/tbc_item_changes.sql
item,34354,Mayhem Projection Goggles,equip,not in sim Go,differs,40273,40273 effect1=5,,,,40273 effect1=5,1,Slightly increases your stealth detection.,Stealth Detection Requires level 1 Slightly increases your stealth detection.,modules/mod-individual-progression/data/sql/world/base/tbc_item_changes.sql
item,34354,Mayhem Projection Goggles,use,not in sim Go,manual: no values a tooltip shows,12883,item 34354 cooldown=3,,,,,100 1 8,Allows you to look far into the distance.,Longsight 100 yd range 1 sec cast Requires level 8 Allows you to look far into the distance.,modules/mod-individual-progression/data/sql/world/base/tbc_item_changes.sql
item,34355,Lightning Etched Specs,equip,not in sim Go,manual: no numeric values (scripted spell),30645,,,,,,,Shows the location of nearby gas clouds on the minimap while the mote extractor remains in your inventory.,Gas Cloud Tracking Shows the location of nearby gas clouds on the minimap while the mote extractor remains in your inventory.,modules/mod-individual-progression/data/sql/world/base/tbc_item_changes.sql
item,34355,Lightning Etched Specs,equip,not in sim Go,differs,40273,40273 effect1=5,,,,40273 effect1=5,1,Slightly increases your stealth detection.,Stealth Detection Requires level 1 Slightly increases your stealth detection.,modules/mod-individual-progression/data/sql/world/base/tbc_item_changes.sql
item,34355,Lightning Etched Specs,use,not in sim Go,manual: no values a tooltip shows,12883,item 34355 cooldown=3,,,,,100 1 8,Allows you to look far into the distance.,Longsight 100 yd range 1 sec cast Requires level 8 Allows you to look far into the distance.,modules/mod-individual-progression/data/sql/world/base/tbc_item_changes.sql
item,34356,Surestrike Goggles v3.0,equip,not in sim Go,manual: no numeric values (scripted spell),30645,,,,,,,Shows the location of nearby gas clouds on the minimap while the mote extractor remains in your inventory.,Gas Cloud Tracking Shows the location of nearby gas clouds on the minimap while the mote extractor remains in your inventory.,modules/mod-individual-progression/data/sql/world/base/tbc_item_changes.sql
item,34356,Surestrike Goggles v3.0,equip,not in sim Go,differs,40273,40273 effect1=5,,,,40273 effect1=5,1,Slightly increases your stealth detection.,Stealth Detection Requires level 1 Slightly increases your stealth detection.,modules/mod-individual-progression/data/sql/world/base/tbc_item_changes.sql
item,34356,Surestrike Goggles v3.0,use,not in sim Go,manual: no values a tooltip shows,12883,item 34356 cooldown=3,,,,,100 1 8,Allows you to look far into the distance.,Longsight 100 yd range 1 sec cast Requires level 8 Allows you to look far into the distance.,modules/mod-individual-progression/data/sql/world/base/tbc_item_changes.sql
item,34357,Hard Khorium Goggles,equip,not in sim Go,manual: no numeric values (scripted spell),30645,,,,,,,Shows the location of nearby gas clouds on the minimap while the mote extractor remains in your inventory.,Gas Cloud Tracking Shows the location of nearby gas clouds on the minimap while the mote extractor remains in your inventory.,modules/mod-individual-progression/data/sql/world/base/tbc_item_changes.sql
item,34357,Hard Khorium Goggles,equip,not in sim Go,differs,40273,40273 effect1=5,,,,40273 effect1=5,1,Slightly increases your stealth detection.,Stealth Detection Requires level 1 Slightly increases your stealth detection.,modules/mod-individual-progression/data/sql/world/base/tbc_item_changes.sql
item,34357,Hard Khorium Goggles,use,not in sim Go,manual: no values a tooltip shows,12883,item 34357 cooldown=3,,,,,100 1 8,Allows you to look far into the distance.,Longsight 100 yd range 1 sec cast Requires level 8 Allows you to look far into the distance.,modules/mod-individual-progression/data/sql/world/base/tbc_item_changes.sql
item,34427,Blackened Naaru Sliver,equip,matches server,match,45355 > 45040 > 45041,45355 proc chance=10; 45355 proc cooldown=45; 45040 duration=20; 45041 effect1=44; 45041 effect2=44,,20 10 44 0.1 45,sim/common/tbc/melee_trinkets.go:163 sim/common/tbc/melee_trinkets.go:169,,7 60 44 10 20 10 45 10 44 10 20 44,"Chance on melee or ranged hit to enter a Battle Trance, during which your melee or ranged attacks will each grant $45041s1 attack power, stacking up to 10 times.  Expires after $45040d.","Item - T7 Melee Trinket Base Requires level 60 Chance on melee or ranged hit to enter a Battle Trance, during which your melee or ranged attacks will each grant 44 attack power, stacking up to 10 times. Expires after 20 sec. (Proc chance: 10%, 45s cooldown)",
item,34428,Steely Naaru Sliver,use,not in sim Go,match,45049,45049 effect1=2000; 45049 duration=15; item 34428 cooldown=300,,,,,40 2000 15,Increases maximum health by $s1 for $d.,Tenacity 40 yd range Instant Increases maximum health by 2000 for 15 sec.,
item,34429,Shifting Naaru Sliver,use,differs from server,differs,45042 > 45043,45042 duration=15; item 34429 cooldown=90; 45043 effect1=100; 45043 duration=15,45043 effect1=100,320 15 90,sim/common/tbc/caster_trinkets.go:15,45043 effect1=100,15 320 6 8 70,"Conjures a Power Circle lasting for $d.  While standing in this circle, the caster gains $45044s1 spell power.","Power Circle Instant Conjures a Power Circle lasting for 15 sec. While standing in this circle, the caster gains 320 spell power.",modules/mod-individual-progression/data/sql/world/base/tbc_item_changes.sql
item,34430,Glimmering Naaru Sliver,use,not in sim Go,match,45052,45052 effect1=250; 45052 duration=8; item 34430 cooldown=300,,,,,8 5 20 250 8,Gain $s1 mana each sec. for $d.  Channeled.,Evocation Channeled (8 sec cast) 5 min cooldown Requires level 20 Gain 250 mana each sec. for 8 sec. Channeled.,modules/mod-individual-progression/data/sql/world/base/tbc_item_changes.sql
item,34472,Shard of Contempt,equip,matches server,match,45354 > 45053,45354 proc chance=10; 45354 proc cooldown=45; 45053 effect1=230; 45053 effect2=230; 45053 duration=20,,230 20 45 0.1,sim/common/tbc/melee_trinkets.go:216 sim/common/tbc/melee_trinkets.go:218,,60 230 20 10 45 40 230 20,Chance on hit to increase your attack power by $45053s1 for $45053d.,"Item - Sunwell Dungeon Melee Trinket Requires level 60 Chance on hit to increase your attack power by 230 for 20 sec. (Proc chance: 10%, 45s cooldown)",
item,34473,Commendation of Kael'thas,equip,matches server,match,45057 > 45058,45057 proc cooldown=30; 45058 effect1=152; 45058 duration=10,,152 10 30 0.35,sim/common/tbc/melee_items.go:318 sim/common/tbc/melee_items.go:321,,35 152 10 30 152 10,Melee attacks which reduce you below $s1% health cause you to gain $45058s1 dodge rating for $45058d.  Cannot occur more than once every 30 sec.,Evasive Maneuvers Melee attacks which reduce you below 35% health cause you to gain 152 dodge rating for 10 sec. Cannot occur more than once every 30 sec. (30s cooldown),modules/mod-individual-progression/data/sql/world/base/tbc_item_changes.sql
item,34847,Annihilator Holo-Gogs,equip,not in sim Go,manual: no numeric values (scripted spell),30645,,,,,,,Shows the location of nearby gas clouds on the minimap while the mote extractor remains in your inventory.,Gas Cloud Tracking Shows the location of nearby gas clouds on the minimap while the mote extractor remains in your inventory.,modules/mod-individual-progression/data/sql/world/base/tbc_item_changes.sql
item,34847,Annihilator Holo-Gogs,equip,not in sim Go,differs,40273,40273 effect1=5,,,,40273 effect1=5,1,Slightly increases your stealth detection.,Stealth Detection Requires level 1 Slightly increases your stealth detection.,modules/mod-individual-progression/data/sql/world/base/tbc_item_changes.sql
item,34847,Annihilator Holo-Gogs,use,not in sim Go,manual: no values a tooltip shows,12883,item 34847 cooldown=3,,,,,100 1 8,Allows you to look far into the distance.,Longsight 100 yd range 1 sec cast Requires level 8 Allows you to look far into the distance.,modules/mod-individual-progression/data/sql/world/base/tbc_item_changes.sql
item,34898,Staff of the Forest Lord,equip,not in sim Go,match,44887,44887 effect1=1110,,,,,1110,"Increases attack power by $s1 in Cat, Bear, Dire Bear, and Moonkin forms only.","Attack Power - Feral (+1110) Requires Cat Form, Bear Form, Dire Bear Form, Moonkin Form Increases attack power by 1110 in Cat, Bear, Dire Bear, and Moonkin forms only.",modules/mod-individual-progression/data/sql/world/base/tbc_item_changes.sql
item,34991,Brutal Gladiator's Chain Gauntlets,equip,not in sim Go,match,28539,28539 effect1=5,,,,,5,Increases the damage done by your Multi-Shot by $s1%.,Multi-Shot Damage Increase Requires Hunter Increases the damage done by your Multi-Shot by 5%.,
item,34998,Brutal Gladiator's Dragonhide Gloves,equip,not in sim Go,differs,44835,44835 effect1=100,,,,44835 effect1=100,3,Causes your Maim ability to interrupt spellcasting and prevent any spell in that school from being cast for $32747d.,Maim Interrupt Requires Druid Causes your Maim ability to interrupt spellcasting and prevent any spell in that school from being cast for 3 sec.,modules/mod-individual-progression/data/sql/world/base/tbc_item_changes.sql
item,35003,Brutal Gladiator's Dreadweave Gloves,equip,not in sim Go,match,33063,33063 effect1=50,,,,,50,Reduces the pushback suffered from damaging attacks while casting Fear by $s1%.,Fear Cast Pushback Reduction Requires Warlock Reduces the pushback suffered from damaging attacks while casting Fear by 50%.,
item,35011,Brutal Gladiator's Felweave Handguards,equip,not in sim Go,match,33063,33063 effect1=50,,,,,50,Reduces the pushback suffered from damaging attacks while casting Fear by $s1%.,Fear Cast Pushback Reduction Requires Warlock Reduces the pushback suffered from damaging attacks while casting Fear by 50%.,modules/mod-individual-progression/data/sql/world/base/tbc_item_changes.sql
item,35019,Brutal Gladiator's Idol of Resolve,equip,matches server,match,46088 > 46089,46089 effect1=39; 46089 duration=6,,39 6 375 20 120 2,sim/druid/items.go:527 sim/druid/items.go:529 sim/common/wotlk/stat_bonus_cds.go:44,,39 6,Your Mangle ability also grants you $46089s1 resilience rating for $46089d.,Brutall Idol of Resolve Requires Druid Your Mangle ability also grants you 39 resilience rating for 6 sec.,
item,35020,Brutal Gladiator's Idol of Steadfastness,equip,not in sim Go,match,46090 > 46089,46089 effect1=39; 46089 duration=6,,,,,39 6,Your Moonfire ability also grants you $46089s1 resilience rating for $46089d.,Brutal Idol of Steadfastness Requires Druid Your Moonfire ability also grants you 39 resilience rating for 6 sec.,
item,35021,Brutal Gladiator's Idol of Tenacity,equip,not in sim Go,match,46100,46100 effect1=131,,,,,131,Increases the spell power of the final healing value of your Lifebloom by $s1.,Brutal Idol of Tenacity Requires Druid Increases the spell power of the final healing value of your Lifebloom by 131.,
item,35022,Brutal Gladiator's Kodohide Gloves,equip,not in sim Go,differs,33830,33830 effect1=100; 33830 effect2=100,,,,33830 effect1=100; 33830 effect2=100,0.1,Reduces the cast time of your Cyclone spell by $/1000;S1 sec.,Cyclone Cast Time Decrease Requires Druid Reduces the cast time of your Cyclone spell by 0.1 sec.,
item,35028,Brutal Gladiator's Lamellar Gauntlets,equip,not in sim Go,match,38522,38522 effect1=2,,,,,2,Increases the critical effect chance of your Flash of Light by $s1%.,Increased Flash of Light Crit Chance Requires Paladin Increases the critical effect chance of your Flash of Light by 2%.,modules/mod-individual-progression/data/sql/world/base/tbc_item_changes.sql
item,35032,Brutal Gladiator's Leather Gloves,equip,not in sim Go,differs,32748,32748 effect1=100,,,,32748 effect1=100,5 1 3,Causes your Deadly Throw ability to interrupt spellcasting and prevent any spell in that school from being cast for $32747d.,Deadly Throw Interrupt Rank 5 Requires Rogue Requires level 1 Causes your Deadly Throw ability to interrupt spellcasting and prevent any spell in that school from being cast for 3 sec.,modules/mod-individual-progression/data/sql/world/base/tbc_item_changes.sql
item,35039,Brutal Gladiator's Libram of Fortitude,equip,not in sim Go,match,46091 > 46089,46089 effect1=39; 46089 duration=6,,,,,39 6,Your Judgement ability also grants you $46089s1 resilience rating for $46089d.,Brutal Libram of Fortitude Requires Paladin Your Judgement ability also grants you 39 resilience rating for 6 sec.,
item,35040,Brutal Gladiator's Libram of Justice,equip,not in sim Go,match,46092 > 46093,46093 effect1=39; 46093 duration=6,,,,,39 6,Causes your Flash of Light to increase the target's Resilience rating by $46093s1 for $46093d.,Brutal Libram of Justice Requires Paladin Causes your Flash of Light to increase the target's Resilience rating by 39 for 6 sec.,
item,35041,Brutal Gladiator's Libram of Vengeance,equip,not in sim Go,match,46095 > 46089,46089 effect1=39; 46089 duration=6,,,,,39 6,Your Holy Shield ability also grants you $46089s1 resilience rating for $46089d.,Brutal Libram of Vengeance Requires Paladin Your Holy Shield ability also grants you 39 resilience rating for 6 sec.,
item,35043,Brutal Gladiator's Linked Gauntlets,equip,not in sim Go,match,32973,32973 effect1=5,,,,,1 5,Improves the range of your Shock and Wind Shear spells by $s1 yards.,Shaman Shock Range Bonus Rank 1 Requires Shaman Improves the range of your Shock and Wind Shear spells by 5 yards.,modules/mod-individual-progression/data/sql/world/base/tbc_item_changes.sql
item,35049,Brutal Gladiator's Mail Gauntlets,equip,not in sim Go,match,32973,32973 effect1=5,,,,,1 5,Improves the range of your Shock and Wind Shear spells by $s1 yards.,Shaman Shock Range Bonus Rank 1 Requires Shaman Improves the range of your Shock and Wind Shear spells by 5 yards.,modules/mod-individual-progression/data/sql/world/base/tbc_item_changes.sql
item,35053,Brutal Gladiator's Mooncloth Gloves,equip,not in sim Go,differs,44297,44297 effect1=3000,,,,44297 effect1=3000,3,Reduces the cooldown of your Psychic Scream ability by ${$m1/-1000} sec.,Improved Psychic Scream Requires Priest Reduces the cooldown of your Psychic Scream ability by 3 sec.,
item,35060,Brutal Gladiator's Ornamented Gloves,equip,not in sim Go,match,38522,38522 effect1=2,,,,,2,Increases the critical effect chance of your Flash of Light by $s1%.,Increased Flash of Light Crit Chance Requires Paladin Increases the critical effect chance of your Flash of Light by 2%.,modules/mod-individual-progression/data/sql/world/base/tbc_item_changes.sql
item,35067,Brutal Gladiator's Plate Gauntlets,equip,not in sim Go,differs,22778,22778 effect1=30,,,,22778 effect1=30,1 3,Reduces the rage cost of your Hamstring ability by $/10;s1.,Hamstring Rage Reduction Rank 1 Requires Warrior Reduces the rage cost of your Hamstring ability by 3.,
item,35078,Brutal Gladiator's Ringmail Gauntlets,equip,not in sim Go,match,32973,32973 effect1=5,,,,,1 5,Improves the range of your Shock and Wind Shear spells by $s1 yards.,Shaman Shock Range Bonus Rank 1 Requires Shaman Improves the range of your Shock and Wind Shear spells by 5 yards.,modules/mod-individual-progression/data/sql/world/base/tbc_item_changes.sql
item,35083,Brutal Gladiator's Satin Gloves,equip,not in sim Go,differs,44297,44297 effect1=3000,,,,44297 effect1=3000,3,Reduces the cooldown of your Psychic Scream ability by ${$m1/-1000} sec.,Improved Psychic Scream Requires Priest Reduces the cooldown of your Psychic Scream ability by 3 sec.,
item,35089,Brutal Gladiator's Scaled Gauntlets,equip,not in sim Go,match,44300,44300 effect1=5,,,,,5,Increases the damage dealt by your Crusader Strike ability by $s1%.,Improved Crusader Strike Requires Paladin Increases the damage dealt by your Crusader Strike ability by 5%.,
item,35098,Brutal Gladiator's Silk Handguards,equip,not in sim Go,match,44301,44301 effect1=50,,,,,50,Reduces the pushback suffered from damaging attacks while casting Polymorph by $s1%.,Improved Polymorph Requires Mage Reduces the pushback suffered from damaging attacks while casting Polymorph by 50%.,modules/mod-individual-progression/data/sql/world/base/tbc_item_changes.sql
item,35103,Brutal Gladiator's Staff,equip,not in sim Go,match,45783,45783 effect1=1197,,,,,1197,"Increases attack power by $s1 in Cat, Bear, Dire Bear, and Moonkin forms only.","Attack Power - Feral (+1197) Requires Cat Form, Bear Form, Dire Bear Form, Moonkin Form Increases attack power by 1197 in Cat, Bear, Dire Bear, and Moonkin forms only.",modules/mod-individual-progression/data/sql/world/base/tbc_item_changes.sql
item,35104,Brutal Gladiator's Totem of Indomitability,equip,not in sim Go,match,46096 > 46089,46089 effect1=39; 46089 duration=6,,,,,39 6,Your Stormstrike ability also grants you $46089s1 resilience rating for $46089d.,Brutal Totem of Indomitability Requires Shaman Your Stormstrike ability also grants you 39 resilience rating for 6 sec.,
item,35105,Brutal Gladiator's Totem of Survival,equip,not in sim Go,match,46097 > 46089,46089 effect1=39; 46089 duration=6,,,,,39 6,"Your Earth Shock, Flame Shock, and Frost Shock abilities also grant you $46089s1 resilience rating for $46089d.","Brutal Totem of Survival Requires Shaman Your Earth Shock, Flame Shock, and Frost Shock abilities also grant you 39 resilience rating for 6 sec.",
item,35106,Brutal Gladiator's Totem of the Third Wind,equip,not in sim Go,match,46098 > 46099,46099 effect1=39; 46099 duration=6,,,,,39 6,Causes your Lesser Healing Wave to increase the target's Resilience rating by $46099s1 for $46099d.,Brutal Totem of Third WInd Requires Shaman Causes your Lesser Healing Wave to increase the target's Resilience rating by 39 for 6 sec.,
item,35111,Brutal Gladiator's Wyrmhide Gloves,equip,not in sim Go,differs,33830,33830 effect1=100; 33830 effect2=100,,,,33830 effect1=100; 33830 effect2=100,0.1,Reduces the cast time of your Cyclone spell by $/1000;S1 sec.,Cyclone Cast Time Decrease Requires Druid Reduces the cast time of your Cyclone spell by 0.1 sec.,modules/mod-individual-progression/data/sql/world/base/tbc_item_changes.sql
item,35181,Powerheal 9000 Lens,equip,not in sim Go,manual: no numeric values (scripted spell),30645,,,,,,,Shows the location of nearby gas clouds on the minimap while the mote extractor remains in your inventory.,Gas Cloud Tracking Shows the location of nearby gas clouds on the minimap while the mote extractor remains in your inventory.,modules/mod-individual-progression/data/sql/world/base/tbc_item_changes.sql
item,35181,Powerheal 9000 Lens,equip,not in sim Go,differs,40273,40273 effect1=5,,,,40273 effect1=5,1,Slightly increases your stealth detection.,Stealth Detection Requires level 1 Slightly increases your stealth detection.,modules/mod-individual-progression/data/sql/world/base/tbc_item_changes.sql
item,35181,Powerheal 9000 Lens,use,not in sim Go,manual: no values a tooltip shows,12883,item 35181 cooldown=3,,,,,100 1 8,Allows you to look far into the distance.,Longsight 100 yd range 1 sec cast Requires level 8 Allows you to look far into the distance.,modules/mod-individual-progression/data/sql/world/base/tbc_item_changes.sql
item,35182,Hyper-Magnified Moon Specs,equip,not in sim Go,manual: no numeric values (scripted spell),30645,,,,,,,Shows the location of nearby gas clouds on the minimap while the mote extractor remains in your inventory.,Gas Cloud Tracking Shows the location of nearby gas clouds on the minimap while the mote extractor remains in your inventory.,modules/mod-individual-progression/data/sql/world/base/tbc_item_changes.sql
item,35182,Hyper-Magnified Moon Specs,equip,not in sim Go,differs,40273,40273 effect1=5,,,,40273 effect1=5,1,Slightly increases your stealth detection.,Stealth Detection Requires level 1 Slightly increases your stealth detection.,modules/mod-individual-progression/data/sql/world/base/tbc_item_changes.sql
item,35182,Hyper-Magnified Moon Specs,use,not in sim Go,manual: no values a tooltip shows,12883,item 35182 cooldown=3,,,,,100 1 8,Allows you to look far into the distance.,Longsight 100 yd range 1 sec cast Requires level 8 Allows you to look far into the distance.,modules/mod-individual-progression/data/sql/world/base/tbc_item_changes.sql
item,35183,Wonderheal XT68 Shades,equip,not in sim Go,manual: no numeric values (scripted spell),30645,,,,,,,Shows the location of nearby gas clouds on the minimap while the mote extractor remains in your inventory.,Gas Cloud Tracking Shows the location of nearby gas clouds on the minimap while the mote extractor remains in your inventory.,modules/mod-individual-progression/data/sql/world/base/tbc_item_changes.sql
item,35183,Wonderheal XT68 Shades,equip,not in sim Go,differs,40273,40273 effect1=5,,,,40273 effect1=5,1,Slightly increases your stealth detection.,Stealth Detection Requires level 1 Slightly increases your stealth detection.,modules/mod-individual-progression/data/sql/world/base/tbc_item_changes.sql
item,35183,Wonderheal XT68 Shades,use,not in sim Go,manual: no values a tooltip shows,12883,item 35183 cooldown=3,,,,,100 1 8,Allows you to look far into the distance.,Longsight 100 yd range 1 sec cast Requires level 8 Allows you to look far into the distance.,modules/mod-individual-progression/data/sql/world/base/tbc_item_changes.sql
item,35184,Primal-Attuned Goggles,equip,not in sim Go,manual: no numeric values (scripted spell),30645,,,,,,,Shows the location of nearby gas clouds on the minimap while the mote extractor remains in your inventory.,Gas Cloud Tracking Shows the location of nearby gas clouds on the minimap while the mote extractor remains in your inventory.,modules/mod-individual-progression/data/sql/world/base/tbc_item_changes.sql
item,35184,Primal-Attuned Goggles,equip,not in sim Go,differs,40273,40273 effect1=5,,,,40273 effect1=5,1,Slightly increases your stealth detection.,Stealth Detection Requires level 1 Slightly increases your stealth detection.,modules/mod-individual-progression/data/sql/world/base/tbc_item_changes.sql
item,35184,Primal-Attuned Goggles,use,not in sim Go,manual: no values a tooltip shows,12883,item 35184 cooldown=3,,,,,100 1 8,Allows you to look far into the distance.,Longsight 100 yd range 1 sec cast Requires level 8 Allows you to look far into the distance.,modules/mod-individual-progression/data/sql/world/base/tbc_item_changes.sql
item,35185,Justicebringer 3000 Specs,equip,not in sim Go,manual: no numeric values (scripted spell),30645,,,,,,,Shows the location of nearby gas clouds on the minimap while the mote extractor remains in your inventory.,Gas Cloud Tracking Shows the location of nearby gas clouds on the minimap while the mote extractor remains in your inventory.,modules/mod-individual-progression/data/sql/world/base/tbc_item_changes.sql
item,35185,Justicebringer 3000 Specs,equip,not in sim Go,differs,40273,40273 effect1=5,,,,40273 effect1=5,1,Slightly increases your stealth detection.,Stealth Detection Requires level 1 Slightly increases your stealth detection.,modules/mod-individual-progression/data/sql/world/base/tbc_item_changes.sql
item,35185,Justicebringer 3000 Specs,use,not in sim Go,manual: no values a tooltip shows,12883,item 35185 cooldown=3,,,,,100 1 8,Allows you to look far into the distance.,Longsight 100 yd range 1 sec cast Requires level 8 Allows you to look far into the distance.,modules/mod-individual-progression/data/sql/world/base/tbc_item_changes.sql
item,36972,Tome of Arcane Phenomena,use,matches server,match,60471,60471 effect1=256; 60471 duration=20; item 36972 cooldown=120,,256 20 120 2,sim/common/wotlk/stat_bonus_cds.go:33,,45 256 20,Increases your haste rating by $s1 for $d1.,Tome of Arcane Phenomena Instant Requires level 45 Increases your haste rating by 256 for 20 sec.,
item,36993,Seal of the Pantheon,use,matches server,match,60214,60214 effect1=3570; 60214 duration=20; item 36993 cooldown=120,,3570 20 120 2,sim/common/wotlk/stat_bonus_cds.go:121,,3570 20,Increases armor by $s1 for $d.,Seal of the Pantheon Instant Increases armor by 3570 for 20 sec.,
item,37064,Vestige of Haldor,equip,matches server,match,60306 > 60307,60306 proc chance=15; 60306 proc cooldown=45; 60307 effect1=1536; 60307 effect1 min=1024,,0.15 45 1024 1536,sim/common/wotlk/damage_procs.go:50 sim/common/wotlk/damage_procs.go:58,,60 1024 1536 15 45 40 60 1024 1536,"Your melee and ranged attacks have a chance to burn your enemy, dealing $55748s1 fire damage.","Vestige of Haldor Requires level 60 Your melee and ranged attacks have a chance to burn your enemy, dealing 1024 to 1536 fire damage. (Proc chance: 15%, 45s cooldown)",
item,37111,Soul Preserver,equip,matches server,manual: no values a tooltip shows,60510 > 18350,60510 proc chance=2,,15 0 800 0.02,sim/common/wotlk/other_effects.go:1006 sim/common/wotlk/other_effects.go:1008,,15 800 2,Your healing spells have a chance to make your next heal cast within $60515d cost $60515s1 less mana.,Soul Preserver Requires Paladin Your healing spells have a chance to make your next heal cast within 15 sec cost 800 less mana. (Proc chance: 2%),
item,37166,Sphere of Red Dragon's Blood,use,matches server,match,60305,60305 effect1=670; 60305 effect2=670; 60305 duration=20; item 37166 cooldown=120,,670 20 120 2,sim/common/wotlk/stat_bonus_cds.go:52,,670 20,Increases attack power by $s1 for $d.,Heart of a Dragon Instant Increases attack power by 670 for 20 sec.,
item,37220,Essence of Gossamer,equip,differs from server,match,60221 > 60218,60221 proc chance=5; 60221 proc cooldown=50; 60218 effect1=4000; 60218 effect2=140; 60218 duration=10,60218 effect1=4000,10 0 140 0.05 50,sim/common/wotlk/other_effects.go:13 sim/common/wotlk/other_effects.go:15,,60 140 10 5 50 1 140 4000 10,When struck in combat has a chance of shielding you in a protective barrier which will reduce damage from each attack by 140.  Lasts 10 secs.,"Essence of Gossamer Requires level 60 When struck in combat has a chance of shielding you in a protective barrier which will reduce damage from each attack by 140. Lasts 10 secs. (Proc chance: 5%, 50s cooldown)",
item,37264,Pendulum of Telluric Currents,equip,matches server,match,60482 > 60483,60482 proc chance=15; 60482 proc cooldown=45; 60483 effect1=1752; 60483 effect1 min=1168,,0.15 45 1168 1752,sim/common/wotlk/damage_procs.go:66 sim/common/wotlk/damage_procs.go:74,,60 1168 1752 15 45 60 1168 1752,"Your harmful spells have a chance to strike your enemy, dealing $60483s1 shadow damage.","Pendulum of Telluric Currents Requires level 60 Your harmful spells have a chance to strike your enemy, dealing 1168 to 1752 shadow damage. (Proc chance: 15%, 45s cooldown)",
item,37390,Meteorite Whetstone,equip,matches server,match,60301 > 60302,60301 proc chance=15; 60301 proc cooldown=45; 60302 effect1=444; 60302 duration=10,,444 10 0.15 45,sim/common/wotlk/stat_bonus_procs.go:70 sim/common/wotlk/stat_bonus_procs.go:71,,60 444 10 15 45 60 444,Your melee and ranged attacks have a chance to increase your haste rating by $60302s1 for $60302d1.,"Meteorite Whetstone Requires level 60 Your melee and ranged attacks have a chance to increase your haste rating by 444 for 10 sec. (Proc chance: 15%, 45s cooldown)",
item,37574,Libram of Furious Blows,equip,matches server,match,48835 > 48836,48836 effect1=61; 48836 duration=5,,61 5,sim/paladin/items.go:234 sim/paladin/items.go:236,,61 5 40 61,Causes your Judgements to increase your Critical Strike Rating by $48836s1 for $48836d.,Justice Requires Paladin Causes your Judgements to increase your Critical Strike Rating by 61 for 5 sec.,
item,37638,Offering of Sacrifice,use,matches server,match,60180,60180 effect1=3025; 60180 duration=15; item 37638 cooldown=180,,3025 15 180 3,sim/common/wotlk/stat_bonus_cds.go:100,,40 3025 15,Increases maximum health by $s1 for $d.,Resolute 40 yd range Instant Increases maximum health by 3025 for 15 sec.,
item,37657,Spark of Life,equip,matches server,match,60519 > 60520,60519 proc chance=10; 60519 proc cooldown=50; 60520 effect1=220; 60520 duration=15,,220 15 0.1 50,sim/common/wotlk/stat_bonus_procs.go:93 sim/common/wotlk/stat_bonus_procs.go:94,,220 5 15 10 50 220,"Each time you cast a damaging or healing spell, there is chance you will gain up to $60520s1 mana per 5 for $60520d.","Spark of Life Requires Paladin Each time you cast a damaging or healing spell, there is chance you will gain up to 220 mana per 5 for 15 sec. (Proc chance: 10%, 50s cooldown)",
item,37660,Forge Ember,equip,matches server,match,60473 > 60479,60473 proc chance=10; 60473 proc cooldown=45; 60479 effect1=512; 60479 effect2=512; 60479 duration=10,,512 10 0.1 45,sim/common/wotlk/stat_bonus_procs.go:103 sim/common/wotlk/stat_bonus_procs.go:104,,60 512 10 45 60 512 10,Your damaging and healing spells have a chance to increase your spell power by $60479s1 for $60479d1.,"Forge Ember Requires level 60 Your damaging and healing spells have a chance to increase your spell power by 512 for 10 sec. (Proc chance: 10%, 45s cooldown)",
item,37723,Incisor Fragment,use,matches server,match,60299,60299 effect1=291; 60299 duration=20; item 37723 cooldown=120,,291 20 120 2,sim/common/wotlk/stat_bonus_cds.go:95,,291 20,Increases your armor penetration rating by $s1 for 20 sec.,Incisor Fragment Instant Increases your armor penetration rating by 291 for 20 sec.,
item,37734,Talisman of Troll Divinity,use,matches server,match,60517 > 60518,60517 duration=20; item 37734 cooldown=120; 60518 effect1=58; 60518 duration=10,,10 5 58 20 120 2,sim/common/wotlk/other_effects.go:74 sim/common/wotlk/other_effects.go:76 sim/common/wotlk/other_effects.go:83,,20 58 10 5 100 1 58,"For the next $d, your direct heals increase healing received by their target by up to $60518s1.  This effect lasts $60518d and stacks up to 5 times.","Talisman of Troll Divinity Instant Requires Paladin For the next 20 sec, your direct heals increase healing received by their target by up to 58. This effect lasts 10 sec and stacks up to 5 times.",
item,37835,Je'Tze's Bell,equip,matches server,match,49622 > 49623,49622 proc chance=10; 49622 proc cooldown=50; 49623 effect1=125; 49623 duration=15,,125 15 0.1 50 12 73422 270 10 71904 1 1900 2100 60 71905 30 0,sim/common/wotlk/stat_bonus_procs.go:118 sim/common/wotlk/shadowmourne.go:22 sim/common/wotlk/stat_bonus_procs.go:119,,125 5 15 10 50 125,"Each time you cast a spell, there is a chance you will gain up to $49623s1 mana per 5 for $49623d.","Bonus Mana Regen Requires Paladin Each time you cast a spell, there is a chance you will gain up to 125 mana per 5 for 15 sec. (Proc chance: 10%, 50s cooldown)",
item,37844,Winged Talisman,use,matches server,match,60521,60521 effect1=346; 60521 effect2=346; 60521 duration=20; item 37844 cooldown=120,,346 20 120 2,sim/common/wotlk/stat_bonus_cds.go:71,,346 20,Increases spell power by $s2 for $d.,Winged Talisman Instant Increases spell power by 346 for 20 sec.,
item,37872,Lavanthor's Talisman,use,matches server,match,60215,60215 effect1=440; 60215 duration=40; item 37872 cooldown=120,,440 40 120 2,sim/common/wotlk/stat_bonus_cds.go:134,,440 40,Increases the block value of your shield by $s1 for $d.,Lavanthor's Talisman Instant Increases the block value of your shield by 440 for 40 sec.,
item,37873,Mark of the War Prisoner,use,matches server,match,60480,60480 effect1=346; 60480 effect2=346; 60480 duration=20; item 37873 cooldown=120,,346 20 120 2,sim/common/wotlk/stat_bonus_cds.go:72,,346 20,Increases spell power by $s2 for $d.,Mark of the War Prisoner Instant Increases spell power by 346 for 20 sec.,
item,38072,Thunder Capacitor,equip,matches server,manual: no values a tooltip shows,54841 > 18350,54841 proc cooldown=2.5,,4 2.5 2500 1181 1371,sim/common/wotlk/capacitors.go:85 sim/common/wotlk/capacitors.go:92,,4 1181 1371 2.5,"You gain a Thunder Charge each time you cause a damaging spell critical strike. When you reach $s1 Thunder Charges, they will release, firing a Lightning Bolt for $54843s1 damage. Thunder Charge cannot be gained more often than once every 2.5 sec.","Thunder Capacitor Requires Paladin You gain a Thunder Charge each time you cause a damaging spell critical strike. When you reach 4 Thunder Charges, they will release, firing a Lightning Bolt for 1181 to 1371 damage. Thunder Charge cannot be gained more often than once every 2.5 sec. (2.5s cooldown)",
item,38212,Death Knight's Anguish,equip,matches server,match,54695 > 54696 > 54697,54695 proc chance=10; 54695 proc cooldown=45; 54696 duration=20; 54697 effect1=15,,20 10 15 0.1 45,sim/common/wotlk/stat_bonus_stacking.go:143 sim/common/wotlk/stat_bonus_stacking.go:167 sim/common/wotlk/stat_bonus_stacking.go:149,,60 15 10 20 10 45 10 15 10 20 15,"Chance on melee or ranged attack to enter Wracking Pains, during which your attacks will each grant $54697s1 crit rating, stacking up to 10 times.  Expires after $54696d.","Item - Death Knight's Anguish Base Requires level 60 Chance on melee or ranged attack to enter Wracking Pains, during which your attacks will each grant 15 crit rating, stacking up to 10 times. Expires after 20 sec. (Proc chance: 10%, 45s cooldown)",
item,38287,Empty Mug of Direbrew,use,differs from server,differs,51955,51955 effect1=278; 51955 effect2=278; 51955 effect3=30; 51955 duration=20; item 38287 cooldown=120,51955 effect3=30,278 20 120 2,sim/common/tbc/melee_trinkets.go:17,51955 effect3=30,278 20,Increases attack power by $s1 for $d.,Dire Drunkard Instant Increases attack power by 278 for 20 sec.,
item,38289,Coren's Lucky Coin,use,matches server,match,51952,51952 effect1=200; 51952 duration=40; item 38289 cooldown=120,,200 40 120 2,sim/common/tbc/melee_trinkets.go:22,,200 40,Increases the block value of your shield by $s1 for $d.,Dark Iron Luck Instant Increases the block value of your shield by 200 for 40 sec.,modules/mod-individual-progression/data/sql/world/base/tbc_item_changes.sql
item,38358,Arcane Revitalizer,equip,not in sim Go,match,51352 > 51353,51352 proc cooldown=10; 51353 effect1=200,,,,,200 10 200,Restores 200 mana when you kill a target that gives experience or honor. This effect cannot occur more than once every 10 seconds.,Venture Company Beatdown! Restores 200 mana when you kill a target that gives experience or honor. This effect cannot occur more than once every 10 seconds. (10s cooldown),
item,38359,Goblin Repetition Reducer,equip,not in sim Go,match,51346 > 51348,51346 proc cooldown=10; 51348 effect1=200,,,,,200 10 200,Restores 200 health when you kill a target that gives experience or honor. This effect cannot occur more than once every 10 seconds.,Venture Company Beatdown! Restores 200 health when you kill a target that gives experience or honor. This effect cannot occur more than once every 10 seconds. (10s cooldown),
item,38360,Idol of Arcane Terror,equip,not in sim Go,differs,57907 > 57909,57907 proc chance=40; 57907 proc cooldown=45; 57909 effect1=131; 57909 duration=10,,,,57909 duration=10,131 40 45 131,Chance on Moonfire to increase your Spirit by $57909s1.,"Increased Spirit Requires Druid Chance on Moonfire to increase your Spirit by 131. (Proc chance: 40%, 45s cooldown)",
item,38361,Venture Co. Lightning Rod,equip,matches server (not registered),match,61325,61325 effect1=121,,121 0 215,sim/shaman/electric_spell.go:16 sim/shaman/lavaburst.go:12,,121,Increases the damage dealt by your Lava Burst by $s1.,Increased Lava Burst Requires Shaman Increases the damage dealt by your Lava Burst by 121.,
item,38362,Venture Co. Libram of Retribution,equip,matches server (not registered),match,63353,63353 effect1=81,,81 0,sim/paladin/divine_storm.go:11,,81,Causes your Divine Storm to deal an additional $s1 damage.,Justice Requires Paladin Causes your Divine Storm to deal an additional 81 damage.,
item,38363,Venture Co. Libram of Protection,equip,not in sim Go,match,61323,61323 effect1=96,,,,,96,Your Shield of Righteousness deals an additional $s1 damage.,Shield of the Righteous Damage Requires Paladin Your Shield of Righteousness deals an additional 96 damage.,
item,38364,Venture Co. Libram of Mostly Holy Deeds,equip,not in sim Go,match,61322,61322 effect1=69,,,,,69,Your Holy Shock heals for an additional $s1.,Item - Holy Shock Increased Healing Requires Paladin Your Holy Shock heals for an additional 69.,
item,38365,Idol of Perspicacious Attacks,equip,matches server (not registered),match,52314,52314 effect1=120; 52314 effect2=24,,120 24,sim/druid/maul.go:12 sim/druid/swipe.go:13,,120 24,Increases the damage dealt by your Maul ability by $s1 and Swipe ability by $s2.,Increased Maul and Swipe Damage Requires Druid Increases the damage dealt by your Maul ability by 120 and Swipe ability by 24.,
item,38366,Idol of Pure Thoughts,equip,not in sim Go,match,57918,57918 effect1=33,,,,,33,Increases the periodic healing of Rejuvenation by $s1.,Increased Healing Requires Druid Increases the periodic healing of Rejuvenation by 33.,
item,38367,Venture Co. Flame Slicer,equip,matches server (not registered),match,61318,61318 effect1=25,,25 0,sim/shaman/lavalash.go:13 sim/shaman/lavalash.go:25,,25,Increases the damage your Lava Lash deals by $s1.,Increased Lava Burst Strike Requires Shaman Increases the damage your Lava Lash deals by 25.,
item,38368,Totem of the Bay,equip,matches server (not registered),match,61321,61321 effect1=102,,102 0,sim/shaman/heals.go:319,,102,Increases the base amount healed by your chain heal by $s1.,Item - Increased Chain Heal Requires Shaman Increases the base amount healed by your chain heal by 102.,
item,38387,Grizzled Hat,use,not in sim Go,match,55248,55248 effect1=10; item 38387 cooldown=60,,,,,48 10 30,Gives $M1 additional stamina to party members within $a1 yards.,Grizzled Hat Instant Requires level 48 Gives 10 additional stamina to party members within 30 yards.,
item,38388,Cap of the North,use,not in sim Go,match,55247,55247 effect1=10; item 38388 cooldown=60,,,,,48 10 30,Gives $M1 additional stamina to party members within $a1 yards.,Cap of the North Instant Requires level 48 Gives 10 additional stamina to party members within 30 yards.,
item,38389,Comfy Raccoonskin Hat,use,not in sim Go,match,55246,55246 effect1=10; item 38389 cooldown=60,,,,,48 10 30,Gives $M1 additional stamina to party members within $a1 yards.,Comfy Racoonskin Hat Instant Requires level 48 Gives 10 additional stamina to party members within 30 yards.,
item,38390,The Rugged Marksman,use,not in sim Go,match,55245,55245 effect1=10; item 38390 cooldown=60,,,,,48 10 30,Gives $M1 additional stamina to party members within $a1 yards.,The Rugged Marksman Instant Requires level 48 Gives 10 additional stamina to party members within 30 yards.,
item,38572,Bounty Procurement Enhancer,equip,not in sim Go,match,51359 > 51360,51359 proc cooldown=10; 51360 effect1=125,,,,,125 10 125,Restores $51360s1 health when you kill a target that gives experience or honor. This effect cannot occur more than once every 10 seconds.,Venture Company Beatdown Restores 125 health when you kill a target that gives experience or honor. This effect cannot occur more than once every 10 seconds. (10s cooldown),
item,38572,Bounty Procurement Enhancer,equip,not in sim Go,match,51349 > 51351,51349 proc cooldown=10; 51351 effect1=125,,,,,125 10 125,Restores $51351s1 mana when you kill a target that gives experience or honor. This effect cannot occur more than once every 10 seconds.,Venture Company Beatdown Restores 125 mana when you kill a target that gives experience or honor. This effect cannot occur more than once every 10 seconds. (10s cooldown),
item,38760,Mendicant's Charm,use,matches server,match,48875,48875 effect1=145; 48875 effect2=145; 48875 duration=20; item 38760 cooldown=120,,145 20 120 2,sim/common/wotlk/stat_bonus_cds.go:76,,40 145 20,Increases spell power by $s2 for $d.,Spell Power 40 yd range Instant Increases spell power by 145 for 20 sec.,
item,38761,Talon of Hatred,use,matches server,match,61778,61778 effect1=248; 61778 effect2=248; 61778 duration=20; item 38761 cooldown=120,,248 20 120 2,sim/common/wotlk/stat_bonus_cds.go:57,,248 20,Increases attack power by $s1 for $d.,Scything Talons Instant Increases attack power by 248 for 20 sec.,
item,38762,Insignia of Bloody Fire,use,matches server,match,48875,48875 effect1=145; 48875 effect2=145; 48875 duration=20; item 38762 cooldown=120,,145 20 120 2,sim/common/wotlk/stat_bonus_cds.go:77,,40 145 20,Increases spell power by $s2 for $d.,Spell Power 40 yd range Instant Increases spell power by 145 for 20 sec.,
item,38763,Futuresight Rune,use,matches server,match,61426,61426 effect1=184; 61426 duration=20; item 38763 cooldown=120,,184 20 120 2,sim/common/wotlk/stat_bonus_cds.go:155,,40 184 20,Increases Spirit by $s1 for $d.,Infinite Spirit 40 yd range Instant Increases Spirit by 184 for 20 sec.,
item,38764,Rune of Finite Variation,use,matches server,match,61427,61427 effect1=208; 61427 duration=20; item 38764 cooldown=120,,208 20 120 2,sim/common/wotlk/stat_bonus_cds.go:40,,208 20,Increases haste rating by $s1 for $d.,Infinite Speed Instant Increases haste rating by 208 for 20 sec.,
item,38765,Rune of Infinite Power,use,matches server,match,61428,61428 effect1=202; 61428 effect2=202; 61428 duration=20; item 38765 cooldown=120,,202 20 120 2,sim/common/wotlk/stat_bonus_cds.go:78,,40 202 20,Increases spell power by $s2 for $d.,Infinite Power 40 yd range Instant Increases spell power by 202 for 20 sec.,
item,39208,Sigil of the Dark Rider,equip,matches server (not registered),match,52394,52394 effect1=90,,90 0,sim/deathknight/items.go:280,,90,Increases the damage dealt by your Blood Strike and Heart Strike by ${$m1}.,Increased Blood Strike Damage Requires Death Knight Increases the damage dealt by your Blood Strike and Heart Strike by 90.,
item,39229,Embrace of the Spider,equip,matches server,match,60490 > 60492,60490 proc chance=10; 60490 proc cooldown=45; 60492 effect1=505; 60492 duration=10,,505 10 0.1 45,sim/common/wotlk/stat_bonus_procs.go:139 sim/common/wotlk/stat_bonus_procs.go:140,,60 505 10 45 60 505 10,Your spells have a chance to increase your haste rating by $60492s1 for 10 secs.,"Embrace of the Spider Requires level 60 Your spells have a chance to increase your haste rating by 505 for 10 secs. (Proc chance: 10%, 45s cooldown)",
item,39257,Loatheb's Shadow,use,matches server,match,60439,60439 effect1=670; 60439 effect2=670; 60439 duration=20; item 39257 cooldown=120,,670 20 120 2,sim/common/wotlk/stat_bonus_cds.go:58,,670 20,Increases attack power by $s1 for $d.,Loatheb's Shadow Instant Increases attack power by 670 for 20 sec.,
item,39292,Repelling Charge,use,matches server,match,60180,60180 effect1=3025; 60180 duration=15; item 39292 cooldown=180,,3025 15 180 3,sim/common/wotlk/stat_bonus_cds.go:101,,40 3025 15,Increases maximum health by $s1 for $d.,Resolute 40 yd range Instant Increases maximum health by 3025 for 15 sec.,
item,39388,Spirit-World Glass,use,matches server,match,60527,60527 effect1=336; 60527 duration=20; item 39388 cooldown=120,,336 20 120 2,sim/common/wotlk/stat_bonus_cds.go:156,,336 20,Increases your Spirit by $s1 for $d1.,Essence Flow Instant Increases your Spirit by 336 for 20 sec.,
item,39728,Totem of Misery,equip,not in sim Go,match,60769,60769 effect1=79,,,,,79,Reduces the mana cost of Healing Wave by $s1.,Totem of Misery Requires Shaman Reduces the mana cost of Healing Wave by 79.,
item,39757,Idol of Worship,equip,matches server (not registered),match,60774,60774 effect1=21,,21,sim/druid/rip.go:18,,21,Increases periodic damage done by Rip by $s1 per combo point.,Idol of Worship Requires Paladin Increases periodic damage done by Rip by 21 per combo point.,
item,39811,Badge of the Infiltrator,use,matches server,match,62088,62088 effect1=183; 62088 effect2=183; 62088 duration=20; item 39811 cooldown=120,,183 20 120 2,sim/common/wotlk/stat_bonus_cds.go:79,,40 183 20,Increases spell power by $s2 for $d.,Infiltrator's Guile 40 yd range Instant Increases spell power by 183 for 20 sec.,
item,39819,Bloodbinder's Runestone,use,matches server,match,48875,48875 effect1=145; 48875 effect2=145; 48875 duration=20; item 39819 cooldown=120,,145 20 120 2,sim/common/wotlk/stat_bonus_cds.go:80,,40 145 20,Increases spell power by $s2 for $d.,Spell Power 40 yd range Instant Increases spell power by 145 for 20 sec.,
item,39821,Spiritist's Focus,use,matches server,match,48875,48875 effect1=145; 48875 effect2=145; 48875 duration=20; item 39821 cooldown=120,,145 20 120 2,sim/common/wotlk/stat_bonus_cds.go:81,,40 145 20,Increases spell power by $s2 for $d.,Spell Power 40 yd range Instant Increases spell power by 145 for 20 sec.,
item,39889,Horn of Argent Fury,equip,matches server,match,55747 > 55748,55747 proc chance=15; 55747 proc cooldown=45; 55748 effect1=1536; 55748 effect1 min=1024,,0.15 45 1024 1536,sim/common/wotlk/damage_procs.go:82 sim/common/wotlk/damage_procs.go:90,,60 1024 1536 15 45 40 60 1024 1536,"Your melee and ranged attacks have a chance to chastise your enemy, dealing $55748s1 Holy damage.","Argent Fury Requires level 60 Your melee and ranged attacks have a chance to chastise your enemy, dealing 1024 to 1536 Holy damage. (Proc chance: 15%, 45s cooldown)",
item,40191,Libram of Radiance,equip,differs from server (not registered),differs,60821,60821 effect1=105,60821 effect1=105,79 0,sim/paladin/crusader_strike.go:12,60821 effect1=105,79,Increases the damage dealt by Crusader Strike by ${$m1*$35395m2/100}.,Libram of Radiance Requires Paladin Increases the damage dealt by Crusader Strike by 79.,
item,40207,Sigil of Awareness,equip,matches server (not registered),differs,60837,60837 effect1=420,,420 0,sim/deathknight/items.go:284,60837 effect1=420,189 336 315,"Increases the base damage dealt by your Scourge Strike by $s2, your Obliterate by $s3, and your Death Strike by ${0.75*$m1}.","Sigil of Awareness Requires Death Knight Increases the base damage dealt by your Scourge Strike by 189, your Obliterate by 336, and your Death Strike by 315.",
item,40255,Dying Curse,equip,matches server,match,60493 > 60494,60493 proc chance=15; 60493 proc cooldown=45; 60494 effect1=765; 60494 effect2=765; 60494 duration=10,,765 10 0.15 45,sim/common/wotlk/stat_bonus_procs.go:150 sim/common/wotlk/stat_bonus_procs.go:151 sim/shaman/shaman.go:245,,765 10 15 45 40 765 10,Your spells have a chance to increase your spell power by $60494s1 for $60494d1.,"Dying Curse Requires Mage Your spells have a chance to increase your spell power by 765 for 10 sec. (Proc chance: 15%, 45s cooldown)",
item,40256,Grim Toll,equip,matches server,match,60436 > 60437,60436 proc chance=15; 60436 proc cooldown=45; 60437 effect1=612; 60437 duration=10,,612 10 0.15 45,sim/common/wotlk/stat_bonus_procs.go:161 sim/common/wotlk/stat_bonus_procs.go:162,,60 612 10 15 45 60 612,Your melee and ranged attacks have a chance to increase your armor penetration rating by $60437s1 for $60437d1.,"Grim Toll Requires level 60 Your melee and ranged attacks have a chance to increase your armor penetration rating by 612 for 10 sec. (Proc chance: 15%, 45s cooldown)",
item,40257,Defender's Code,use,matches server,match,60286,60286 effect1=455; 60286 duration=20; item 40257 cooldown=120,,455 20 120 2,sim/common/wotlk/stat_bonus_cds.go:139,,455 20,Increases dodge by $s1 for $d1.,Defender's Code Instant Increases dodge by 455 for 20 sec.,
item,40258,Forethought Talisman,equip,differs from server,differs,60529 > 60530,60529 proc chance=20; 60529 proc cooldown=45; 60530 effect1=893; 60530 duration=12,60530 effect1=893; 60530 duration=12,1 4 3 3752 0.2 45,sim/common/wotlk/other_effects.go:206 sim/common/wotlk/other_effects.go:210 sim/common/wotlk/other_effects.go:240,60530 effect1=893,3572 12 20 45 100 1,"Your direct healing spells have a chance to place a heal over time on your target, healing $60530o1 over $60530d.","Forethought Talisman Requires Paladin Your direct healing spells have a chance to place a heal over time on your target, healing 3572 over 12 sec. (Proc chance: 20%, 45s cooldown)",
item,40267,Totem of Hex,equip,matches server (not registered),match,60772,60772 effect1=165,,0 33 55 85 165,sim/shaman/electric_spell.go:15 sim/shaman/electric_spell.go:85,,165,Increases spell power of Chain Lightning and Lightning Bolt by $s1.,Totem of Hex Requires Shaman Increases spell power of Chain Lightning and Lightning Bolt by 165.,
item,40268,Libram of Tolerance,equip,not in sim Go,match,60792,60792 effect1=141,,,,,141,Increases spell power of Holy Light by $s1.,Libram of Tolerance Requires Paladin Increases spell power of Holy Light by 141.,
item,40321,Idol of the Shooting Star,equip,matches server (not registered),match,60775,60775 effect1=165,,165 0,sim/druid/starfire.go:16,,165,Increases the spell power of your Starfire spell by $s1.,Idol of the Shooting Star Requires Druid Increases the spell power of your Starfire spell by 165.,
item,40322,Totem of Dueling,equip,differs from server (not registered),differs,60765 > 60766,60766 effect1=60; 60766 effect2=120; 60766 duration=6,60766 effect2=120,60 6,sim/shaman/stormstrike.go:13 sim/shaman/stormstrike.go:84 sim/shaman/stormstrike.go:85,60766 effect2=120,25 60 6,Your Storm Strike ability also grants you $60766s1 haste rating for $60766d.,Nax 25 Melee Shaman Totem Requires Shaman Your Storm Strike ability also grants you 60 haste rating for 6 sec.,
item,40337,Libram of Resurgence,equip,matches server (not registered),match,60797,60797 effect1=141,,141 0,sim/paladin/consecration.go:16,,141,Increases the spell power of your Consecration spell by $s1.,Libram of Resurgence Requires Paladin Increases the spell power of your Consecration spell by 141.,
item,40342,Idol of Awakening,equip,not in sim Go,match,60780,60780 effect1=106,,,,,106,Reduces the mana cost of Rejuvenation by $s1.,Idol of Awakening Requires Druid Reduces the mana cost of Rejuvenation by 106.,
item,40371,Bandit's Insignia,equip,matches server,match,60442 > 60443,60442 proc chance=15; 60442 proc cooldown=45; 60443 effect1=2256; 60443 effect1 min=1504,,0.15 45 1504 2256,sim/common/wotlk/damage_procs.go:100 sim/common/wotlk/damage_procs.go:108,,60 1504 2256 15 45 40 60 1504 2256,"Your melee and ranged attacks have a chance to strike your enemy, dealing $60443s1 arcane damage.","Bandit's Insignia Requires level 60 Your melee and ranged attacks have a chance to strike your enemy, dealing 1504 to 2256 arcane damage. (Proc chance: 15%, 45s cooldown)",
item,40372,Rune of Repulsion,use,matches server,match,60258,60258 effect1=375; 60258 duration=20; item 40372 cooldown=120,,375 20 120 2,sim/common/wotlk/stat_bonus_cds.go:149,,375 20,Increases parry rating by $s1 for $d1.,Rune of Repulsion Instant Increases parry rating by 375 for 20 sec.,
item,40373,Extract of Necromantic Power,equip,matches server,match,60487 > 60488,60487 proc chance=10; 60487 proc cooldown=15; 60488 effect1=1312; 60488 effect1 min=788,,0.1 15 788 1312,sim/common/wotlk/damage_procs.go:116 sim/common/wotlk/damage_procs.go:123,,60 788 1312 10 15 45 2.2 30 788 1312,"Each time one of your spells deals periodic damage, there is a chance $60488s1 additional damage will be dealt.","Extract of Necromatic Power Requires level 60 Each time one of your spells deals periodic damage, there is a chance 788 to 1312 additional damage will be dealt. (Proc chance: 10%, 15s cooldown)",
item,40382,Soul of the Dead,equip,matches server,match,60537 > 60538,60537 proc chance=25; 60537 proc cooldown=45; 60538 effect1=900,,0.25 45 900,sim/common/wotlk/other_effects.go:247 sim/common/wotlk/other_effects.go:249 sim/common/wotlk/other_effects.go:259,,900 25 45 1 900,Your spell critical strikes have a chance to restore $60538s1 mana.,"Soul of the Dead Requires Shaman Your spell critical strikes have a chance to restore 900 mana. (Proc chance: 25%, 45s cooldown)",
item,40430,Majestic Dragon Figurine,equip,matches server,match,60524 > 60525,60525 effect1=18; 60525 duration=10,,10 18,sim/common/wotlk/stat_bonus_stacking.go:178 sim/common/wotlk/stat_bonus_stacking.go:179,,18 10 18 10,"Each time you cast a spell you gain 18 Spirit for the next 10 sec, stacking up to 10 times.","Majestic Dragon Figurine Each time you cast a spell you gain 18 Spirit for the next 10 sec, stacking up to 10 times.",
item,40431,Fury of the Five Flights,equip,matches server,match,60313 > 60314,60314 effect1=16; 60314 effect3=16; 60314 duration=10,,10 20 16,sim/common/wotlk/stat_bonus_stacking.go:187 sim/common/wotlk/stat_bonus_stacking.go:188,,16 10 20 16 10,"Each time you deal melee or ranged damage to an opponent, you gain 16 attack power for the next 10 sec, stacking up to 20 times.","Fury of the Five Flights Each time you deal melee or ranged damage to an opponent, you gain 16 attack power for the next 10 sec, stacking up to 20 times.",
item,40432,Illustration of the Dragon Soul,equip,matches server,match,60485 > 60486,60486 effect1=20; 60486 effect2=20; 60486 duration=10,,10 20,sim/common/wotlk/stat_bonus_stacking.go:198 sim/common/wotlk/stat_bonus_stacking.go:199,,20 10 20 10,"Each time you cast a damaging or healing spell you gain $60486s1 spell power for the next $60486d, stacking up to 10 times.","Illustration of the Dragon Soul Each time you cast a damaging or healing spell you gain 20 spell power for the next 10 sec, stacking up to 10 times.",
item,40531,Mark of Norgannon,use,matches server,match,60319,60319 effect1=491; 60319 duration=20; item 40531 cooldown=120,,491 20 120 2,sim/common/wotlk/stat_bonus_cds.go:41,,45 491 20,Increases your haste rating by $s1 for $d1.,Mark of Norgannon Instant Requires level 45 Increases your haste rating by 491 for 20 sec.,
item,40532,Living Ice Crystals,use,not in sim Go,match,60526,60526 effect1=2710; item 40532 cooldown=60,,,,,40 2710,Instantly heal your current friendly target for $s1.,Living Ice Crystals 40 yd range Instant Instantly heal your current friendly target for 2710.,
item,40585,Signet of the Kirin Tor,use,not in sim Go,manual: no values a tooltip shows,54406,item 40585 cooldown=1800,,,,,10 71,Teleports the caster to Dalaran.,Teleport: Dalaran 10 sec cast Requires level 71 Teleports the caster to Dalaran.,
item,40586,Band of the Kirin Tor,use,not in sim Go,manual: no values a tooltip shows,54406,item 40586 cooldown=1800,,,,,10 71,Teleports the caster to Dalaran.,Teleport: Dalaran 10 sec cast Requires level 71 Teleports the caster to Dalaran.,
item,40682,Sundial of the Exiled,equip,matches server,match,60063 > 60064,60063 proc chance=10; 60063 proc cooldown=45; 60064 effect1=590; 60064 effect2=590; 60064 duration=10,,590 10 0.1 45 44912 50 49076,sim/common/wotlk/stat_bonus_procs.go:173 sim/common/wotlk/stat_bonus_procs.go:174 sim/common/wotlk/stat_bonus_procs.go:268 sim/common/wotlk/stat_bonus_procs.go:476,,60 590 10 45 60 590 10,Your harmful spells have a chance to increase your spell power by $60064s1 for $60064d.,"Now is the Time! Requires level 60 Your harmful spells have a chance to increase your spell power by 590 for 10 sec. (Proc chance: 10%, 45s cooldown)",
item,40683,Valor Medal of the First War,use,matches server,match,60054,60054 effect1=335; 60054 duration=20; item 40683 cooldown=120,,335 20 120 2,sim/common/wotlk/stat_bonus_cds.go:140,,335 20,Increases dodge rating by $s1 for $d1.,Valor Medal of the First War Instant Increases dodge rating by 335 for 20 sec.,
item,40684,Mirror of Truth,equip,matches server,match,33648 > 60065,33648 proc chance=10; 33648 proc cooldown=50; 60065 effect1=1000; 60065 effect2=1000; 60065 duration=10,,1000 10 0.1 50 44914 49074,sim/common/wotlk/stat_bonus_procs.go:184 sim/common/wotlk/stat_bonus_procs.go:185 sim/common/wotlk/stat_bonus_procs.go:278 sim/common/wotlk/stat_bonus_procs.go:464,,60 1000 10 50 1000 10,Chance on melee and ranged critical strike to increase your attack power by 1000 for 10 secs.,"Reflection of Torment Requires level 60 Chance on melee and ranged critical strike to increase your attack power by 1000 for 10 secs. (Proc chance: 10%, 50s cooldown)",
item,40685,The Egg of Mortal Essence,equip,matches server,match,33953 > 60062,33953 proc chance=10; 33953 proc cooldown=45; 60062 effect1=505; 60062 duration=10,,505 10 0.1 45 49078,sim/common/wotlk/stat_bonus_procs.go:197 sim/common/wotlk/stat_bonus_procs.go:198 sim/common/wotlk/stat_bonus_procs.go:488,,60 505 10 45 60 505 10,Your direct healing and heal over time spells have a chance to increase your haste rating by 505 for 10 secs.,"Essence of Life Requires level 60 Your direct healing and heal over time spells have a chance to increase your haste rating by 505 for 10 secs. (Proc chance: 10%, 45s cooldown)",
item,40705,Libram of Renewal,equip,not in sim Go,match,60787,60787 effect1=113,,,,,113,Reduces the mana cost of Holy Light by $s1.,Libram of Renewal Requires Paladin Reduces the mana cost of Holy Light by 113.,
item,40706,Libram of Reciprocation,equip,matches server,match,60818 > 60819,60818 proc chance=15; 60819 effect1=173; 60819 duration=10,,173 10 0.15,sim/paladin/items.go:252 sim/paladin/items.go:254,,173 10 15 50 173,Unleashing your Seal of Command using a Judgement spell has a chance to grant $60819s1 critical strike rating for $60819d.,Libram of Reciprocation Requires Paladin Unleashing your Seal of Command using a Judgement spell has a chance to grant 173 critical strike rating for 10 sec. (Proc chance: 15%),
item,40707,Libram of Obstruction,equip,matches server,match,60794 > 60795,60795 effect1=352; 60795 duration=10,,352 10,sim/paladin/items.go:456 sim/paladin/items.go:458,,352 10 352,Your Judgement ability also increases your shield block value by $60795s1 for $60795d.,Libram of Obstruction Requires Paladin Your Judgement ability also increases your shield block value by 352 for 10 sec.,
item,40708,Totem of the Elemental Plane,equip,matches server,match,60770 > 60771,60770 proc chance=15; 60770 proc cooldown=30; 60771 effect1=196; 60771 duration=10,,196 10 30 49238 0.15,sim/shaman/items_wotlk.go:85 sim/shaman/items_wotlk.go:87,,196 10 15 30 50,Your Lightning Bolt spell has a chance to grant $60771s1 haste rating for $60771d.,"Totem of the Elemental Plane Requires Shaman Your Lightning Bolt spell has a chance to grant 196 haste rating for 10 sec. (Proc chance: 15%, 30s cooldown)",
item,40709,Totem of Forest Growth,equip,matches server (not registered),match,60768,60768 effect1=78,,78 0,sim/shaman/heals.go:323,,78,Reduces the base mana cost of Chain Heal by $s1.,Totem of Forest Growth Requires Shaman Reduces the base mana cost of Chain Heal by 78.,
item,40710,Totem of Splintering,equip,matches server (not registered),match,60764,60764 effect1=212,,212,sim/shaman/weapon_imbues.go:12 sim/shaman/weapon_imbues.go:37,,212,Increases the attack power bonus on Windfury Weapon attacks by $s1.,Totem of Splintering Requires Shaman Increases the attack power bonus on Windfury Weapon attacks by 212.,
item,40711,Idol of Lush Moss,equip,not in sim Go,match,60779,60779 effect1=125,,,,,125,Increases the spell power on the periodic portion of your Lifebloom by $s1.,Idol of Lush Moss Requires Druid Increases the spell power on the periodic portion of your Lifebloom by 125.,
item,40712,Idol of Steadfast Renewal,equip,matches server (not registered),match,60777,60777 effect1=70,,25 0 70,sim/druid/wrath.go:10 sim/druid/wrath.go:15,,70,Increases the damage dealt by Wrath by $s1.,Idol of Steadfast Renewal Requires Druid Increases the damage dealt by Wrath by 70.,
item,40713,Idol of the Ravenous Beast,equip,differs from server (not registered),differs,60773,60773 effect1=90,60773 effect1=90,203 0,sim/druid/shred.go:13,60773 effect1=90,203,Increases the damage dealt by Shred by 203.,Idol of the Ravenous Beast Requires Druid Increases the damage dealt by Shred by 203.,
item,40714,Sigil of the Unfaltering Knight,equip,matches server (not registered),differs,62147 > 62146,62146 effect1=53; 62146 duration=30,,53 30,sim/deathknight/items.go:578 sim/deathknight/items.go:580,62146 duration=30,53 1 53,Your Icy Touch will also increase your defense rating by $62146s1.,Icy Touch Defense Increase Requires Death Knight Your Icy Touch will also increase your defense rating by 53.,
item,40715,Sigil of Haunted Dreams,equip,matches server (not registered),match,60826 > 60828,60826 proc chance=15; 60826 proc cooldown=45; 60828 effect1=173; 60828 duration=10,,173 10 45 0.15,sim/deathknight/items.go:594 sim/deathknight/items.go:596,,173 10 15 45 50 173,Your Blood Strike and Heart Strikes have a chance to grant $60828s1 critical strike rating for $60828d.,"Sigil of Haunted Dreams Requires Death Knight Your Blood Strike and Heart Strikes have a chance to grant 173 critical strike rating for 10 sec. (Proc chance: 15%, 45s cooldown)",
item,40767,Sonic Booster,equip,matches server,match,54707 > 55018,54707 proc chance=35; 54707 proc cooldown=50; 55018 effect1=430; 55018 effect2=430; 55018 duration=10,,430 10 0.35 50,sim/common/wotlk/stat_bonus_procs.go:207 sim/common/wotlk/stat_bonus_procs.go:208,,430 10 35 50 430 10,"The noise made from melee combat sometimes causes Sonic Awareness, increasing your attack power by $55018s1 for $55018d.  This effect can only occur once every minute.","Sonic Awareness (DND) The noise made from melee combat sometimes causes Sonic Awareness, increasing your attack power by 430 for 10 sec. This effect can only occur once every minute. (Proc chance: 35%, 50s cooldown)",
item,40797,Savage Gladiator's Plate Gauntlets,equip,not in sim Go,differs,22778,22778 effect1=30,,,,22778 effect1=30,1 3,Reduces the rage cost of your Hamstring ability by $/10;s1.,Hamstring Rage Reduction Rank 1 Requires Warrior Reduces the rage cost of your Hamstring ability by 3.,
item,40798,Savage Gladiator's Scaled Gauntlets,equip,matches server (not registered),match,44300,44300 effect1=5,,40802 40805 40808 40812 51475 0.05,sim/paladin/items.go:224,,5,Increases the damage dealt by your Crusader Strike ability by $s1%.,Improved Crusader Strike Requires Paladin Increases the damage dealt by your Crusader Strike ability by 5%.,
item,40799,Savage Gladiator's Dreadplate Gauntlets,equip,not in sim Go,differs,62459 > 62458,62458 effect1=50,,,,62458 effect1=50,3 5 1 55 5,Your Chains of Ice ability now generates an additional ${$62458m1/10} runic power.,Chains of Ice Frost Rune Refresh Rank 3 Requires Death Knight Your Chains of Ice ability now generates an additional 5 runic power.,
item,40801,Hateful Gladiator's Plate Gauntlets,equip,not in sim Go,differs,22778,22778 effect1=30,,,,22778 effect1=30,1 3,Reduces the rage cost of your Hamstring ability by $/10;s1.,Hamstring Rage Reduction Rank 1 Requires Warrior Reduces the rage cost of your Hamstring ability by 3.,
item,40802,Hateful Gladiator's Scaled Gauntlets,equip,matches server (not registered),match,44300,44300 effect1=5,,40798 40805 40808 40812 51475 0.05,sim/paladin/items.go:224,,5,Increases the damage dealt by your Crusader Strike ability by $s1%.,Improved Crusader Strike Requires Paladin Increases the damage dealt by your Crusader Strike ability by 5%.,
item,40803,Hateful Gladiator's Dreadplate Gauntlets,equip,not in sim Go,differs,62459 > 62458,62458 effect1=50,,,,62458 effect1=50,3 5 1 55 5,Your Chains of Ice ability now generates an additional ${$62458m1/10} runic power.,Chains of Ice Frost Rune Refresh Rank 3 Requires Death Knight Your Chains of Ice ability now generates an additional 5 runic power.,
item,40804,Deadly Gladiator's Plate Gauntlets,equip,not in sim Go,differs,22778,22778 effect1=30,,,,22778 effect1=30,1 3,Reduces the rage cost of your Hamstring ability by $/10;s1.,Hamstring Rage Reduction Rank 1 Requires Warrior Reduces the rage cost of your Hamstring ability by 3.,
item,40805,Deadly Gladiator's Scaled Gauntlets,equip,matches server (not registered),match,44300,44300 effect1=5,,40798 40802 40808 40812 51475 0.05,sim/paladin/items.go:224,,5,Increases the damage dealt by your Crusader Strike ability by $s1%.,Improved Crusader Strike Requires Paladin Increases the damage dealt by your Crusader Strike ability by 5%.,
item,40806,Deadly Gladiator's Dreadplate Gauntlets,equip,not in sim Go,differs,62459 > 62458,62458 effect1=50,,,,62458 effect1=50,3 5 1 55 5,Your Chains of Ice ability now generates an additional ${$62458m1/10} runic power.,Chains of Ice Frost Rune Refresh Rank 3 Requires Death Knight Your Chains of Ice ability now generates an additional 5 runic power.,
item,40807,Furious Gladiator's Plate Gauntlets,equip,not in sim Go,differs,22778,22778 effect1=30,,,,22778 effect1=30,1 3,Reduces the rage cost of your Hamstring ability by $/10;s1.,Hamstring Rage Reduction Rank 1 Requires Warrior Reduces the rage cost of your Hamstring ability by 3.,
item,40808,Furious Gladiator's Scaled Gauntlets,equip,matches server (not registered),match,44300,44300 effect1=5,,40798 40802 40805 40812 51475 0.05,sim/paladin/items.go:224,,5,Increases the damage dealt by your Crusader Strike ability by $s1%.,Improved Crusader Strike Requires Paladin Increases the damage dealt by your Crusader Strike ability by 5%.,
item,40809,Furious Gladiator's Dreadplate Gauntlets,equip,not in sim Go,differs,62459 > 62458,62458 effect1=50,,,,62458 effect1=50,3 5 1 55 5,Your Chains of Ice ability now generates an additional ${$62458m1/10} runic power.,Chains of Ice Frost Rune Refresh Rank 3 Requires Death Knight Your Chains of Ice ability now generates an additional 5 runic power.,
item,40810,Relentless Gladiator's Plate Gauntlets,equip,not in sim Go,differs,22778,22778 effect1=30,,,,22778 effect1=30,1 3,Reduces the rage cost of your Hamstring ability by $/10;s1.,Hamstring Rage Reduction Rank 1 Requires Warrior Reduces the rage cost of your Hamstring ability by 3.,
item,40811,Relentless Gladiator's Dreadplate Gauntlets,equip,not in sim Go,differs,62459 > 62458,62458 effect1=50,,,,62458 effect1=50,3 5 1 55 5,Your Chains of Ice ability now generates an additional ${$62458m1/10} runic power.,Chains of Ice Frost Rune Refresh Rank 3 Requires Death Knight Your Chains of Ice ability now generates an additional 5 runic power.,
item,40812,Relentless Gladiator's Scaled Gauntlets,equip,matches server (not registered),match,44300,44300 effect1=5,,40798 40802 40805 40808 51475 0.05,sim/paladin/items.go:224,,5,Increases the damage dealt by your Crusader Strike ability by $s1%.,Improved Crusader Strike Requires Paladin Increases the damage dealt by your Crusader Strike ability by 5%.,
item,40822,Sigil of the Frozen Conscience,equip,matches server (not registered),match,54800,54800 effect1=111,,111 0,sim/deathknight/items.go:288,,111,Increases the damage dealt by your Icy Touch ability by ${$m1}.,Increased Icy Touch Damage Requires Death Knight Increases the damage dealt by your Icy Touch ability by 111.,
item,40839,ObsoleteSigil of the Glorious Mistake,equip,not in sim Go,match,54803,54803 effect1=2,,,,,2,Increases the damage reduction of your Icebound Fortitude by 2%.,Increased Icebound Fortitude Mitigation Requires Death Knight Increases the damage reduction of your Icebound Fortitude by 2%.,
item,40865,Noise Machine,equip,not in sim Go,match,54808 > 55019,54808 proc chance=50; 54808 proc cooldown=50; 55019 effect1=1100; 55019 duration=12,,,,,1100 50 1100 12,"Melee attacks against you have a chance to invoke a Sonic Shield, absorbing $55019s1 damage.  This effect can only occur once a minute.","Sonic Shield Melee attacks against you have a chance to invoke a Sonic Shield, absorbing 1100 damage. This effect can only occur once a minute. (Proc chance: 50%, 50s cooldown)",
item,40867,Sigil of the Wild Buck,equip,matches server (not registered),match,54807,54807 effect1=80,,80 0,sim/deathknight/items.go:292,,80,Increases the damage dealt by your Death Coil ability by ${$m1}.,Increased Death Coil Damage Requires Death Knight Increases the damage dealt by your Death Coil ability by 80.,
item,40875,Sigil of Arthritic Binding,equip,matches server (not registered),differs,54809,54809 effect1=203,,203 0,sim/deathknight/items.go:296,54809 effect1=203,91,Increases the base damage dealt by your Scourge Strike ability by ${$m1*$m2/100}.,Increased Scourge Strike Damage Requires Death Knight Increases the base damage dealt by your Scourge Strike ability by 91.,
item,40918,Savage Gladiator's Ornamented Gloves,equip,not in sim Go,match,38522,38522 effect1=2,,,,,2,Increases the critical effect chance of your Flash of Light by $s1%.,Increased Flash of Light Crit Chance Requires Paladin Increases the critical effect chance of your Flash of Light by 2%.,
item,40925,Hateful Gladiator's Ornamented Gloves,equip,not in sim Go,match,38522,38522 effect1=2,,,,,2,Increases the critical effect chance of your Flash of Light by $s1%.,Increased Flash of Light Crit Chance Requires Paladin Increases the critical effect chance of your Flash of Light by 2%.,
item,40926,Deadly Gladiator's Ornamented Gloves,equip,not in sim Go,match,38522,38522 effect1=2,,,,,2,Increases the critical effect chance of your Flash of Light by $s1%.,Increased Flash of Light Crit Chance Requires Paladin Increases the critical effect chance of your Flash of Light by 2%.,
item,40927,Furious Gladiator's Ornamented Gloves,equip,not in sim Go,match,38522,38522 effect1=2,,,,,2,Increases the critical effect chance of your Flash of Light by $s1%.,Increased Flash of Light Crit Chance Requires Paladin Increases the critical effect chance of your Flash of Light by 2%.,
item,40928,Relentless Gladiator's Ornamented Gloves,equip,not in sim Go,match,38522,38522 effect1=2,,,,,2,Increases the critical effect chance of your Flash of Light by $s1%.,Increased Flash of Light Crit Chance Requires Paladin Increases the critical effect chance of your Flash of Light by 2%.,
item,40998,Savage Gladiator's Ringmail Gauntlets,equip,not in sim Go,match,32973,32973 effect1=5,,,,,1 5,Improves the range of your Shock and Wind Shear spells by $s1 yards.,Shaman Shock Range Bonus Rank 1 Requires Shaman Improves the range of your Shock and Wind Shear spells by 5 yards.,
item,40999,Hateful Gladiator's Ringmail Gauntlets,equip,not in sim Go,match,32973,32973 effect1=5,,,,,1 5,Improves the range of your Shock and Wind Shear spells by $s1 yards.,Shaman Shock Range Bonus Rank 1 Requires Shaman Improves the range of your Shock and Wind Shear spells by 5 yards.,
item,41000,Deadly Gladiator's Ringmail Gauntlets,equip,not in sim Go,match,32973,32973 effect1=5,,,,,1 5,Improves the range of your Shock and Wind Shear spells by $s1 yards.,Shaman Shock Range Bonus Rank 1 Requires Shaman Improves the range of your Shock and Wind Shear spells by 5 yards.,
item,41001,Furious Gladiator's Ringmail Gauntlets,equip,not in sim Go,match,32973,32973 effect1=5,,,,,1 5,Improves the range of your Shock and Wind Shear spells by $s1 yards.,Shaman Shock Range Bonus Rank 1 Requires Shaman Improves the range of your Shock and Wind Shear spells by 5 yards.,
item,41002,Relentless Gladiator's Ringmail Gauntlets,equip,not in sim Go,match,32973,32973 effect1=5,,,,,1 5,Improves the range of your Shock and Wind Shear spells by $s1 yards.,Shaman Shock Range Bonus Rank 1 Requires Shaman Improves the range of your Shock and Wind Shear spells by 5 yards.,
item,41004,Savage Gladiator's Mail Gauntlets,equip,not in sim Go,match,32973,32973 effect1=5,,,,,1 5,Improves the range of your Shock and Wind Shear spells by $s1 yards.,Shaman Shock Range Bonus Rank 1 Requires Shaman Improves the range of your Shock and Wind Shear spells by 5 yards.,
item,41005,Hateful Gladiator's Mail Gauntlets,equip,not in sim Go,match,32973,32973 effect1=5,,,,,1 5,Improves the range of your Shock and Wind Shear spells by $s1 yards.,Shaman Shock Range Bonus Rank 1 Requires Shaman Improves the range of your Shock and Wind Shear spells by 5 yards.,
item,41006,Deadly Gladiator's Mail Gauntlets,equip,not in sim Go,match,32973,32973 effect1=5,,,,,1 5,Improves the range of your Shock and Wind Shear spells by $s1 yards.,Shaman Shock Range Bonus Rank 1 Requires Shaman Improves the range of your Shock and Wind Shear spells by 5 yards.,
item,41007,Furious Gladiator's Mail Gauntlets,equip,not in sim Go,match,32973,32973 effect1=5,,,,,1 5,Improves the range of your Shock and Wind Shear spells by $s1 yards.,Shaman Shock Range Bonus Rank 1 Requires Shaman Improves the range of your Shock and Wind Shear spells by 5 yards.,
item,41008,Relentless Gladiator's Mail Gauntlets,equip,not in sim Go,match,32973,32973 effect1=5,,,,,1 5,Improves the range of your Shock and Wind Shear spells by $s1 yards.,Shaman Shock Range Bonus Rank 1 Requires Shaman Improves the range of your Shock and Wind Shear spells by 5 yards.,
item,41121,Gnomish Lightning Generator,use,matches server,match,55039,55039 effect1=1870; 55039 effect1 min=1530; item 41121 cooldown=60,,60 1 10 1530 1870,sim/common/wotlk/other_effects.go:266 sim/common/wotlk/other_effects.go:268,,30 1530 1870,Generates a bolt of lightning to strike an enemy for $s1 Nature damage.  This entire device is made of metal....,Gnomish Lightning Generator 30 yd range Instant Generates a bolt of lightning to strike an enemy for 1530 to 1870 Nature damage. This entire device is made of metal....,
item,41134,Savage Gladiator's Linked Gauntlets,equip,not in sim Go,match,32973,32973 effect1=5,,,,,1 5,Improves the range of your Shock and Wind Shear spells by $s1 yards.,Shaman Shock Range Bonus Rank 1 Requires Shaman Improves the range of your Shock and Wind Shear spells by 5 yards.,
item,41135,Hateful Gladiator's Linked Gauntlets,equip,not in sim Go,match,32973,32973 effect1=5,,,,,1 5,Improves the range of your Shock and Wind Shear spells by $s1 yards.,Shaman Shock Range Bonus Rank 1 Requires Shaman Improves the range of your Shock and Wind Shear spells by 5 yards.,
item,41136,Deadly Gladiator's Linked Gauntlets,equip,not in sim Go,match,32973,32973 effect1=5,,,,,1 5,Improves the range of your Shock and Wind Shear spells by $s1 yards.,Shaman Shock Range Bonus Rank 1 Requires Shaman Improves the range of your Shock and Wind Shear spells by 5 yards.,
item,41137,Furious Gladiator's Linked Gauntlets,equip,not in sim Go,match,32973,32973 effect1=5,,,,,1 5,Improves the range of your Shock and Wind Shear spells by $s1 yards.,Shaman Shock Range Bonus Rank 1 Requires Shaman Improves the range of your Shock and Wind Shear spells by 5 yards.,
item,41138,Relentless Gladiator's Linked Gauntlets,equip,not in sim Go,match,32973,32973 effect1=5,,,,,1 5,Improves the range of your Shock and Wind Shear spells by $s1 yards.,Shaman Shock Range Bonus Rank 1 Requires Shaman Improves the range of your Shock and Wind Shear spells by 5 yards.,
item,41140,Savage Gladiator's Chain Gauntlets,equip,not in sim Go,differs,61255,61255 effect1=2000,,,,61255 effect1=2000,5 1 2,Reduces the cooldown of your Tranquilizing Shot by $/1000;s1 seconds.,Tranquilizing Shot Cooldown Reduction Rank 5 Requires Hunter Requires level 1 Reduces the cooldown of your Tranquilizing Shot by 2 seconds.,
item,41141,Hateful Gladiator's Chain Gauntlets,equip,not in sim Go,differs,61255,61255 effect1=2000,,,,61255 effect1=2000,5 1 2,Reduces the cooldown of your Tranquilizing Shot by $/1000;s1 seconds.,Tranquilizing Shot Cooldown Reduction Rank 5 Requires Hunter Requires level 1 Reduces the cooldown of your Tranquilizing Shot by 2 seconds.,
item,41142,Deadly Gladiator's Chain Gauntlets,equip,not in sim Go,differs,61255,61255 effect1=2000,,,,61255 effect1=2000,5 1 2,Reduces the cooldown of your Tranquilizing Shot by $/1000;s1 seconds.,Tranquilizing Shot Cooldown Reduction Rank 5 Requires Hunter Requires level 1 Reduces the cooldown of your Tranquilizing Shot by 2 seconds.,
item,41143,Furious Gladiator's Chain Gauntlets,equip,not in sim Go,differs,61255,61255 effect1=2000,,,,61255 effect1=2000,5 1 2,Reduces the cooldown of your Tranquilizing Shot by $/1000;s1 seconds.,Tranquilizing Shot Cooldown Reduction Rank 5 Requires Hunter Requires level 1 Reduces the cooldown of your Tranquilizing Shot by 2 seconds.,
item,41144,Relentless Gladiator's Chain Gauntlets,equip,not in sim Go,differs,61255,61255 effect1=2000,,,,61255 effect1=2000,5 1 2,Reduces the cooldown of your Tranquilizing Shot by $/1000;s1 seconds.,Tranquilizing Shot Cooldown Reduction Rank 5 Requires Hunter Requires level 1 Reduces the cooldown of your Tranquilizing Shot by 2 seconds.,
item,41268,Savage Gladiator's Kodohide Gloves,equip,not in sim Go,differs,33830,33830 effect1=100; 33830 effect2=100,,,,33830 effect1=100; 33830 effect2=100,0.1,Reduces the cast time of your Cyclone spell by $/1000;S1 sec.,Cyclone Cast Time Decrease Requires Druid Reduces the cast time of your Cyclone spell by 0.1 sec.,
item,41284,Hateful Gladiator's Kodohide Gloves,equip,not in sim Go,differs,33830,33830 effect1=100; 33830 effect2=100,,,,33830 effect1=100; 33830 effect2=100,0.1,Reduces the cast time of your Cyclone spell by $/1000;S1 sec.,Cyclone Cast Time Decrease Requires Druid Reduces the cast time of your Cyclone spell by 0.1 sec.,
item,41286,Deadly Gladiator's Kodohide Gloves,equip,not in sim Go,differs,33830,33830 effect1=100; 33830 effect2=100,,,,33830 effect1=100; 33830 effect2=100,0.1,Reduces the cast time of your Cyclone spell by $/1000;S1 sec.,Cyclone Cast Time Decrease Requires Druid Reduces the cast time of your Cyclone spell by 0.1 sec.,
item,41287,Furious Gladiator's Kodohide Gloves,equip,not in sim Go,differs,33830,33830 effect1=100; 33830 effect2=100,,,,33830 effect1=100; 33830 effect2=100,0.1,Reduces the cast time of your Cyclone spell by $/1000;S1 sec.,Cyclone Cast Time Decrease Requires Druid Reduces the cast time of your Cyclone spell by 0.1 sec.,
item,41288,Relentless Gladiator's Kodohide Gloves,equip,not in sim Go,differs,33830,33830 effect1=100; 33830 effect2=100,,,,33830 effect1=100; 33830 effect2=100,0.1,Reduces the cast time of your Cyclone spell by $/1000;S1 sec.,Cyclone Cast Time Decrease Requires Druid Reduces the cast time of your Cyclone spell by 0.1 sec.,
item,41290,Savage Gladiator's Wyrmhide Gloves,equip,not in sim Go,differs,33830,33830 effect1=100; 33830 effect2=100,,,,33830 effect1=100; 33830 effect2=100,0.1,Reduces the cast time of your Cyclone spell by $/1000;S1 sec.,Cyclone Cast Time Decrease Requires Druid Reduces the cast time of your Cyclone spell by 0.1 sec.,
item,41291,Hateful Gladiator's Wyrmhide Gloves,equip,not in sim Go,differs,33830,33830 effect1=100; 33830 effect2=100,,,,33830 effect1=100; 33830 effect2=100,0.1,Reduces the cast time of your Cyclone spell by $/1000;S1 sec.,Cyclone Cast Time Decrease Requires Druid Reduces the cast time of your Cyclone spell by 0.1 sec.,
item,41292,Deadly Gladiator's Wyrmhide Gloves,equip,not in sim Go,differs,33830,33830 effect1=100; 33830 effect2=100,,,,33830 effect1=100; 33830 effect2=100,0.1,Reduces the cast time of your Cyclone spell by $/1000;S1 sec.,Cyclone Cast Time Decrease Requires Druid Reduces the cast time of your Cyclone spell by 0.1 sec.,
item,41293,Furious Gladiator's Wyrmhide Gloves,equip,not in sim Go,differs,33830,33830 effect1=100; 33830 effect2=100,,,,33830 effect1=100; 33830 effect2=100,0.1,Reduces the cast time of your Cyclone spell by $/1000;S1 sec.,Cyclone Cast Time Decrease Requires Druid Reduces the cast time of your Cyclone spell by 0.1 sec.,
item,41294,Relentless Gladiator's Wyrmhide Gloves,equip,not in sim Go,differs,33830,33830 effect1=100; 33830 effect2=100,,,,33830 effect1=100; 33830 effect2=100,0.1,Reduces the cast time of your Cyclone spell by $/1000;S1 sec.,Cyclone Cast Time Decrease Requires Druid Reduces the cast time of your Cyclone spell by 0.1 sec.,
item,41587,Battlemaster's Celerity,use,not in sim Go,match,44055,44055 effect1=1750; 44055 duration=15; item 41587 cooldown=180,,,,,40 1750 15,Increases maximum health by $s1 for $d. Shares cooldown with other Battlemaster's trinkets.,Tremendous Fortitude 40 yd range Instant Increases maximum health by 1750 for 15 sec. Shares cooldown with other Battlemaster's trinkets.,
item,41588,Battlemaster's Aggression,use,not in sim Go,match,44055,44055 effect1=1750; 44055 duration=15; item 41588 cooldown=180,,,,,40 1750 15,Increases maximum health by $s1 for $d. Shares cooldown with other Battlemaster's trinkets.,Tremendous Fortitude 40 yd range Instant Increases maximum health by 1750 for 15 sec. Shares cooldown with other Battlemaster's trinkets.,
item,41589,Battlemaster's Resolve,use,not in sim Go,match,44055,44055 effect1=1750; 44055 duration=15; item 41589 cooldown=180,,,,,40 1750 15,Increases maximum health by $s1 for $d. Shares cooldown with other Battlemaster's trinkets.,Tremendous Fortitude 40 yd range Instant Increases maximum health by 1750 for 15 sec. Shares cooldown with other Battlemaster's trinkets.,
item,41590,Battlemaster's Courage,use,not in sim Go,match,44055,44055 effect1=1750; 44055 duration=15; item 41590 cooldown=180,,,,,40 1750 15,Increases maximum health by $s1 for $d. Shares cooldown with other Battlemaster's trinkets.,Tremendous Fortitude 40 yd range Instant Increases maximum health by 1750 for 15 sec. Shares cooldown with other Battlemaster's trinkets.,
item,41643,Savage Gladiator's Leather Gloves,equip,not in sim Go,match,61249,61249 effect1=10,,,,,5 1 10,Reduces the Energy cost of your Kick by $s1.,Kick Cost Reduction Rank 5 Requires Rogue Requires level 1 Reduces the Energy cost of your Kick by 10.,
item,41765,Hateful Gladiator's Leather Gloves,equip,not in sim Go,match,61249,61249 effect1=10,,,,,5 1 10,Reduces the Energy cost of your Kick by $s1.,Kick Cost Reduction Rank 5 Requires Rogue Requires level 1 Reduces the Energy cost of your Kick by 10.,
item,41766,Deadly Gladiator's Leather Gloves,equip,not in sim Go,match,61249,61249 effect1=10,,,,,5 1 10,Reduces the Energy cost of your Kick by $s1.,Kick Cost Reduction Rank 5 Requires Rogue Requires level 1 Reduces the Energy cost of your Kick by 10.,
item,41767,Furious Gladiator's Leather Gloves,equip,not in sim Go,match,61249,61249 effect1=10,,,,,5 1 10,Reduces the Energy cost of your Kick by $s1.,Kick Cost Reduction Rank 5 Requires Rogue Requires level 1 Reduces the Energy cost of your Kick by 10.,
item,41768,Relentless Gladiator's Leather Gloves,equip,not in sim Go,match,61249,61249 effect1=10,,,,,5 1 10,Reduces the Energy cost of your Kick by $s1.,Kick Cost Reduction Rank 5 Requires Rogue Requires level 1 Reduces the Energy cost of your Kick by 10.,
item,41770,Savage Gladiator's Dragonhide Gloves,equip,not in sim Go,match,61252,61252 effect1=15,,,,,5 1 15,Reduces the energy cost of your Maim by $s1.,Maim Cost Reduction Rank 5 Requires Druid Requires level 1 Reduces the energy cost of your Maim by 15.,
item,41771,Hateful Gladiator's Dragonhide Gloves,equip,not in sim Go,match,61252,61252 effect1=15,,,,,5 1 15,Reduces the energy cost of your Maim by $s1.,Maim Cost Reduction Rank 5 Requires Druid Requires level 1 Reduces the energy cost of your Maim by 15.,
item,41772,Deadly Gladiator's Dragonhide Gloves,equip,not in sim Go,match,61252,61252 effect1=15,,,,,5 1 15,Reduces the energy cost of your Maim by $s1.,Maim Cost Reduction Rank 5 Requires Druid Requires level 1 Reduces the energy cost of your Maim by 15.,
item,41773,Furious Gladiator's Dragonhide Gloves,equip,not in sim Go,match,61252,61252 effect1=15,,,,,5 1 15,Reduces the energy cost of your Maim by $s1.,Maim Cost Reduction Rank 5 Requires Druid Requires level 1 Reduces the energy cost of your Maim by 15.,
item,41774,Relentless Gladiator's Dragonhide Gloves,equip,not in sim Go,match,61252,61252 effect1=15,,,,,5 1 15,Reduces the energy cost of your Maim by $s1.,Maim Cost Reduction Rank 5 Requires Druid Requires level 1 Reduces the energy cost of your Maim by 15.,
item,41847,Savage Gladiator's Mooncloth Gloves,equip,not in sim Go,differs,44297,44297 effect1=3000,,,,44297 effect1=3000,3,Reduces the cooldown of your Psychic Scream ability by ${$m1/-1000} sec.,Improved Psychic Scream Requires Priest Reduces the cooldown of your Psychic Scream ability by 3 sec.,
item,41872,Hateful Gladiator's Mooncloth Gloves,equip,not in sim Go,differs,44297,44297 effect1=3000,,,,44297 effect1=3000,3,Reduces the cooldown of your Psychic Scream ability by ${$m1/-1000} sec.,Improved Psychic Scream Requires Priest Reduces the cooldown of your Psychic Scream ability by 3 sec.,
item,41873,Deadly Gladiator's Mooncloth Gloves,equip,not in sim Go,differs,44297,44297 effect1=3000,,,,44297 effect1=3000,3,Reduces the cooldown of your Psychic Scream ability by ${$m1/-1000} sec.,Improved Psychic Scream Requires Priest Reduces the cooldown of your Psychic Scream ability by 3 sec.,
item,41874,Furious Gladiator's Mooncloth Gloves,equip,not in sim Go,differs,44297,44297 effect1=3000,,,,44297 effect1=3000,3,Reduces the cooldown of your Psychic Scream ability by ${$m1/-1000} sec.,Improved Psychic Scream Requires Priest Reduces the cooldown of your Psychic Scream ability by 3 sec.,
item,41875,Relentless Gladiator's Mooncloth Gloves,equip,not in sim Go,differs,44297,44297 effect1=3000,,,,44297 effect1=3000,3,Reduces the cooldown of your Psychic Scream ability by ${$m1/-1000} sec.,Improved Psychic Scream Requires Priest Reduces the cooldown of your Psychic Scream ability by 3 sec.,
item,41937,Savage Gladiator's Satin Gloves,equip,not in sim Go,differs,44297,44297 effect1=3000,,,,44297 effect1=3000,3,Reduces the cooldown of your Psychic Scream ability by ${$m1/-1000} sec.,Improved Psychic Scream Requires Priest Reduces the cooldown of your Psychic Scream ability by 3 sec.,
item,41938,Hateful Gladiator's Satin Gloves,equip,not in sim Go,differs,44297,44297 effect1=3000,,,,44297 effect1=3000,3,Reduces the cooldown of your Psychic Scream ability by ${$m1/-1000} sec.,Improved Psychic Scream Requires Priest Reduces the cooldown of your Psychic Scream ability by 3 sec.,
item,41939,Deadly Gladiator's Satin Gloves,equip,not in sim Go,differs,44297,44297 effect1=3000,,,,44297 effect1=3000,3,Reduces the cooldown of your Psychic Scream ability by ${$m1/-1000} sec.,Improved Psychic Scream Requires Priest Reduces the cooldown of your Psychic Scream ability by 3 sec.,
item,41940,Furious Gladiator's Satin Gloves,equip,not in sim Go,differs,44297,44297 effect1=3000,,,,44297 effect1=3000,3,Reduces the cooldown of your Psychic Scream ability by ${$m1/-1000} sec.,Improved Psychic Scream Requires Priest Reduces the cooldown of your Psychic Scream ability by 3 sec.,
item,41941,Relentless Gladiator's Satin Gloves,equip,not in sim Go,differs,44297,44297 effect1=3000,,,,44297 effect1=3000,3,Reduces the cooldown of your Psychic Scream ability by ${$m1/-1000} sec.,Improved Psychic Scream Requires Priest Reduces the cooldown of your Psychic Scream ability by 3 sec.,
item,41968,Savage Gladiator's Silk Handguards,equip,not in sim Go,match,44301,44301 effect1=50,,,,,50,Reduces the pushback suffered from damaging attacks while casting Polymorph by $s1%.,Improved Polymorph Requires Mage Reduces the pushback suffered from damaging attacks while casting Polymorph by 50%.,
item,41969,Hateful Gladiator's Silk Handguards,equip,not in sim Go,match,44301,44301 effect1=50,,,,,50,Reduces the pushback suffered from damaging attacks while casting Polymorph by $s1%.,Improved Polymorph Requires Mage Reduces the pushback suffered from damaging attacks while casting Polymorph by 50%.,
item,41970,Deadly Gladiator's Silk Handguards,equip,not in sim Go,match,44301,44301 effect1=50,,,,,50,Reduces the pushback suffered from damaging attacks while casting Polymorph by $s1%.,Improved Polymorph Requires Mage Reduces the pushback suffered from damaging attacks while casting Polymorph by 50%.,
item,41971,Furious Gladiator's Silk Handguards,equip,not in sim Go,match,44301,44301 effect1=50,,,,,50,Reduces the pushback suffered from damaging attacks while casting Polymorph by $s1%.,Improved Polymorph Requires Mage Reduces the pushback suffered from damaging attacks while casting Polymorph by 50%.,
item,41972,Relentless Gladiator's Silk Handguards,equip,not in sim Go,match,44301,44301 effect1=50,,,,,50,Reduces the pushback suffered from damaging attacks while casting Polymorph by $s1%.,Improved Polymorph Requires Mage Reduces the pushback suffered from damaging attacks while casting Polymorph by 50%.,
item,42014,Savage Gladiator's Felweave Handguards,equip,not in sim Go,match,33063,33063 effect1=50,,,,,50,Reduces the pushback suffered from damaging attacks while casting Fear by $s1%.,Fear Cast Pushback Reduction Requires Warlock Reduces the pushback suffered from damaging attacks while casting Fear by 50%.,
item,42015,Hateful Gladiator's Felweave Handguards,equip,not in sim Go,match,33063,33063 effect1=50,,,,,50,Reduces the pushback suffered from damaging attacks while casting Fear by $s1%.,Fear Cast Pushback Reduction Requires Warlock Reduces the pushback suffered from damaging attacks while casting Fear by 50%.,
item,42016,Deadly Gladiator's Felweave Handguards,equip,not in sim Go,match,33063,33063 effect1=50,,,,,50,Reduces the pushback suffered from damaging attacks while casting Fear by $s1%.,Fear Cast Pushback Reduction Requires Warlock Reduces the pushback suffered from damaging attacks while casting Fear by 50%.,
item,42017,Furious Gladiator's Felweave Handguards,equip,not in sim Go,match,33063,33063 effect1=50,,,,,50,Reduces the pushback suffered from damaging attacks while casting Fear by $s1%.,Fear Cast Pushback Reduction Requires Warlock Reduces the pushback suffered from damaging attacks while casting Fear by 50%.,
item,42018,Relentless Gladiator's Felweave Handguards,equip,not in sim Go,match,33063,33063 effect1=50,,,,,50,Reduces the pushback suffered from damaging attacks while casting Fear by $s1%.,Fear Cast Pushback Reduction Requires Warlock Reduces the pushback suffered from damaging attacks while casting Fear by 50%.,
item,42122,Medallion of the Horde,use,not in sim Go,manual: no values a tooltip shows,42292,item 42122 cooldown=120,,,,,,Removes all movement impairing effects and all effects which cause loss of control of your character.,PvP Trinket Instant Removes all movement impairing effects and all effects which cause loss of control of your character.,
item,42123,Medallion of the Alliance,use,not in sim Go,manual: no values a tooltip shows,42292,item 42123 cooldown=120,,,,,,Removes all movement impairing effects and all effects which cause loss of control of your character.,PvP Trinket Instant Removes all movement impairing effects and all effects which cause loss of control of your character.,
item,42124,Medallion of the Alliance,use,not in sim Go,manual: no values a tooltip shows,42292,item 42124 cooldown=120,,,,,,Removes all movement impairing effects and all effects which cause loss of control of your character.,PvP Trinket Instant Removes all movement impairing effects and all effects which cause loss of control of your character.,
item,42126,Medallion of the Horde,use,not in sim Go,manual: no values a tooltip shows,42292,item 42126 cooldown=120,,,,,,Removes all movement impairing effects and all effects which cause loss of control of your character.,PvP Trinket Instant Removes all movement impairing effects and all effects which cause loss of control of your character.,
item,42128,Battlemaster's Hostility,use,matches server,match,55915,55915 effect1=3385; 55915 duration=15; item 42128 cooldown=180,,3385 15 180 3,sim/common/wotlk/stat_bonus_cds.go:102,,40 3385 15,Increases maximum health by $s1 for $d. Shares cooldown with other Battlemaster's trinkets.,Tremendous Fortitude 40 yd range Instant Increases maximum health by 3385 for 15 sec. Shares cooldown with other Battlemaster's trinkets.,
item,42129,Battlemaster's Accuracy,use,matches server,match,55915,55915 effect1=3385; 55915 duration=15; item 42129 cooldown=180,,3385 15 180 3,sim/common/wotlk/stat_bonus_cds.go:103,,40 3385 15,Increases maximum health by $s1 for $d. Shares cooldown with other Battlemaster's trinkets.,Tremendous Fortitude 40 yd range Instant Increases maximum health by 3385 for 15 sec. Shares cooldown with other Battlemaster's trinkets.,
item,42130,Battlemaster's Avidity,use,matches server,match,55915,55915 effect1=3385; 55915 duration=15; item 42130 cooldown=180,,3385 15 180 3,sim/common/wotlk/stat_bonus_cds.go:104,,40 3385 15,Increases maximum health by $s1 for $d. Shares cooldown with other Battlemaster's trinkets.,Tremendous Fortitude 40 yd range Instant Increases maximum health by 3385 for 15 sec. Shares cooldown with other Battlemaster's trinkets.,
item,42131,Battlemaster's Conviction,use,matches server,match,55915,55915 effect1=3385; 55915 duration=15; item 42131 cooldown=180,,3385 15 180 3,sim/common/wotlk/stat_bonus_cds.go:105,,40 3385 15,Increases maximum health by $s1 for $d. Shares cooldown with other Battlemaster's trinkets.,Tremendous Fortitude 40 yd range Instant Increases maximum health by 3385 for 15 sec. Shares cooldown with other Battlemaster's trinkets.,
item,42132,Battlemaster's Bravery,use,matches server,match,55915,55915 effect1=3385; 55915 duration=15; item 42132 cooldown=180,,3385 15 180 3,sim/common/wotlk/stat_bonus_cds.go:106,,40 3385 15,Increases maximum health by $s1 for $d. Shares cooldown with other Battlemaster's trinkets.,Tremendous Fortitude 40 yd range Instant Increases maximum health by 3385 for 15 sec. Shares cooldown with other Battlemaster's trinkets.,
item,42133,Battlemaster's Fury,use,matches server,match,67596,67596 effect1=4608; 67596 duration=15; item 42133 cooldown=180,,4608 15 180 3,sim/common/wotlk/stat_bonus_cds.go:107,,40 4608 15,Increases maximum health by $s1 for $d. Shares cooldown with other Battlemaster's trinkets.,Tremendous Fortitude 40 yd range Instant Increases maximum health by 4608 for 15 sec. Shares cooldown with other Battlemaster's trinkets.,
item,42134,Battlemaster's Precision,use,matches server,match,67596,67596 effect1=4608; 67596 duration=15; item 42134 cooldown=180,,4608 15 180 3,sim/common/wotlk/stat_bonus_cds.go:108,,40 4608 15,Increases maximum health by $s1 for $d. Shares cooldown with other Battlemaster's trinkets.,Tremendous Fortitude 40 yd range Instant Increases maximum health by 4608 for 15 sec. Shares cooldown with other Battlemaster's trinkets.,
item,42135,Battlemaster's Vivacity,use,matches server,match,67596,67596 effect1=4608; 67596 duration=15; item 42135 cooldown=180,,4608 15 180 3,sim/common/wotlk/stat_bonus_cds.go:109,,40 4608 15,Increases maximum health by $s1 for $d. Shares cooldown with other Battlemaster's trinkets.,Tremendous Fortitude 40 yd range Instant Increases maximum health by 4608 for 15 sec. Shares cooldown with other Battlemaster's trinkets.,
item,42136,Battlemaster's Rage,use,matches server,match,67596,67596 effect1=4608; 67596 duration=15; item 42136 cooldown=180,,4608 15 180 3,sim/common/wotlk/stat_bonus_cds.go:110,,40 4608 15,Increases maximum health by $s1 for $d. Shares cooldown with other Battlemaster's trinkets.,Tremendous Fortitude 40 yd range Instant Increases maximum health by 4608 for 15 sec. Shares cooldown with other Battlemaster's trinkets.,
item,42137,Battlemaster's Ruination,use,matches server,match,67596,67596 effect1=4608; 67596 duration=15; item 42137 cooldown=180,,4608 15 180 3,sim/common/wotlk/stat_bonus_cds.go:111,,40 4608 15,Increases maximum health by $s1 for $d. Shares cooldown with other Battlemaster's trinkets.,Tremendous Fortitude 40 yd range Instant Increases maximum health by 4608 for 15 sec. Shares cooldown with other Battlemaster's trinkets.,
item,42341,Figurine - Ruby Hare,use,not in sim Go,match,56121,56121 effect1=30; 56121 duration=6; item 42341 cooldown=180,,,,,50 30 6,Increases speed by $s1% for $d.,Ruby Hare Instant Requires level 50 Increases speed by 30% for 6 sec.,
item,42395,Figurine - Twilight Serpent,use,matches server,match,56184 > 68351,56184 effect1=292; 56184 effect2=292; 56184 duration=20; item 42395 cooldown=120; 68351 duration=20,,292 20 120 2,sim/common/wotlk/stat_bonus_cds.go:82,,45 292 20 50,Increases spell power by $s1 for $d.,Twilight Serpent Instant Requires level 45 Increases spell power by 292 for 20 sec.,
item,42413,Figurine - Sapphire Owl,use,matches server,differs,56186 > 56187,56186 effect1=195; 56186 duration=12; item 42413 cooldown=300; 56187 duration=12,,300 5 12 1 195,sim/common/wotlk/other_effects.go:519 sim/common/wotlk/other_effects.go:521,56186 effect1=195,50 2340 12,Restores $o1 mana over $d.,Sapphire Owl Instant Requires level 50 Restores 2340 mana over 12 sec.,
item,42418,Figurine - Emerald Boar,use,not in sim Go,differs,56188,56188 duration=35; item 42418 cooldown=300,,,,56188 duration=35,45 30,Summons a Phantom Boar to fight for you for 30 seconds.,Emerald Boar Instant Requires Shaman Requires level 45 Summons a Phantom Boar to fight for you for 30 seconds.,
item,42549,Armored Titanium Goggles,use,not in sim Go,manual: no values a tooltip shows,12883,item 42549 cooldown=3,,,,,100 1 8,Allows you to look far into the distance.,Longsight 100 yd range 1 sec cast Requires level 8 Allows you to look far into the distance.,
item,42550,Weakness Spectralizers,use,not in sim Go,manual: no values a tooltip shows,12883,item 42550 cooldown=3,,,,,100 1 8,Allows you to look far into the distance.,Longsight 100 yd range 1 sec cast Requires level 8 Allows you to look far into the distance.,
item,42551,Truesight Ice Blinders,use,not in sim Go,manual: no values a tooltip shows,12883,item 42551 cooldown=3,,,,,100 1 8,Allows you to look far into the distance.,Longsight 100 yd range 1 sec cast Requires level 8 Allows you to look far into the distance.,
item,42552,Charged Titanium Specs,use,not in sim Go,manual: no values a tooltip shows,12883,item 42552 cooldown=3,,,,,100 1 8,Allows you to look far into the distance.,Longsight 100 yd range 1 sec cast Requires level 8 Allows you to look far into the distance.,
item,42553,Visage Liquification Goggles,use,not in sim Go,manual: no values a tooltip shows,12883,item 42553 cooldown=3,,,,,100 1 8,Allows you to look far into the distance.,Longsight 100 yd range 1 sec cast Requires level 8 Allows you to look far into the distance.,
item,42554,Greensight Gogs,use,not in sim Go,manual: no values a tooltip shows,12883,item 42554 cooldown=3,,,,,100 1 8,Allows you to look far into the distance.,Longsight 100 yd range 1 sec cast Requires level 8 Allows you to look far into the distance.,
item,42555,Electroflux Sight Enhancers,use,not in sim Go,manual: no values a tooltip shows,12883,item 42555 cooldown=3,,,,,100 1 8,Allows you to look far into the distance.,Longsight 100 yd range 1 sec cast Requires level 8 Allows you to look far into the distance.,
item,42574,Savage Gladiator's Idol of Resolve,equip,matches server,match,60693 > 60544,60544 effect1=94; 60544 effect2=94; 60544 duration=6,,94 6,sim/druid/items.go:577,,94 6 94,Your Mangle ability also grants you $60544s1 attack power for $60544d.,Savage Gladiator's Idol of Resolve Requires Druid Your Mangle ability also grants you 94 attack power for 6 sec.,
item,42575,Savage Gladiator's Idol of Steadfastness,equip,not in sim Go,match,60710 > 60565,60565 effect1=52; 60565 effect2=52; 60565 duration=6,,,,,52 6 50,Your Moonfire spell grants $60565s1 spell power for $60565d.,Savage Gladiator's Idol of Steadfastness Requires Druid Your Moonfire spell grants 52 spell power for 6 sec.,
item,42576,Savage Gladiator's Idol of Tenacity,equip,not in sim Go,match,60733,60733 effect1=188,,,,,188,Increases the spell power of the final healing value of your Lifebloom by $s1.,Savage Gladiator's Idol of Tenacity Requires Druid Increases the spell power of the final healing value of your Lifebloom by 188.,
item,42577,Hateful Gladiator's Idol of Tenacity,equip,not in sim Go,match,60736,60736 effect1=217,,,,,217,Increases the spell power of the final healing value of your Lifebloom by $s1.,Hateful Gladiator's Idol of Tenacity Requires Druid Increases the spell power of the final healing value of your Lifebloom by 217.,
item,42578,Deadly Gladiator's Idol of Tenacity,equip,not in sim Go,match,60738,60738 effect1=246,,,,,246,Increases the spell power of the final healing value of your Lifebloom by $s1.,Deadly Gladiator's Idol of Tenacity Requires Druid Increases the spell power of the final healing value of your Lifebloom by 246.,
item,42579,Furious Gladiator's Idol of Tenacity,equip,not in sim Go,differs,60739,60739 effect1=294,,,,60739 effect1=294,4 311,Increases the spell power of the final healing value of your Lifebloom by $s1.,LK Arena 4 Gladiator's Idol of Tenacity Requires Druid Increases the spell power of the final healing value of your Lifebloom by 311.,
item,42580,Relentless Gladiator's Idol of Tenacity,equip,not in sim Go,match,60740,60740 effect1=376,,,,,5 376,Increases the spell power of the final healing value of your Lifebloom by $s1.,LK Arena 5 Gladiator's Idol of Tenacity Requires Druid Increases the spell power of the final healing value of your Lifebloom by 376.,
item,42582,Hateful Gladiator's Idol of Steadfastness,equip,not in sim Go,match,60717 > 60566,60566 effect1=62; 60566 effect2=62; 60566 duration=6,,,,,62 6 50,Your Moonfire spell grants $60566s1 spell power for $60566d.,Hateful Gladiator's Idol of Steadfastness Requires Druid Your Moonfire spell grants 62 spell power for 6 sec.,
item,42583,Deadly Gladiator's Idol of Steadfastness,equip,not in sim Go,match,60719 > 60567,60567 effect1=70; 60567 effect2=70; 60567 duration=10,,,,,70 10 50,Your Moonfire spell grants $60567s1 spell power for $60567d.,Deadly Gladiator's Idol of Steadfastness Requires Druid Your Moonfire spell grants 70 spell power for 10 sec.,
item,42584,Furious Gladiator's Idol of Steadfastness,equip,not in sim Go,differs,60722 > 60568,60568 effect1=84; 60568 effect2=84; 60568 duration=10,,,,60568 effect1=84; 60568 effect2=84,4 89 10 50,Your Moonfire spell grants $60568s1 spell power for $60568d.,LK Arena 4 Gladiator's Idol of Steadfastness Requires Druid Your Moonfire spell grants 89 spell power for 10 sec.,
item,42585,Relentless Gladiator's Idol of Steadfastness,equip,not in sim Go,match,60724 > 60569,60569 effect1=101; 60569 effect2=101; 60569 duration=10,,,,,5 101 10 50 101 10,Your Moonfire spell grants $60569s1 spell power for $60569d.,LK Arena 5 Gladiator's Idol of Steadfastness Requires Druid Your Moonfire spell grants 101 spell power for 10 sec.,
item,42587,Hateful Gladiator's Idol of Resolve,equip,matches server,match,60695 > 60547,60547 effect1=106; 60547 effect2=106; 60547 duration=6,,106 6,sim/druid/items.go:578,,106 6 106,Your Mangle ability also grants you $60547s1 attack power for $60547d.,Hateful Gladiator's Idol of Resolve Requires Druid Your Mangle ability also grants you 106 attack power for 6 sec.,
item,42588,Deadly Gladiator's Idol of Resolve,equip,matches server,match,60696 > 60549,60549 effect1=120; 60549 effect2=120; 60549 duration=10,,120 10,sim/druid/items.go:579 sim/shaman/lavalash.go:38,,120 10 120,Your Mangle ability also grants you $60549s1 attack power for $60549d.,Deadly Gladiator's Idol of Resolve Requires Druid Your Mangle ability also grants you 120 attack power for 10 sec.,
item,42589,Furious Gladiator's Idol of Resolve,equip,matches server,differs,60698 > 60551,60551 effect1=144; 60551 effect2=144; 60551 duration=10,,152 10 144,sim/druid/items.go:580 sim/shaman/lavalash.go:40,60551 effect1=144; 60551 effect2=144,4 152 10 152,Your Mangle ability also grants you $60551s1 attack power for $60551d.,LK Arena 4 Gladiator's Idol of Resolve Requires Druid Your Mangle ability also grants you 152 attack power for 10 sec.,
item,42591,Relentless Gladiator's Idol of Resolve,equip,matches server,match,60700 > 60553,60553 effect1=172; 60553 effect2=172; 60553 duration=10,,172 10,sim/druid/items.go:581 sim/shaman/lavalash.go:42,,5 172 10 172,Your Mangle ability also grants you $60553s1 attack power for $60553d.,LK Arena 5 Gladiator's Idol of Resolve Requires Druid Your Mangle ability also grants you 172 attack power for 10 sec.,
item,42593,Savage Gladiator's Totem of Indomitability,equip,not in sim Go,match,60543 > 60544,60544 effect1=94; 60544 effect2=94; 60544 duration=6,,,,,94 6 94,Your Lava Lash ability also grants you $60544s1 attack power for $60544d.,Savage Totem of Indomitability Requires Shaman Your Lava Lash ability also grants you 94 attack power for 6 sec.,
item,42594,Savage Gladiator's Totem of Survival,equip,matches server,match,60564 > 60565,60565 effect1=52; 60565 effect2=52; 60565 duration=6,,52 6,sim/shaman/items.go:135,,52 6 50,Your Shock spells grant $60565s1 spell power for $60565d.,Savage Gladiator's Totem of Survival Requires Shaman Your Shock spells grant 52 spell power for 6 sec.,
item,42595,Savage Gladiator's Totem of the Third Wind,equip,matches server (not registered),match,60556,60556 effect1=204,,204 0,sim/shaman/heals.go:37 sim/shaman/heals.go:188,,204,Increases spell power of Lesser Healing Wave by $s1.,Savage Totem of the Third Wind Requires Shaman Increases spell power of Lesser Healing Wave by 204.,
item,42596,Hateful Gladiator's Totem of the Third Wind,equip,matches server (not registered),match,60557,60557 effect1=236,,236 0,sim/shaman/heals.go:36 sim/shaman/heals.go:187,,236,Increases spell power of Lesser Healing Wave by $s1.,Hateful Totem of the Third Wind Requires Shaman Increases spell power of Lesser Healing Wave by 236.,
item,42597,Deadly Gladiator's Totem of the Third Wind,equip,matches server (not registered),match,60558,60558 effect1=267,,267 0,sim/shaman/heals.go:35 sim/shaman/heals.go:186,,267,Increases spell power of Lesser Healing Wave by $s1.,Deadly Totem of the Third Wind Requires Shaman Increases spell power of Lesser Healing Wave by 267.,
item,42598,Furious Gladiator's Totem of the Third Wind,equip,differs from server (not registered),differs,60559,60559 effect1=320,60559 effect1=320,338 0,sim/shaman/heals.go:34 sim/shaman/heals.go:185,60559 effect1=320,4 338,Increases spell power of Lesser Healing Wave by $s1.,LK Arena 4 Totem of the Third Wind Requires Shaman Increases spell power of Lesser Healing Wave by 338.,
item,42599,Relentless Gladiator's Totem of the Third Wind,equip,not in sim Go,match,60560,60560 effect1=404,,,,,5 404,Increases spell power of Lesser Healing Wave by $s1.,LK Arena 5 Totem of the Third Wind Requires Shaman Increases spell power of Lesser Healing Wave by 404.,
item,42601,Hateful Gladiator's Totem of Survival,equip,matches server,match,60571 > 60566,60566 effect1=62; 60566 effect2=62; 60566 duration=6,,62 6,sim/shaman/items.go:136,,62 6 50,Your Shock spells grant $60566s1 spell power for $60566d.,Hateful Gladiator's Totem of Survival Requires Shaman Your Shock spells grant 62 spell power for 6 sec.,
item,42602,Deadly Gladiator's Totem of Survival,equip,matches server,match,60572 > 60567,60567 effect1=70; 60567 effect2=70; 60567 duration=10,,70 10,sim/shaman/items.go:137,,70 10 50,Your Shock spells grant $60567s1 spell power for $60567d.,Deadly Gladiator's Totem of Survival Requires Shaman Your Shock spells grant 70 spell power for 10 sec.,
item,42603,Furious Gladiator's Totem of Survival,equip,matches server,differs,60573 > 60568,60568 effect1=84; 60568 effect2=84; 60568 duration=10,,84 10,sim/shaman/items.go:138,60568 effect1=84; 60568 effect2=84,4 89 10 50,Your Shock spells grant $60568s1 spell power for $60568d.,LK Arena 4 Gladiator's Totem of Survival Requires Shaman Your Shock spells grant 89 spell power for 10 sec.,
item,42604,Relentless Gladiator's Totem of Survival,equip,matches server,match,60574 > 60569,60569 effect1=101; 60569 effect2=101; 60569 duration=10,,101 10,sim/shaman/items.go:139,,5 101 10 50 101 10,Your Shock spells grant $60569s1 spell power for $60569d.,LK Arena 5 Gladiator's Totem of Survival Requires Shaman Your Shock spells grant 101 spell power for 10 sec.,
item,42606,Hateful Gladiator's Totem of Indomitability,equip,not in sim Go,match,60546 > 60547,60547 effect1=106; 60547 effect2=106; 60547 duration=6,,,,,106 6 106,Your Lava Lash ability also grants you $60547s1 attack power for $60547d.,Hateful Totem of Indomitability Requires Shaman Your Lava Lash ability also grants you 106 attack power for 6 sec.,
item,42607,Deadly Gladiator's Totem of Indomitability,equip,matches server (not registered),match,60548 > 60549,60549 effect1=120; 60549 effect2=120; 60549 duration=10,,120 10,sim/shaman/lavalash.go:14 sim/shaman/lavalash.go:37 sim/shaman/lavalash.go:38,,120 10 120,Your Lava Lash ability also grants you $60549s1 attack power for $60549d.,Deadly Totem of Indomitability Requires Shaman Your Lava Lash ability also grants you 120 attack power for 10 sec.,
item,42608,Furious Gladiator's Totem of Indomitability,equip,matches server (not registered),differs,60550 > 60551,60551 effect1=144; 60551 effect2=144; 60551 duration=10,,144 10,sim/shaman/lavalash.go:15 sim/shaman/lavalash.go:39 sim/shaman/lavalash.go:40,60551 effect1=144; 60551 effect2=144,4 152 10 152,Your Lava Lash ability also grants you $60551s1 attack power for $60551d.,LK Arena 4 Totem of Indomitability Requires Shaman Your Lava Lash ability also grants you 152 attack power for 10 sec.,
item,42609,Relentless Gladiator's Totem of Indomitability,equip,matches server (not registered),match,60552 > 60553,60553 effect1=172; 60553 effect2=172; 60553 duration=10,,172 10,sim/shaman/lavalash.go:16 sim/shaman/lavalash.go:41 sim/shaman/lavalash.go:42,,5 172 10 172,Your Lava Lash ability also grants you $60553s1 attack power for $60553d.,LK Arena 5 Totem of Indomitability Requires Shaman Your Lava Lash ability also grants you 172 attack power for 10 sec.,
item,42611,Savage Gladiator's Libram of Fortitude,equip,matches server,match,60577 > 60544,60544 effect1=94; 60544 effect2=94; 60544 duration=6,,94 6,sim/paladin/items.go:273 sim/paladin/items.go:275,,94 6 94,Your Crusader Strike ability also grants you $60544s1 attack power for $60544d.,Savage Gladiator's Libram of Fortitude Requires Paladin Your Crusader Strike ability also grants you 94 attack power for 6 sec.,
item,42612,Savage Gladiator's Libram of Justice,equip,not in sim Go,match,60648,60648 effect1=204,,,,,204,Increases spell power of Flash of Light by $s1.,Savage Gladiator's Libram of Justice Requires Paladin Increases spell power of Flash of Light by 204.,
item,42613,Hateful Gladiator's Libram of Justice,equip,not in sim Go,differs,60656,60656 effect1=293; 60656 effect2=236,,,,60656 effect2=236,293,Increases spell power of Flash of Light by $s1.,Hateful Gladiator's Libram of Justice Requires Paladin Increases spell power of Flash of Light by 293.,
item,42614,Deadly Gladiator's Libram of Justice,equip,not in sim Go,differs,60659,60659 effect1=331; 60659 effect2=267,,,,60659 effect2=267,331,Increases spell power of Flash of Light by $s1.,Deadly Gladiator's Libram of Justice Requires Paladin Increases spell power of Flash of Light by 331.,
item,42615,Furious Gladiator's Libram of Justice,equip,not in sim Go,differs,60661,60661 effect1=375; 60661 effect2=303,,,,60661 effect2=303,4 375,Increases spell power of Flash of Light by $s1.,LK Arena 4 Gladiator's Libram of Justice Requires Paladin Increases spell power of Flash of Light by 375.,
item,42616,Relentless Gladiator's Libram of Justice,equip,not in sim Go,differs,60662,60662 effect1=436; 60662 effect2=352,,,,60662 effect2=352,5 436,Increases spell power of Flash of Light by $s1.,LK Arena 5 Gladiator's Libram of Justice Requires Paladin Increases spell power of Flash of Light by 436.,
item,42618,Savage Gladiator's Sigil of Strife,equip,matches server (not registered),match,60675 > 60544,60544 effect1=94; 60544 effect2=94; 60544 duration=6,,94 6,sim/deathknight/items.go:739,,94 6 94,Your Plague Strike ability also grants you $60544s1 attack power for $60544d.,Savage Gladiator's Death Knight Relic Requires Death Knight Your Plague Strike ability also grants you 94 attack power for 6 sec.,
item,42619,Hateful Gladiator's Sigil of Strife,equip,matches server (not registered),match,60685 > 60547,60547 effect1=106; 60547 effect2=106; 60547 duration=6,,106 6,sim/deathknight/items.go:740,,106 6 106,Your Plague Strike ability also grants you $60547s1 attack power for $60547d.,Hateful Gladiator's Death Knight Relic Requires Death Knight Your Plague Strike ability also grants you 106 attack power for 6 sec.,
item,42620,Deadly Gladiator's Sigil of Strife,equip,matches server (not registered),match,60686 > 60549,60549 effect1=120; 60549 effect2=120; 60549 duration=10,,120 10,sim/deathknight/items.go:741 sim/shaman/lavalash.go:38,,120 10 120,Your Plague Strike ability also grants you $60549s1 attack power for $60549d.,Deadly Gladiator's Death Knight Relic Requires Death Knight Your Plague Strike ability also grants you 120 attack power for 10 sec.,
item,42621,Furious Gladiator's Sigil of Strife,equip,matches server (not registered),differs,60687 > 60551,60551 effect1=144; 60551 effect2=144; 60551 duration=10,,144 10,sim/deathknight/items.go:742 sim/shaman/lavalash.go:40,60551 effect1=144; 60551 effect2=144,4 152 10 152,Your Plague Strike ability also grants you $60551s1 attack power for $60551d.,LK Arena 4 Gladiator's Death Knight Relic Requires Death Knight Your Plague Strike ability also grants you 152 attack power for 10 sec.,
item,42622,Relentless Gladiator's Sigil of Strife,equip,matches server (not registered),match,60688 > 60553,60553 effect1=172; 60553 effect2=172; 60553 duration=10,,172 10,sim/deathknight/items.go:743 sim/shaman/lavalash.go:42,,5 172 10 172,Your Plague Strike ability also grants you $60553s1 attack power for $60553d.,LK Arena 5 Gladiator's Death Knight Relic Requires Death Knight Your Plague Strike ability also grants you 172 attack power for 10 sec.,
item,42851,Hateful Gladiator's Libram of Fortitude,equip,matches server,match,60632 > 60547,60547 effect1=106; 60547 effect2=106; 60547 duration=6,,106 6,sim/paladin/items.go:291 sim/paladin/items.go:293,,106 6 106,Your Crusader Strike ability also grants you $60547s1 attack power for $60547d.,Hateful Gladiator's Libram of Fortitude Requires Paladin Your Crusader Strike ability also grants you 106 attack power for 6 sec.,
item,42852,Deadly Gladiator's Libram of Fortitude,equip,matches server,match,60633 > 60549,60549 effect1=120; 60549 effect2=120; 60549 duration=10,,120 10,sim/paladin/items.go:309 sim/paladin/items.go:311 sim/shaman/lavalash.go:38,,120 10 120,Your Crusader Strike ability also grants you $60549s1 attack power for $60549d.,Deadly Gladiator's Libram of Fortitude Requires Paladin Your Crusader Strike ability also grants you 120 attack power for 10 sec.,
item,42853,Furious Gladiator's Libram of Fortitude,equip,matches server,differs,60634 > 60551,60551 effect1=144; 60551 effect2=144; 60551 duration=10,,144 10,sim/paladin/items.go:327 sim/paladin/items.go:329 sim/shaman/lavalash.go:40,60551 effect1=144; 60551 effect2=144,4 152 10 152,Your Crusader Strike ability also grants you $60551s1 attack power for $60551d.,LK Arena 4 Gladiator's Libram of Fortitude Requires Paladin Your Crusader Strike ability also grants you 152 attack power for 10 sec.,
item,42854,Relentless Gladiator's Libram of Fortitude,equip,matches server,match,60635 > 60553,60553 effect1=172; 60553 effect2=172; 60553 duration=10,,172 10,sim/paladin/items.go:345 sim/paladin/items.go:347 sim/shaman/lavalash.go:42,,5 172 10 172,Your Crusader Strike ability also grants you $60553s1 attack power for $60553d.,LK Arena 5 Gladiator's Libram of Fortitude Requires Paladin Your Crusader Strike ability also grants you 172 attack power for 10 sec.,
item,42949,Polished Spaulders of Valor,equip,not in sim Go,match,57353,57353 effect1=10; 57353 effect2=10,,,,,10,Experience gained from killing monsters and completing quests increased by $s1%.,Heirloom Experience Bonus +10% Experience gained from killing monsters and completing quests increased by 10%.,
item,42950,Champion Herod's Shoulder,equip,matches server (not registered),match,57353,57353 effect1=10; 57353 effect2=10,,0.07 20 2 1 0.02 0.1 1101 1279 0.193,sim/mage/dragons_breath.go:14,,10,Experience gained from killing monsters and completing quests increased by $s1%.,Heirloom Experience Bonus +10% Experience gained from killing monsters and completing quests increased by 10%.,
item,42951,Mystical Pauldrons of Elements,equip,not in sim Go,match,57353,57353 effect1=10; 57353 effect2=10,,,,,10,Experience gained from killing monsters and completing quests increased by $s1%.,Heirloom Experience Bonus +10% Experience gained from killing monsters and completing quests increased by 10%.,
item,42952,Stained Shadowcraft Spaulders,equip,not in sim Go,match,57353,57353 effect1=10; 57353 effect2=10,,,,,10,Experience gained from killing monsters and completing quests increased by $s1%.,Heirloom Experience Bonus +10% Experience gained from killing monsters and completing quests increased by 10%.,
item,42984,Preened Ironfeather Shoulders,equip,not in sim Go,match,57353,57353 effect1=10; 57353 effect2=10,,,,,10,Experience gained from killing monsters and completing quests increased by $s1%.,Heirloom Experience Bonus +10% Experience gained from killing monsters and completing quests increased by 10%.,
item,42985,Tattered Dreadmist Mantle,equip,not in sim Go,match,57353,57353 effect1=10; 57353 effect2=10,,,,,10,Experience gained from killing monsters and completing quests increased by $s1%.,Heirloom Experience Bonus +10% Experience gained from killing monsters and completing quests increased by 10%.,
item,42987,Darkmoon Card: Greatness,equip,differs from server,manual: no values a tooltip shows,57345,57345 proc chance=35; 57345 proc cooldown=45,57345 proc chance=35; 57345 proc cooldown=45,,sim/common/wotlk/highest_stat_effects.go:93,,300 15 35 45,"When you heal or deal damage you have a chance to gain Greatness, increasing your Strength, Agility, Intellect, or Spirit by $60229s1 for $60229d.  Your highest stat is always chosen.","Darkmoon Card: Greatness When you heal or deal damage you have a chance to gain Greatness, increasing your Strength, Agility, Intellect, or Spirit by 300 for 15 sec. Your highest stat is always chosen. (Proc chance: 35%, 45s cooldown)",
item,42988,Darkmoon Card: Illusion,use,not in sim Go,match,57350,57350 effect1=1500; 57350 duration=6; item 42988 cooldown=300,,,,,1500 6 1500,"Absorbs $s1 damage for $d.  When the shield is removed by any means, you regain $60242s1 mana.","Illusionary Barrier Instant Absorbs 1500 damage for 6 sec. When the shield is removed by any means, you regain 1500 mana.",
item,42989,Darkmoon Card: Berserker!,equip,matches server,match,57351 > 60196,57351 proc chance=50; 60196 effect1=35; 60196 duration=12,,12 3 35 0.5,sim/common/wotlk/stat_bonus_stacking.go:208 sim/common/wotlk/stat_bonus_stacking.go:209,,35 12 3 50 30 35,"You have a chance to gain Berserker when you deal or take damage in combat, increasing your critical strike rating by $s1 for 12 sec.  Effect stacks up to 3 times.","Berserker! You have a chance to gain Berserker when you deal or take damage in combat, increasing your critical strike rating by 35 for 12 sec. Effect stacks up to 3 times. (Proc chance: 50%)",
item,42990,Darkmoon Card: Death,equip,matches server,match,57352 > 60203,57352 proc chance=15; 57352 proc cooldown=45; 60203 effect1=2250; 60203 effect1 min=1750,,0.15 45 1750 2250,sim/common/wotlk/damage_procs.go:131 sim/common/wotlk/damage_procs.go:138,,1750 2250 15 45 100,"Each time you deal damage, you have a chance to do an additional $60203s1 Shadow damage.","Darkmoon Card: Death Each time you deal damage, you have a chance to do an additional 1750 to 2250 Shadow damage. (Proc chance: 15%, 45s cooldown)",
item,42991,Swift Hand of Justice,equip,not in sim Go,match,59906,59906 effect1=2,,,,,1 55 2,Heals you for $s1% of your maximum health whenever you kill a target that yields experience or honor.,Swift Hand of Justice Rank 1 Requires level 55 Heals you for 2% of your maximum health whenever you kill a target that yields experience or honor.,
item,42992,Discerning Eye of the Beast,equip,not in sim Go,match,59915,59915 effect1=2,,,,,1 2,Restores $s1% of your maximum mana whenever you kill a target that yields experience or honor.,Discerning Eye of the Beast Rank 1 Requires level 1 Restores 2% of your maximum mana whenever you kill a target that yields experience or honor.,
item,43555,Deputy Pa'trolla Badge,equip,not in sim Go,manual: no numeric values (scripted spell),58783,,,,,,,Everyone sees just how awesome you are.,Pure Awesome Everyone sees just how awesome you are.,
item,43573,Tears of Bitter Anguish,equip,matches server,match,58901 > 58904,58901 proc chance=10; 58901 proc cooldown=50; 58904 effect1=410; 58904 duration=10,,410 10 0.1 50,sim/common/wotlk/stat_bonus_procs.go:219 sim/common/wotlk/stat_bonus_procs.go:220,,60 410 10 50 410 10,Chance on melee and ranged critical strike to increase your haste rating by 410 for 10 secs.,"Tears of Anguish Requires level 60 Chance on melee and ranged critical strike to increase your haste rating by 410 for 10 secs. (Proc chance: 10%, 50s cooldown)",
item,43613,The Dusk Blade,chance on hit,not in sim Go,match,59043,59043 effect1=155; 59043 duration=10,,,,,30 60 155 10 3,You gain an additional $s1 armor penetration rating for $d. This effect stacks up to 3 times.,The Darkest Night 30 yd range Instant Requires level 60 You gain an additional 155 armor penetration rating for 10 sec. This effect stacks up to 3 times.,
item,43829,Crusader's Locket,equip,matches server,match,59345 > 61671,59345 proc chance=15; 59345 proc cooldown=45; 61671 effect1=258; 61671 duration=10,,258 10 0.15 45,sim/common/wotlk/stat_bonus_procs.go:231 sim/common/wotlk/stat_bonus_procs.go:232,,40 258 10 15 45 258,Your melee and ranged strikes have a chance to increase your expertise rating by $s1 for $61671d.,"Chagrin 40 yd range Your melee and ranged strikes have a chance to increase your expertise rating by 258 for 10 sec. (Proc chance: 15%, 45s cooldown)",
item,43836,Thorny Rose Brooch,use,matches server,match,61620,61620 effect1=212; 61620 duration=20; item 43836 cooldown=120,,212 20 120 2,sim/common/wotlk/stat_bonus_cds.go:42,,45 212 20,Increases your haste rating by $s1 for $d1.,Bleeding Heart Instant Requires level 45 Increases your haste rating by 212 for 20 sec.,
item,43837,Softly Glowing Orb,use,matches server,match,61617,61617 effect1=281; 61617 effect2=281; 61617 duration=20; item 43837 cooldown=120,,281 20 120 2,sim/common/wotlk/stat_bonus_cds.go:83,,40 281 20,Increases spell power by $s2 for $d.,Warm Glow 40 yd range Instant Increases spell power by 281 for 20 sec.,
item,43838,Chuchu's Tiny Box of Horrors,equip,matches server,match,61618 > 61619,61618 proc chance=15; 61618 proc cooldown=45; 61619 effect1=258; 61619 duration=10,,258 10 0.15 45,sim/common/wotlk/stat_bonus_procs.go:243 sim/common/wotlk/stat_bonus_procs.go:244,,40 258 10 15 45 258,Your melee and ranged strikes have a chance to increase your critical strike rating by $s1 for $61619d.,"Tentacles 40 yd range Your melee and ranged strikes have a chance to increase your critical strike rating by 258 for 10 sec. (Proc chance: 15%, 45s cooldown)",
item,44013,Cannoneer's Fuselighter,use,matches server,match,59657,59657 effect1=281; 59657 effect2=281; 59657 duration=20; item 44013 cooldown=120,,281 20 120 2,sim/common/wotlk/stat_bonus_cds.go:84,,40 281 20,Increases spell power by $s2 for $d.,Argent Valor 40 yd range Instant Increases spell power by 281 for 20 sec.,
item,44014,Fezzik's Pocketwatch,use,matches server,match,59658,59658 effect1=432; 59658 effect2=432; 59658 duration=15; item 44014 cooldown=120,,432 15 120 2,sim/common/wotlk/stat_bonus_cds.go:59,,40 432 15,Increases attack power by $s1 for $d.,Argent Heroism 40 yd range Instant Increases attack power by 432 for 15 sec.,
item,44015,Cannoneer's Morale,use,matches server,match,59657,59657 effect1=281; 59657 effect2=281; 59657 duration=20; item 44015 cooldown=120,,281 20 120 2,sim/common/wotlk/stat_bonus_cds.go:85,,40 281 20,Increases spell power by $s2 for $d.,Argent Valor 40 yd range Instant Increases spell power by 281 for 20 sec.,
item,44050,Mastercraft Kalu'ak Fishing Pole,equip,not in sim Go,match,59731,59731 effect1=30,,,,,30,Fishing skill increased by $s1.,Fishing Skill +30 Fishing skill increased by 30.,
item,44050,Mastercraft Kalu'ak Fishing Pole,equip,not in sim Go,manual: no numeric values (scripted spell),11789,,,,,,20,Allows underwater breathing.,Water Breathing Requires level 20 Allows underwater breathing.,
item,44063,Figurine - Monarch Crab,use,matches server,match,59757,59757 effect1=300; 59757 duration=10; item 44063 cooldown=60,,300 10 60 1,sim/common/wotlk/stat_bonus_cds.go:141,,300 10,Increases dodge rating by $s1 for $d1.,Figurine - Monarch Crab Instant Increases dodge rating by 300 for 10 sec.,
item,44073,Frenzyheart Insignia of Fury,equip,not in sim Go,match,59818 > 59821,59821 effect1=91; 59821 duration=10,,,,,10 91,"Upon killing a creature that grants you experience, you grow furious, increasing your chance to critically strike for the next 10 seconds.","Frenzyheart Fury Upon killing a creature that grants you experience, you grow furious, increasing your chance to critically strike for the next 10 seconds.",
item,44074,Oracle Talisman of Ablution,equip,not in sim Go,differs,59787 > 59789,59789 effect1=200,,,,59789 effect1=200,,"Restores Mana, Rage, Energy, or Runic Power when you kill a target that grants honor or experience.","Oracle Ablutions Restores Mana, Rage, Energy, or Runic Power when you kill a target that grants honor or experience.",
item,44096,Battleworn Thrash Blade,chance on hit,not in sim Go,manual: no numeric values (scripted spell),59830,,,,,,50,Grants an extra attack on your next swing.,Battleworn Thrash Blade Instant Requires level 50 Grants an extra attack on your next swing.,
item,44097,Inherited Insignia of the Horde,use,not in sim Go,manual: no values a tooltip shows,42292,item 44097 cooldown=300,,,,,,Removes all movement impairing effects and all effects which cause loss of control of your character.,PvP Trinket Instant Removes all movement impairing effects and all effects which cause loss of control of your character.,
item,44098,Inherited Insignia of the Alliance,use,not in sim Go,manual: no values a tooltip shows,42292,item 44098 cooldown=300,,,,,,Removes all movement impairing effects and all effects which cause loss of control of your character.,PvP Trinket Instant Removes all movement impairing effects and all effects which cause loss of control of your character.,
item,44099,Strengthened Stockade Pauldrons,equip,not in sim Go,match,57353,57353 effect1=10; 57353 effect2=10,,,,,10,Experience gained from killing monsters and completing quests increased by $s1%.,Heirloom Experience Bonus +10% Experience gained from killing monsters and completing quests increased by 10%.,
item,44100,Pristine Lightforge Spaulders,equip,not in sim Go,match,57353,57353 effect1=10; 57353 effect2=10,,,,,10,Experience gained from killing monsters and completing quests increased by $s1%.,Heirloom Experience Bonus +10% Experience gained from killing monsters and completing quests increased by 10%.,
item,44101,Prized Beastmaster's Mantle,equip,not in sim Go,match,57353,57353 effect1=10; 57353 effect2=10,,,,,10,Experience gained from killing monsters and completing quests increased by $s1%.,Heirloom Experience Bonus +10% Experience gained from killing monsters and completing quests increased by 10%.,
item,44102,Aged Pauldrons of The Five Thunders,equip,not in sim Go,match,57353,57353 effect1=10; 57353 effect2=10,,,,,10,Experience gained from killing monsters and completing quests increased by $s1%.,Heirloom Experience Bonus +10% Experience gained from killing monsters and completing quests increased by 10%.,
item,44103,Exceptional Stormshroud Shoulders,equip,not in sim Go,match,57353,57353 effect1=10; 57353 effect2=10,,,,,10,Experience gained from killing monsters and completing quests increased by $s1%.,Heirloom Experience Bonus +10% Experience gained from killing monsters and completing quests increased by 10%.,
item,44105,Lasting Feralheart Spaulders,equip,not in sim Go,match,57353,57353 effect1=10; 57353 effect2=10,,,,,10,Experience gained from killing monsters and completing quests increased by $s1%.,Heirloom Experience Bonus +10% Experience gained from killing monsters and completing quests increased by 10%.,
item,44107,Exquisite Sunderseer Mantle,equip,not in sim Go,match,57353,57353 effect1=10; 57353 effect2=10,,,,,10,Experience gained from killing monsters and completing quests increased by $s1%.,Heirloom Experience Bonus +10% Experience gained from killing monsters and completing quests increased by 10%.,
item,44253,Darkmoon Card: Greatness,equip,differs from server,manual: no values a tooltip shows,57345,57345 proc chance=35; 57345 proc cooldown=45,57345 proc chance=35; 57345 proc cooldown=45,,sim/common/wotlk/highest_stat_effects.go:94,,300 15 35 45,"When you heal or deal damage you have a chance to gain Greatness, increasing your Strength, Agility, Intellect, or Spirit by $60229s1 for $60229d.  Your highest stat is always chosen.","Darkmoon Card: Greatness When you heal or deal damage you have a chance to gain Greatness, increasing your Strength, Agility, Intellect, or Spirit by 300 for 15 sec. Your highest stat is always chosen. (Proc chance: 35%, 45s cooldown)",
item,44254,Darkmoon Card: Greatness,equip,differs from server,manual: no values a tooltip shows,57345,57345 proc chance=35; 57345 proc cooldown=45,57345 proc chance=35; 57345 proc cooldown=45,,sim/common/wotlk/highest_stat_effects.go:95,,300 15 35 45,"When you heal or deal damage you have a chance to gain Greatness, increasing your Strength, Agility, Intellect, or Spirit by $60229s1 for $60229d.  Your highest stat is always chosen.","Darkmoon Card: Greatness When you heal or deal damage you have a chance to gain Greatness, increasing your Strength, Agility, Intellect, or Spirit by 300 for 15 sec. Your highest stat is always chosen. (Proc chance: 35%, 45s cooldown)",
item,44255,Darkmoon Card: Greatness,equip,differs from server,manual: no values a tooltip shows,57345,57345 proc chance=35; 57345 proc cooldown=45,57345 proc chance=35; 57345 proc cooldown=45,,sim/common/wotlk/highest_stat_effects.go:97,,300 15 35 45,"When you heal or deal damage you have a chance to gain Greatness, increasing your Strength, Agility, Intellect, or Spirit by $60229s1 for $60229d.  Your highest stat is always chosen.","Darkmoon Card: Greatness When you heal or deal damage you have a chance to gain Greatness, increasing your Strength, Agility, Intellect, or Spirit by 300 for 15 sec. Your highest stat is always chosen. (Proc chance: 35%, 45s cooldown)",
item,44308,Signet of Edward the Odd,equip,matches server,match,60317 > 60318,60317 proc chance=15; 60317 proc cooldown=45; 60318 effect1=125; 60318 duration=13,,125 13 0.15 45,sim/common/wotlk/stat_bonus_procs.go:255 sim/common/wotlk/stat_bonus_procs.go:256,,60 125 13 15 45 60 125,Your melee and ranged attacks have a chance to increase your haste rating by $60318s1 for $60318d1.,"Signet of Edward the Odd Requires level 60 Your melee and ranged attacks have a chance to increase your haste rating by 125 for 13 sec. (Proc chance: 15%, 45s cooldown)",
item,44322,Mercurial Alchemist Stone,equip,manual: no numeric values,manual: no numeric values (scripted spell),17619,,,44323 44324,sim/core/consumes.go:483 sim/common/tbc/caster_trinkets.go:19 sim/core/consumes.go:487,,40,Increases the effect that healing and mana potions have on the wearer by 40%.  This effect does not stack.,Alchemist's Stone Instant Increases the effect that healing and mana potions have on the wearer by 40%. This effect does not stack.,
item,44323,Indestructible Alchemist's Stone,equip,manual: no numeric values,manual: no numeric values (scripted spell),17619,,,44322 44324,sim/core/consumes.go:483 sim/common/tbc/caster_trinkets.go:19 sim/core/consumes.go:487,,40,Increases the effect that healing and mana potions have on the wearer by 40%.  This effect does not stack.,Alchemist's Stone Instant Increases the effect that healing and mana potions have on the wearer by 40%. This effect does not stack.,
item,44324,Mighty Alchemist's Stone,equip,manual: no numeric values,manual: no numeric values (scripted spell),17619,,,44322 44323,sim/core/consumes.go:483 sim/common/tbc/caster_trinkets.go:19 sim/core/consumes.go:487,,40,Increases the effect that healing and mana potions have on the wearer by 40%.  This effect does not stack.,Alchemist's Stone Instant Increases the effect that healing and mana potions have on the wearer by 40%. This effect does not stack.,
item,44505,Dustbringer,chance on hit,not in sim Go,match,60871,60871 effect1=70,,,,,20 80 70,Blasts the enemy for $s1 Fire damage.,Fireblast 20 yd range Instant Requires level 80 Blasts the enemy for 70 Fire damage.,
item,44869,Frenzyheart Insignia of Fury,use,not in sim Go,match,59818 > 59821,59821 effect1=91; 59821 duration=10,,,,,10 91,"Upon killing a creature that grants you experience, you grow furious, increasing your chance to critically strike for the next 10 seconds.","Frenzyheart Fury Upon killing a creature that grants you experience, you grow furious, increasing your chance to critically strike for the next 10 seconds.",
item,44870,Oracle Talisman of Ablution,use,not in sim Go,differs,59787 > 59789,59789 effect1=200,,,,59789 effect1=200,,"Restores Mana, Rage, Energy, or Runic Power when you kill a target that grants honor or experience.","Oracle Ablutions Restores Mana, Rage, Energy, or Runic Power when you kill a target that grants honor or experience.",
item,44912,Flow of Knowledge,equip,matches server,match,62114 > 60064,62114 proc chance=10; 62114 proc cooldown=50; 60064 effect1=590; 60064 effect2=590; 60064 duration=10,,590 10 0.1 50 40682 45 49076,sim/common/wotlk/stat_bonus_procs.go:267 sim/common/wotlk/stat_bonus_procs.go:174 sim/common/wotlk/stat_bonus_procs.go:268 sim/common/wotlk/stat_bonus_procs.go:476,,60 590 10 50 60 590 10,Your spell casts have a chance to increase your spell power by $60064s1 for $60064d.,"Flow of Knowledge Requires level 60 Your spell casts have a chance to increase your spell power by 590 for 10 sec. (Proc chance: 10%, 50s cooldown)",
item,44914,Anvil of Titans,equip,matches server,match,62115 > 60065,62115 proc chance=10; 62115 proc cooldown=50; 60065 effect1=1000; 60065 effect2=1000; 60065 duration=10,,1000 10 0.1 50 40684 49074,sim/common/wotlk/stat_bonus_procs.go:277 sim/common/wotlk/stat_bonus_procs.go:185 sim/common/wotlk/stat_bonus_procs.go:278 sim/common/wotlk/stat_bonus_procs.go:464,,60 1000 10 50 1000 10,Chance on melee or ranged hit to increase your attack power by 1000 for 10 secs.,"Strength of the Titans Requires level 60 Chance on melee or ranged hit to increase your attack power by 1000 for 10 secs. (Proc chance: 10%, 50s cooldown)",
item,44934,Loop of the Kirin Tor,use,not in sim Go,manual: no values a tooltip shows,54406,item 44934 cooldown=1800,,,,,10 71,Teleports the caster to Dalaran.,Teleport: Dalaran 10 sec cast Requires level 71 Teleports the caster to Dalaran.,
item,44935,Ring of the Kirin Tor,use,not in sim Go,manual: no values a tooltip shows,54406,item 44935 cooldown=1800,,,,,10 71,Teleports the caster to Dalaran.,Teleport: Dalaran 10 sec cast Requires level 71 Teleports the caster to Dalaran.,
item,44949,Unbreakable Healing Amplifiers,use,not in sim Go,manual: no values a tooltip shows,12883,item 44949 cooldown=3,,,,,100 1 8,Allows you to look far into the distance.,Longsight 100 yd range 1 sec cast Requires level 8 Allows you to look far into the distance.,
item,45114,Steamcaller's Totem,equip,differs from server (not registered),differs,64960,64960 effect1=243,64960 effect1=243,257 0,sim/shaman/heals.go:320,64960 effect1=243,8 257,Increases the base amount healed by your chain heal by $s1.,Item - Shaman T8 Restoration Relic Requires Shaman Increases the base amount healed by your chain heal by 257.,
item,45131,Jouster's Fury,equip,matches server,match,63251 > 63250,63251 proc chance=10; 63251 proc cooldown=50; 63250 effect1=328; 63250 duration=10,,328 10 0.1 50 45219,sim/common/wotlk/stat_bonus_procs.go:288 sim/common/wotlk/stat_bonus_procs.go:289 sim/common/wotlk/stat_bonus_procs.go:301,,60 328 10 50 328 10,Chance on hit to increase your critical strike rating by $63250s1 for 10 secs.,"Glory of the Jouster Requires level 60 Chance on hit to increase your critical strike rating by 328 for 10 secs. (Proc chance: 10%, 50s cooldown)",
item,45144,Sigil of Deflection,equip,differs from server (not registered),differs,64964 > 64963,64963 effect1=136; 64963 duration=5,64963 effect1=136,144 5,sim/deathknight/items.go:619 sim/deathknight/items.go:621,64963 effect1=136,8 144 5 80 144,Your Rune Strike ability grants $64963s1 dodge rating for $64963d.,Item - Death Knight T8 Tank Relic Requires Death Knight Your Rune Strike ability grants 144 dodge rating for 5 sec.,
item,45145,Libram of the Sacred Shield,equip,matches server,differs,64955 > 65182,65182 effect1=450; 65182 duration=20,,450 20,sim/paladin/items.go:474 sim/paladin/items.go:476,65182 effect1=450,8 476 20 476,Increases your block value by $65182s1 for $65182d each time you use Holy Shield.,Item - Paladin T8 Protection Relic Requires Paladin Increases your block value by 476 for 20 sec each time you use Holy Shield.,
item,45148,Living Flame,use,differs from server,match,64712,64712 effect1=505; 64712 effect2=505; 64712 duration=20; item 45148 cooldown=120,64712 effect1=505; 64712 effect2=505,534 20 120 2,sim/common/wotlk/stat_bonus_cds.go:86,,505 20,Increases spell power by $s2 for $d.,Living Flame Instant Increases spell power by 505 for 20 sec.,
item,45158,Heart of Iron,use,differs from server,match,64763,64763 effect1=432; 64763 duration=20; item 45158 cooldown=120,64763 effect1=432,457 20 120 2,sim/common/wotlk/stat_bonus_cds.go:142,,432 20,Increases dodge rating by $s1 for $d1.,Heart of Iron Instant Increases dodge rating by 432 for 20 sec.,
item,45169,Totem of the Dancing Flame,equip,matches server (not registered),differs,64959,64959 effect1=155,,155,sim/shaman/stormstrike.go:12 sim/shaman/stormstrike.go:45,64959 effect1=155,8 164,Increases weapon damage when you use Stormstrike by $s1.,Item - Shaman T8 Enhancement Relic Requires Shaman Increases weapon damage when you use Stormstrike by 164.,
item,45219,Jouster's Fury,equip,matches server,match,63251 > 63250,63251 proc chance=10; 63251 proc cooldown=50; 63250 effect1=328; 63250 duration=10,,328 10 0.1 50 45131,sim/common/wotlk/stat_bonus_procs.go:300 sim/common/wotlk/stat_bonus_procs.go:289 sim/common/wotlk/stat_bonus_procs.go:301,,60 328 10 50 328 10,Chance on hit to increase your critical strike rating by $63250s1 for 10 secs.,"Glory of the Jouster Requires level 60 Chance on hit to increase your critical strike rating by 328 for 10 secs. (Proc chance: 10%, 50s cooldown)",
item,45254,Sigil of the Vengeful Heart,equip,differs from server (not registered),differs,64962,64962 effect1=205; 64962 effect2=380,64962 effect1=205; 64962 effect2=380,403 0 218,sim/deathknight/items.go:300 sim/deathknight/items.go:304,64962 effect1=205; 64962 effect2=380,8 437 136,Increases the damage done by your Death Coil ability by $s2 and by your Frost Strike ability by $s3.,Item - Death Knight T8 DPS Relic Requires Death Knight Increases the damage done by your Death Coil ability by 437 and by your Frost Strike ability by 136.,
item,45255,Thunderfall Totem,equip,matches server (not registered),differs,64961,64961 effect1=215,,121 0 215,sim/shaman/electric_spell.go:17 sim/shaman/lavaburst.go:13,64961 effect1=215,8 227,Increases the base damage of your Lava Burst by $s1.,Item - Shaman T8 Elemental Relic Requires Shaman Increases the base damage of your Lava Burst by 227.,
item,45263,Wrathstone,use,differs from server,match,64800,64800 effect1=856; 64800 effect2=856; 64800 duration=20; item 45263 cooldown=120,64800 effect1=856; 64800 effect2=856,905 20 120 2,sim/common/wotlk/stat_bonus_cds.go:60,,856 20,Increases attack power by $s1 for $d.,Wrathstone Instant Increases attack power by 856 for 20 sec.,
item,45270,Idol of the Crying Wind,equip,differs from server (not registered),differs,64950,64950 effect1=374,64950 effect1=374,396 0,sim/druid/insect_swarm.go:10 sim/druid/insect_swarm.go:15,64950 effect1=374,8 396,Increases the spell power of your Insect Swarm by $s1.,Item - Druid T8 Balance Relic Requires Druid Increases the spell power of your Insect Swarm by 396.,
item,45286,Pyrite Infuser,equip,differs from server,differs,65013 > 65014,65013 proc chance=10; 65013 proc cooldown=50; 65014 effect1=1234; 65014 effect2=1234; 65014 duration=10,65014 effect1=1234; 65014 effect2=1234,1305 10 0.1 50,sim/common/wotlk/stat_bonus_procs.go:312 sim/common/wotlk/stat_bonus_procs.go:313,65014 effect1=1234; 65014 effect2=1234,60 1305 10 50 1305 10,Chance on melee and ranged critical strike to increase your attack power by $65014s1 for $65014d.,"Pyrite Infusion Requires level 60 Chance on melee and ranged critical strike to increase your attack power by 1305 for 10 sec. (Proc chance: 10%, 50s cooldown)",
item,45292,Energy Siphon,use,differs from server,differs,65008,65008 effect1=408; 65008 effect2=408; 65008 duration=20; item 45292 cooldown=120,65008 effect1=408; 65008 effect2=408,431 20 120 2,sim/common/wotlk/stat_bonus_cds.go:87,65008 effect1=408; 65008 effect2=408,431 20,Increases spell power by $s2 for $d.,Energy Siphon Instant Increases spell power by 431 for 20 sec.,
item,45308,Eye of the Broodmother,equip,differs from server,differs,65007 > 65006,65006 effect1=25; 65006 effect2=25; 65006 duration=10,65006 effect1=25; 65006 effect2=25,10 5 26,sim/common/wotlk/stat_bonus_stacking.go:219 sim/common/wotlk/stat_bonus_stacking.go:220,65006 effect1=25; 65006 effect2=25,26 10 5 26 10,"Each time you cast a damaging or healing spell you gain $65006s1 spell power for the next $65006d, stacking up to 5 times.","Eye of the Broodmother Each time you cast a damaging or healing spell you gain 26 spell power for the next 10 sec, stacking up to 5 times.",
item,45313,Furnace Stone,use,differs from server,differs,65011,65011 effect1=5152; 65011 duration=20; item 45313 cooldown=120,65011 effect1=5152,5448 20 120 2,sim/common/wotlk/stat_bonus_cds.go:122,65011 effect1=5152,5448 20,Increases armor by $s1 for $d1.,Furnace Stone Instant Increases armor by 5448 for 20 sec.,
item,45436,Libram of the Resolute,equip,not in sim Go,differs,64956,64956 effect1=160,,,,64956 effect1=160,8 169,Increases spell power of Holy Light by $s1.,Item - Paladin T8 Holy Relic Requires Paladin Increases spell power of Holy Light by 169.,
item,45466,Scale of Fates,use,differs from server,differs,64707,64707 effect1=432; 64707 duration=20; item 45466 cooldown=120,64707 effect1=432,457 20 120 2,sim/common/wotlk/stat_bonus_cds.go:43,64707 effect1=432,45 457 20,Increases your haste rating by $s1 for $d1.,Scale of Fates Instant Requires level 45 Increases your haste rating by 457 for 20 sec.,
item,45490,Pandora's Plea,equip,differs from server,differs,64742 > 64741,64742 proc chance=10; 64742 proc cooldown=45; 64741 effect1=751; 64741 effect2=751; 64741 duration=10,64741 effect1=751; 64741 effect2=751,794 10 0.1 45,sim/common/wotlk/stat_bonus_procs.go:324 sim/common/wotlk/stat_bonus_procs.go:325,64741 effect1=751; 64741 effect2=751,60 794 10 45 60 794 10,Your spells have a chance to increase your spell power by $64741s1 for $64741d.,"Pandora's Plea Requires level 60 Your spells have a chance to increase your spell power by 794 for 10 sec. (Proc chance: 10%, 45s cooldown)",
item,45507,The General's Heart,equip,differs from server,match,64764 > 64765,64764 proc chance=5; 64764 proc cooldown=50; 64765 effect1=5200; 64765 effect2=205; 64765 duration=10,64765 effect1=5200,10 0 205 0.05 50,sim/common/wotlk/other_effects.go:43 sim/common/wotlk/other_effects.go:45,,60 205 10 5 50 1 217 5200 10,When struck in combat has a chance of shielding you in a protective barrier which will reduce damage from each attack by 205.  Lasts 10 secs.,"The General's Heart Requires level 60 When struck in combat has a chance of shielding you in a protective barrier which will reduce damage from each attack by 205. Lasts 10 secs. (Proc chance: 5%, 50s cooldown)",
item,45509,Idol of the Corruptor,equip,differs from server,differs,64952 > 64951,64951 effect1=153; 64951 duration=12,64951 effect1=153,5 1 15 8 47668 50456 162 12 0.5 0,sim/druid/feral/rotation.go:695 sim/druid/items.go:417 sim/druid/items.go:419,64951 effect1=153,8 162 12 5 80 162 12,Your Mangle ability has a chance to grant $64951s1 agility for $64951d.,Item - Druid T8 Feral Relic Requires Druid Your Mangle ability has a chance to grant 162 agility for 12 sec.,
item,45510,Libram of Discord,equip,matches server (not registered),differs,64957,64957 effect1=235,,235 0,sim/paladin/divine_storm.go:10,64957 effect1=235,8 249,Increases the damage done by Divine Storm by $s1.,Item - Paladin T8 Retribution Relic Requires Paladin Increases the damage done by Divine Storm by 249.,
item,45518,Flare of the Heavens,equip,differs from server,differs,64714 > 64713,64714 proc chance=10; 64714 proc cooldown=45; 64713 effect1=850; 64713 effect2=850; 64713 duration=10,64713 effect1=850; 64713 effect2=850,959 10 0.1 45,sim/common/wotlk/stat_bonus_procs.go:347 sim/common/wotlk/stat_bonus_procs.go:348,64713 effect1=850; 64713 effect2=850,60 959 10 45 60 959 10,Your harmful spells have a chance to increase your spell power by $64713s1 for $64713d.,"Flame of the Heavens Requires level 60 Your harmful spells have a chance to increase your spell power by 959 for 10 sec. (Proc chance: 10%, 45s cooldown)",
item,45522,Blood of the Old God,equip,differs from server,differs,64792 > 64790,64792 proc chance=10; 64792 proc cooldown=50; 64790 effect1=1284; 64790 effect2=1284; 64790 duration=10,64790 effect1=1284; 64790 effect2=1284,1358 10 0.1 50,sim/common/wotlk/stat_bonus_procs.go:335 sim/common/wotlk/stat_bonus_procs.go:336,64790 effect1=1284; 64790 effect2=1284,60 1358 10 50 1358 10,Chance on melee and ranged critical strike to increase your attack power by 1284 for 10 secs.,"Blood of the Old God Requires level 60 Chance on melee and ranged critical strike to increase your attack power by 1358 for 10 secs. (Proc chance: 10%, 50s cooldown)",
item,45535,Show of Faith,equip,differs from server,differs,64738 > 64739,64738 proc chance=10; 64738 proc cooldown=50; 64739 effect1=241; 64739 duration=15,64739 effect1=241,272 15 0.1 50,sim/common/wotlk/stat_bonus_procs.go:358 sim/common/wotlk/stat_bonus_procs.go:359,64739 effect1=241,272 5 15 10 50 272,"Each time you cast a spell, there is a chance you will gain up to $64739s1 mana per 5 for $64739d.","Show of Faith Requires Paladin Each time you cast a spell, there is a chance you will gain up to 272 mana per 5 for 15 sec. (Proc chance: 10%, 50s cooldown)",
item,45609,Comet's Trail,equip,differs from server,differs,64786 > 64772,64786 proc chance=15; 64786 proc cooldown=45; 64772 effect1=726; 64772 duration=10,64772 effect1=726,819 10 0.15 45,sim/common/wotlk/stat_bonus_procs.go:368 sim/common/wotlk/stat_bonus_procs.go:369,64772 effect1=726,60 768 10 15 45 60 768,Your melee and ranged attacks have a chance to increase your haste rating by $64772s1 for $64772d1.,"Comet's Trail Requires level 60 Your melee and ranged attacks have a chance to increase your haste rating by 768 for 10 sec. (Proc chance: 15%, 45s cooldown)",
item,45688,Inscribed Band of the Kirin Tor,use,not in sim Go,manual: no values a tooltip shows,54406,item 45688 cooldown=1800,,,,,10 71,Teleports the caster to Dalaran.,Teleport: Dalaran 10 sec cast Requires level 71 Teleports the caster to Dalaran.,
item,45689,Inscribed Loop of the Kirin Tor,use,not in sim Go,manual: no values a tooltip shows,54406,item 45689 cooldown=1800,,,,,10 71,Teleports the caster to Dalaran.,Teleport: Dalaran 10 sec cast Requires level 71 Teleports the caster to Dalaran.,
item,45690,Inscribed Ring of the Kirin Tor,use,not in sim Go,manual: no values a tooltip shows,54406,item 45690 cooldown=1800,,,,,10 71,Teleports the caster to Dalaran.,Teleport: Dalaran 10 sec cast Requires level 71 Teleports the caster to Dalaran.,
item,45691,Inscribed Signet of the Kirin Tor,use,not in sim Go,manual: no values a tooltip shows,54406,item 45691 cooldown=1800,,,,,10 71,Teleports the caster to Dalaran.,Teleport: Dalaran 10 sec cast Requires level 71 Teleports the caster to Dalaran.,
item,45703,Spark of Hope,equip,differs from server (not registered),differs,65010,65010 effect1=42,65010 effect1=42,0 44,sim/core/mana.go:299,65010 effect1=42,44,Reduces the base mana cost of your spells by $s1.,Spell Cost Reduction Requires Death Knight Reduces the base mana cost of your spells by 44.,
item,45850,Rituals of the New Moon,use,not in sim Go,differs,64048,64048 duration=120; item 45850 cooldown=600,,,,64048 duration=120,100,Transform into a giant red wolf.,New Moon 100 yd range Instant Transform into a giant red wolf.,
item,45851,Rituals of the New Moon,use,not in sim Go,differs,64047,64047 duration=120; item 45851 cooldown=600,,,,64047 duration=120,100,Transform into a giant white wolf.,New Moon 100 yd range Instant Transform into a giant white wolf.,
item,45852,Rituals of the New Moon,use,not in sim Go,differs,64049,64049 duration=120; item 45852 cooldown=600,,,,64049 duration=120,100,Transform into a giant grey wolf.,New Moon 100 yd range Instant Transform into a giant grey wolf.,
item,45853,Rituals of the New Moon,use,not in sim Go,differs,64046,64046 duration=120; item 45853 cooldown=600,,,,64046 duration=120,100,Transform into a giant black wolf.,New Moon 100 yd range Instant Transform into a giant black wolf.,
item,45854,Rituals of the New Moon,use,not in sim Go,differs,64052,64052 duration=120; item 45854 cooldown=600,,,,64052 duration=120,100,Transform into a giant wolf.,New Moon 100 yd range Instant Transform into a giant wolf.,
item,45866,Elemental Focus Stone,equip,differs from server,differs,65005 > 65004,65005 proc chance=10; 65005 proc cooldown=45; 65004 effect1=522; 65004 duration=10,65004 effect1=522,552 10 0.1 45,sim/common/wotlk/stat_bonus_procs.go:380 sim/common/wotlk/stat_bonus_procs.go:381,65004 effect1=522,60 552 10 45 60 552 10,Your harmful spells have a chance to increase your haste rating by $65004s1 for $65004d.,"Alacrity of the Elements Requires level 60 Your harmful spells have a chance to increase your haste rating by 552 for 10 sec. (Proc chance: 10%, 45s cooldown)",
item,45929,Sif's Remembrance,equip,differs from server,differs,65002 > 65003,65002 proc chance=10; 65002 proc cooldown=50; 65003 effect1=195; 65003 duration=15,65003 effect1=195,220 15 0.1 50,sim/common/wotlk/stat_bonus_procs.go:393 sim/common/wotlk/stat_bonus_procs.go:394,65003 effect1=195,220 5 15 10 50 220,"Each time you cast a spell, there is a chance you will gain up to $65003s1 mana per 5 for $65003d.","Bonus Mana Regen Requires Paladin Each time you cast a spell, there is a chance you will gain up to 220 mana per 5 for 15 sec. (Proc chance: 10%, 50s cooldown)",
item,45931,Mjolnir Runestone,equip,differs from server,differs,65020 > 65019,65020 proc chance=15; 65020 proc cooldown=45; 65019 effect1=665; 65019 duration=10,65019 effect1=665,751 10 0.15 45,sim/common/wotlk/stat_bonus_procs.go:403 sim/common/wotlk/stat_bonus_procs.go:404,65019 effect1=665,60 751 10 15 45 60 751,Your melee and ranged attacks have a chance to increase your armor penetration rating by $65019s1 for $65019d1.,"Mjolnir Runestone Requires level 60 Your melee and ranged attacks have a chance to increase your armor penetration rating by 751 for 10 sec. (Proc chance: 15%, 45s cooldown)",
item,45991,Bone Fishing Pole,equip,not in sim Go,match,59731,59731 effect1=30,,,,,30,Fishing skill increased by $s1.,Fishing Skill +30 Fishing skill increased by 30.,
item,45992,Jeweled Fishing Pole,equip,not in sim Go,match,59731,59731 effect1=30,,,,,30,Fishing skill increased by $s1.,Fishing Skill +30 Fishing skill increased by 30.,
item,46017,"Val'anyr, Hammer of Ancient Kings",equip,matches server,match,64415 > 64411,64415 proc chance=10; 64415 proc cooldown=45; 64411 duration=15,,64413 1 30 15 0.15 0.1 45,sim/common/wotlk/other_effects.go:303 sim/common/wotlk/other_effects.go:339 sim/common/wotlk/other_effects.go:325,,60 15 10 45 15,Your healing spells have a chance to cause Blessing of Ancient Kings for $64411d allowing your heals to shield the target absorbing damage equal to 15% of the amount healed.,"Val'anyr Hammer of Ancient Kings - Equip Effect Requires level 60 Your healing spells have a chance to cause Blessing of Ancient Kings for 15 sec allowing your heals to shield the target absorbing damage equal to 15% of the amount healed. (Proc chance: 10%, 45s cooldown)",
item,46017,"Val'anyr, Hammer of Ancient Kings",equip,manual: no numeric values,manual: no numeric values (scripted spell),68496,,,64413 1 30 64411 15 0.15 0.1 45,sim/common/wotlk/other_effects.go:303 sim/common/wotlk/other_effects.go:339,,,,,
item,46021,Royal Seal of King Llane,use,differs from server,differs,65012,65012 effect1=380; 65012 duration=20; item 46021 cooldown=120,65012 effect1=380,402 20 120 2,sim/common/wotlk/stat_bonus_cds.go:150,65012 effect1=380,402 20,Increases parry rating by $s1 for $d1.,Royal Seal of King Llane Instant Increases parry rating by 402 for 20 sec.,
item,46038,Dark Matter,equip,differs from server,differs,65025 > 65024,65025 proc chance=15; 65025 proc cooldown=45; 65024 effect1=612; 65024 duration=10,65024 effect1=612,692 10 0.15 45,sim/common/wotlk/stat_bonus_procs.go:415 sim/common/wotlk/stat_bonus_procs.go:416,65024 effect1=612,60 647 10 15 45 60 647,Your melee and ranged attacks have a chance to increase your critical strike rating by $60437s1 for $60437d1.,"Dark Matter Requires level 60 Your melee and ranged attacks have a chance to increase your critical strike rating by 647 for 10 sec. (Proc chance: 15%, 45s cooldown)",
item,46051,Meteorite Crystal,use,differs from server,differs,64999 > 65000,64999 duration=20; item 46051 cooldown=120; 65000 effect1=75,65000 effect1=75,20 85 120 2,sim/common/wotlk/stat_bonus_stacking.go:327 sim/common/wotlk/stat_bonus_stacking.go:328,65000 effect1=75,20 60 5 20 79 5,Each spell cast within 20 seconds will grant a stacking bonus of 60 mana regen per 5 sec. Expires after 20 seconds.  Abilities with no mana cost will not trigger this trinket.,Meteoric Inspiration Instant Each spell cast within 20 seconds will grant a stacking bonus of 60 mana regen per 5 sec. Expires after 20 seconds. Abilities with no mana cost will not trigger this trinket.,
item,46081,Titan-Forged Rune of Audacity,use,not in sim Go,manual: no values a tooltip shows,42292,item 46081 cooldown=120,,,,,,Removes all movement impairing effects and all effects which cause loss of control of your character.,PvP Trinket Instant Removes all movement impairing effects and all effects which cause loss of control of your character.,
item,46082,Titan-Forged Rune of Determination,use,not in sim Go,manual: no values a tooltip shows,42292,item 46082 cooldown=120,,,,,,Removes all movement impairing effects and all effects which cause loss of control of your character.,PvP Trinket Instant Removes all movement impairing effects and all effects which cause loss of control of your character.,
item,46083,Titan-Forged Rune of Accuracy,use,not in sim Go,manual: no values a tooltip shows,42292,item 46083 cooldown=120,,,,,,Removes all movement impairing effects and all effects which cause loss of control of your character.,PvP Trinket Instant Removes all movement impairing effects and all effects which cause loss of control of your character.,
item,46084,Titan-Forged Rune of Cruelty,use,not in sim Go,manual: no values a tooltip shows,42292,item 46084 cooldown=120,,,,,,Removes all movement impairing effects and all effects which cause loss of control of your character.,PvP Trinket Instant Removes all movement impairing effects and all effects which cause loss of control of your character.,
item,46085,Titan-Forged Rune of Alacrity,use,not in sim Go,manual: no values a tooltip shows,42292,item 46085 cooldown=120,,,,,,Removes all movement impairing effects and all effects which cause loss of control of your character.,PvP Trinket Instant Removes all movement impairing effects and all effects which cause loss of control of your character.,
item,46086,Platinum Disks of Battle,use,matches server,match,64524,64524 effect1=752; 64524 effect2=752; 64524 duration=20; item 46086 cooldown=120,,752 20 120 2,sim/common/wotlk/stat_bonus_cds.go:61,,752 20,Increases attack power by $s1 for $d.,Platinum Disks of Battle Instant Increases attack power by 752 for 20 sec.,
item,46087,Platinum Disks of Sorcery,use,matches server,match,64525,64525 effect1=440; 64525 effect2=440; 64525 duration=20; item 46087 cooldown=120,,440 20 120 2,sim/common/wotlk/stat_bonus_cds.go:88,,440 20,Increases spell power by up to $s1 for $d.,Platinum Disks of Sorcery Instant Increases spell power by up to 440 for 20 sec.,
item,46088,Platinum Disks of Swiftness,use,matches server,match,64527,64527 effect1=375; 64527 duration=20; item 46088 cooldown=120,,375 20 120 2,sim/common/wotlk/stat_bonus_cds.go:44,,45 375 20,Increases your haste rating by $s1 for $d1.,Platinum Disks of Swiftness Instant Requires level 45 Increases your haste rating by 375 for 20 sec.,
item,46138,Idol of the Flourishing Life,equip,not in sim Go,differs,64949,64949 effect1=187,,,,64949 effect1=187,8 198,Increases the spell power of your Nourish by $s1.,Item - Druid T8 Restoration Relic Requires Druid Increases the spell power of your Nourish by 198.,
item,46312,Vanquished Clutches of Yogg-Saron,use,not in sim Go,manual: no values a tooltip shows,64981,item 46312 cooldown=120,,,,,2 60,Calls forth a Vanquished Tentacle of Yogg-Saron to serve you.,Summon Random Vanquished Tentacle Instant 2 min cooldown Requires level 60 Calls forth a Vanquished Tentacle of Yogg-Saron to serve you.,
item,47041,Solace of the Defeated,equip,matches server,match,67698 > 67696,67696 effect1=16; 67696 duration=10,,10 8 16 47271,sim/common/wotlk/stat_bonus_stacking.go:231 sim/common/wotlk/stat_bonus_stacking.go:232 sim/common/wotlk/stat_bonus_stacking.go:250,,25 16 5 10 8 16 5 10,"Each time you cast a spell, you gain $67696s1 mana per 5 sec. for $67696d.  Stacks up to $67696u times.","Item - Coliseum 25 Normal Healer Trinket Each time you cast a spell, you gain 16 mana per 5 sec. for 10 sec. Stacks up to 8 times.",
item,47059,Solace of the Defeated,equip,matches server,match,67752 > 67750,67750 effect1=18; 67750 duration=10,,10 8 18 47432,sim/common/wotlk/stat_bonus_stacking.go:240 sim/common/wotlk/stat_bonus_stacking.go:241 sim/common/wotlk/stat_bonus_stacking.go:259,,25 18 5 10 8 18 5 10,"Each time you cast a spell, you gain $67750s1 mana per 5 sec. for $67750d.  Stacks up to $67750u times.","Item - Coliseum 25 Heroic Healer Trinket Each time you cast a spell, you gain 18 mana per 5 sec. for 10 sec. Stacks up to 8 times.",
item,47080,Satrina's Impeding Scarab,use,matches server,match,67699,67699 effect1=4610; 67699 duration=15; item 47080 cooldown=180,,4610 15 180 3,sim/common/wotlk/stat_bonus_cds.go:112,,40 4610 15,Increases maximum health by $s1 for $d. Shares cooldown with Battlemaster's trinkets.,Fortitude 40 yd range Instant Increases maximum health by 4610 for 15 sec. Shares cooldown with Battlemaster's trinkets.,
item,47088,Satrina's Impeding Scarab,use,matches server,match,67753,67753 effect1=5186; 67753 duration=15; item 47088 cooldown=180,,5186 15 180 3,sim/common/wotlk/stat_bonus_cds.go:113,,40 5186 15,Increases maximum health by $s1 for $d. Shares cooldown with Battlemaster's trinkets.,Fortitude 40 yd range Instant Increases maximum health by 5186 for 15 sec. Shares cooldown with Battlemaster's trinkets.,
item,47115,Death's Verdict,equip,differs from server,manual: no values a tooltip shows,67702,67702 proc chance=35; 67702 proc cooldown=45,67702 proc chance=35; 67702 proc cooldown=45,450,sim/common/wotlk/highest_stat_effects.go:143,,25 450 15 35 45,"When you deal damage you have a chance to gain Paragon, increasing your Strength or Agility by $67703s1 for $67703d.  Your highest stat is always chosen.","Item - Coliseum 25 Normal Melee Trinket When you deal damage you have a chance to gain Paragon, increasing your Strength or Agility by 450 for 15 sec. Your highest stat is always chosen. (Proc chance: 35%, 45s cooldown)",
item,47131,Death's Verdict,equip,differs from server,manual: no values a tooltip shows,67771,67771 proc chance=35; 67771 proc cooldown=45,67771 proc chance=35; 67771 proc cooldown=45,510,sim/common/wotlk/highest_stat_effects.go:144,,25 510 15 35 45,"When you deal damage you have a chance to gain Paragon, increasing your Strength or Agility by $67772s1 for $67772d.  Your highest stat is always chosen.","Item - Coliseum 25 Heroic Melee Trinket When you deal damage you have a chance to gain Paragon, increasing your Strength or Agility by 510 for 15 sec. Your highest stat is always chosen. (Proc chance: 35%, 45s cooldown)",
item,47182,Reign of the Unliving,equip,matches server,manual: no values a tooltip shows,67712 > 18350,67712 proc cooldown=2,,3 2 2000 1741 2023,sim/common/wotlk/capacitors.go:100 sim/common/wotlk/capacitors.go:107,,25 3 1741 2023 2,"You gain a Mote of Flame each time you cause a non-periodic spell critical strike.  When you reach $s1 Motes, they will release, firing a Pillar of Flame for $67714s1 damage.  Mote of Flame cannot be gained more often than once every 2 sec.","Item - Coliseum 25 Normal Caster Trinket Requires Paladin You gain a Mote of Flame each time you cause a non-periodic spell critical strike. When you reach 3 Motes, they will release, firing a Pillar of Flame for 1741 to 2023 damage. Mote of Flame cannot be gained more often than once every 2 sec. (2s cooldown)",
item,47188,Reign of the Unliving,equip,matches server,manual: no values a tooltip shows,67758 > 18350,67758 proc cooldown=2,,3 2 2000 1959 2275,sim/common/wotlk/capacitors.go:115 sim/common/wotlk/capacitors.go:122,,25 3 1959 2275 2,"You gain a Shard of Flame each time you cause a non-periodic spell critical strike.  When you reach $s1 Shards, they will release, firing a Pillar of Flame for $67760s1 damage.  Shard of Flame cannot be gained more often than once every 2 sec.","Item - Coliseum 25 Heroic Caster Trinket Requires Paladin You gain a Shard of Flame each time you cause a non-periodic spell critical strike. When you reach 3 Shards, they will release, firing a Pillar of Flame for 1959 to 2275 damage. Shard of Flame cannot be gained more often than once every 2 sec. (2s cooldown)",
item,47213,Abyssal Rune,equip,matches server,match,67670 > 67669,67670 proc chance=25; 67670 proc cooldown=45; 67669 effect1=590; 67669 effect2=590; 67669 duration=10,,590 10 0.25 45,sim/common/wotlk/stat_bonus_procs.go:427 sim/common/wotlk/stat_bonus_procs.go:428,,5 60 590 10 25 45 40 590 10,"Each time you cast a harmful spell, you have a chance to gain $67669s1 spell power for $67669d.","Coliseum 5 CasterTrinket Requires level 60 Each time you cast a harmful spell, you have a chance to gain 590 spell power for 10 sec. (Proc chance: 25%, 45s cooldown)",
item,47214,Banner of Victory,equip,matches server,match,67672 > 67671,67672 proc chance=20; 67672 proc cooldown=50; 67671 effect1=1008; 67671 effect2=1008; 67671 duration=10,,1008 10 0.2 50,sim/common/wotlk/stat_bonus_procs.go:439 sim/common/wotlk/stat_bonus_procs.go:440,,5 60 1008 10 20 50 40 1008 10,"Each time you hit with a melee or ranged attack, you have a chance to gain $67671s1 attack power for $67671d.","Coliseum 5 Melee Trinket Requires level 60 Each time you hit with a melee or ranged attack, you have a chance to gain 1008 attack power for 10 sec. (Proc chance: 20%, 50s cooldown)",
item,47215,Tears of the Vanquished,equip,matches server,match,67667 > 67666,67667 proc chance=25; 67667 proc cooldown=45; 67666 effect1=500,,0.25 45 500,sim/common/wotlk/other_effects.go:549 sim/common/wotlk/other_effects.go:560 sim/common/wotlk/other_effects.go:551,,5 60 500 25 45 500,"Each time you cast a helpful spell, you have a chance to gain $67666s1 mana.","Coliseum 5 Healer Trinket Requires level 60 Each time you cast a helpful spell, you have a chance to gain 500 mana. (Proc chance: 25%, 45s cooldown)",
item,47216,The Black Heart,equip,matches server,match,67653 > 67631,67653 proc chance=25; 67653 proc cooldown=50; 67631 effect1=7056; 67631 duration=10,,7056 10 0.25 50,sim/common/wotlk/stat_bonus_procs.go:451 sim/common/wotlk/stat_bonus_procs.go:452,,5 60 7056 10 25 50 7056 10,"Each time a melee attack strikes you, you have a chance to gain $67631s1 armor for $67631d.","Coliseum 5 Tank Trinket Requires level 60 Each time a melee attack strikes you, you have a chance to gain 7056 armor for 10 sec. (Proc chance: 25%, 50s cooldown)",
item,47271,Solace of the Fallen,equip,matches server,match,67698 > 67696,67696 effect1=16; 67696 duration=10,,10 8 16 47041,sim/common/wotlk/stat_bonus_stacking.go:249 sim/common/wotlk/stat_bonus_stacking.go:232 sim/common/wotlk/stat_bonus_stacking.go:250,,25 16 5 10 8 16 5 10,"Each time you cast a spell, you gain $67696s1 mana per 5 sec. for $67696d.  Stacks up to $67696u times.","Item - Coliseum 25 Normal Healer Trinket Each time you cast a spell, you gain 16 mana per 5 sec. for 10 sec. Stacks up to 8 times.",
item,47290,Juggernaut's Vitality,use,matches server,match,67699,67699 effect1=4610; 67699 duration=15; item 47290 cooldown=180,,4610 15 180 3,sim/common/wotlk/stat_bonus_cds.go:114,,40 4610 15,Increases maximum health by $s1 for $d. Shares cooldown with Battlemaster's trinkets.,Fortitude 40 yd range Instant Increases maximum health by 4610 for 15 sec. Shares cooldown with Battlemaster's trinkets.,
item,47303,Death's Choice,equip,differs from server,manual: no values a tooltip shows,67702,67702 proc chance=35; 67702 proc cooldown=45,67702 proc chance=35; 67702 proc cooldown=45,450,sim/common/wotlk/highest_stat_effects.go:146,,25 450 15 35 45,"When you deal damage you have a chance to gain Paragon, increasing your Strength or Agility by $67703s1 for $67703d.  Your highest stat is always chosen.","Item - Coliseum 25 Normal Melee Trinket When you deal damage you have a chance to gain Paragon, increasing your Strength or Agility by 450 for 15 sec. Your highest stat is always chosen. (Proc chance: 35%, 45s cooldown)",
item,47316,Reign of the Dead,equip,matches server,manual: no values a tooltip shows,67712 > 18350,67712 proc cooldown=2,,3 2 2000 1741 2023,sim/common/wotlk/capacitors.go:133 sim/common/wotlk/capacitors.go:140,,25 3 1741 2023 2,"You gain a Mote of Flame each time you cause a non-periodic spell critical strike.  When you reach $s1 Motes, they will release, firing a Pillar of Flame for $67714s1 damage.  Mote of Flame cannot be gained more often than once every 2 sec.","Item - Coliseum 25 Normal Caster Trinket Requires Paladin You gain a Mote of Flame each time you cause a non-periodic spell critical strike. When you reach 3 Motes, they will release, firing a Pillar of Flame for 1741 to 2023 damage. Mote of Flame cannot be gained more often than once every 2 sec. (2s cooldown)",
item,47432,Solace of the Fallen,equip,matches server,match,67752 > 67750,67750 effect1=18; 67750 duration=10,,10 8 18 47059,sim/common/wotlk/stat_bonus_stacking.go:258 sim/common/wotlk/stat_bonus_stacking.go:241 sim/common/wotlk/stat_bonus_stacking.go:259,,25 18 5 10 8 18 5 10,"Each time you cast a spell, you gain $67750s1 mana per 5 sec. for $67750d.  Stacks up to $67750u times.","Item - Coliseum 25 Heroic Healer Trinket Each time you cast a spell, you gain 18 mana per 5 sec. for 10 sec. Stacks up to 8 times.",
item,47451,Juggernaut's Vitality,use,matches server,match,67753,67753 effect1=5186; 67753 duration=15; item 47451 cooldown=180,,5186 15 180 3,sim/common/wotlk/stat_bonus_cds.go:115,,40 5186 15,Increases maximum health by $s1 for $d. Shares cooldown with Battlemaster's trinkets.,Fortitude 40 yd range Instant Increases maximum health by 5186 for 15 sec. Shares cooldown with Battlemaster's trinkets.,
item,47464,Death's Choice,equip,differs from server,manual: no values a tooltip shows,67771,67771 proc chance=35; 67771 proc cooldown=45,67771 proc chance=35; 67771 proc cooldown=45,510,sim/common/wotlk/highest_stat_effects.go:148,,25 510 15 35 45,"When you deal damage you have a chance to gain Paragon, increasing your Strength or Agility by $67772s1 for $67772d.  Your highest stat is always chosen.","Item - Coliseum 25 Heroic Melee Trinket When you deal damage you have a chance to gain Paragon, increasing your Strength or Agility by 510 for 15 sec. Your highest stat is always chosen. (Proc chance: 35%, 45s cooldown)",
item,47477,Reign of the Dead,equip,matches server,manual: no values a tooltip shows,67758 > 18350,67758 proc cooldown=2,,3 2 2000 1959 2275,sim/common/wotlk/capacitors.go:148 sim/common/wotlk/capacitors.go:155,,25 3 1959 2275 2,"You gain a Shard of Flame each time you cause a non-periodic spell critical strike.  When you reach $s1 Shards, they will release, firing a Pillar of Flame for $67760s1 damage.  Shard of Flame cannot be gained more often than once every 2 sec.","Item - Coliseum 25 Heroic Caster Trinket Requires Paladin You gain a Shard of Flame each time you cause a non-periodic spell critical strike. When you reach 3 Shards, they will release, firing a Pillar of Flame for 1959 to 2275 damage. Shard of Flame cannot be gained more often than once every 2 sec. (2s cooldown)",
item,47661,Libram of Valiance,equip,differs from server,match,67365 > 67371,67365 proc chance=70; 67365 proc cooldown=8; 67371 effect1=200; 67371 duration=16,67371 duration=16,200 15 8 0.7,sim/paladin/items.go:409 sim/paladin/items.go:411,,9 200 16 70 8 80,"Each time your Seal of Vengeance or Seal of Corruption ability deals periodic damage, you have a chance to gain $67371s1 Strength for $67371d.","Item - Paladin T9 Retribution Relic (Seal of Vengeance) Requires Paladin Each time your Seal of Vengeance or Seal of Corruption ability deals periodic damage, you have a chance to gain 200 Strength for 16 sec. (Proc chance: 70%, 8s cooldown)",
item,47662,Libram of Veracity,equip,not in sim Go,match,67363 > 67364,67363 proc chance=70; 67363 proc cooldown=8; 67364 effect1=234; 67364 effect2=234; 67364 duration=15,,,,,9 234 15 70 8 80,"Each time you cast Holy Light, you have a chance to gain $67364s1 spell power for $67364d.","Item - Paladin T9 Holy Relic (Judgement) Requires Paladin Each time you cast Holy Light, you have a chance to gain 234 spell power for 15 sec. (Proc chance: 70%, 8s cooldown)",
item,47664,Libram of Defiance,equip,not in sim Go,match,67379 > 67378,67379 proc chance=80; 67379 proc cooldown=9; 67378 effect1=200; 67378 duration=18,,,,,9 200 18 80 9 1 80,"Each time you use your Hammer of The Righteous ability, you have a chance to gain $67378s1 dodge rating for $67378d.","Item - Paladin T9 Protection Relic (Hammer of The Righteous) Requires Paladin Each time you use your Hammer of The Righteous ability, you have a chance to gain 200 dodge rating for 18 sec. (Proc chance: 80%, 9s cooldown)",
item,47665,Totem of Calming Tides,equip,not in sim Go,match,67389 > 67388,67389 proc chance=70; 67389 proc cooldown=8; 67388 effect1=234; 67388 effect2=234; 67388 duration=15,,,,,9 234 15 70 8 80,"Each time you cast Chain Heal, you have a chance to gain $67388s1 spell power for $67388d.","Item - Shaman T9 Restoration Relic (Chain Heal) Requires Shaman Each time you cast Chain Heal, you have a chance to gain 234 spell power for 15 sec. (Proc chance: 70%, 8s cooldown)",
item,47666,Totem of Electrifying Wind,equip,matches server,match,67386 > 67385,67386 proc chance=70; 67386 proc cooldown=6; 67385 effect1=200; 67385 duration=12,,200 12 6 49238 0.7,sim/shaman/items_wotlk.go:112 sim/shaman/items_wotlk.go:114,,9 200 12 70 6 80,"Each time you cast Lightning Bolt, you have a chance to gain $67385s1 haste rating for $67385d.","Item - Shaman T9 Elemental Relic (Lightning Bolt) Requires Shaman Each time you cast Lightning Bolt, you have a chance to gain 200 haste rating for 12 sec. (Proc chance: 70%, 6s cooldown)",
item,47667,Totem of Quaking Earth,equip,matches server,match,67392 > 67391,67392 proc chance=80; 67392 proc cooldown=9; 67391 effect1=400; 67391 duration=18,,400 18 0.8 9,sim/shaman/items.go:142 sim/shaman/items.go:145,,9 400 18 80 9 80 400 18,"Each time you use your Lava Lash ability, you have a chance to gain $67391s1 attack power for $67391d.","Item - Shaman T9 Enhancement Relic (Lava Lash) Requires Shaman Each time you use your Lava Lash ability, you have a chance to gain 400 attack power for 18 sec. (Proc chance: 80%, 9s cooldown)",
item,47668,Idol of Mutilation,equip,matches server,manual: no values a tooltip shows,67353,67353 proc chance=70; 67353 proc cooldown=8,,5 1 15 8 45509 50456 67354 200 9 67355 16 0.7,sim/druid/feral/rotation.go:695 sim/druid/items.go:448,,9 200 9 200 16 70 8,"While in Bear Form, your Lacerate and Swipe abilities have a chance to grant $67354s1 dodge rating for $67354d, and your Cat Form's Mangle and Shred abilities have a chance to grant $67355s1 Agility for $67355d.","Item - Druid T9 Feral Relic (Lacerate, Swipe, Mangle, and Shred) Requires Druid While in Bear Form, your Lacerate and Swipe abilities have a chance to grant 200 dodge rating for 9 sec, and your Cat Form's Mangle and Shred abilities have a chance to grant 200 Agility for 16 sec. (Proc chance: 70%, 8s cooldown)",
item,47670,Idol of Lunar Fury,equip,matches server,match,67361 > 67360,67361 proc chance=70; 67361 proc cooldown=6; 67360 effect1=200; 67360 duration=12,,200 12 6 0.7,sim/druid/items.go:542 sim/druid/items.go:544,,9 200 12 70 6 80 200 12,"Each time your Moonfire spell deals periodic damage, you have a chance to gain $67360s1 critical strike rating for $67360d.","Item - Druid T9 Balance Relic (Moonfire) Requires Druid Each time your Moonfire spell deals periodic damage, you have a chance to gain 200 critical strike rating for 12 sec. (Proc chance: 70%, 6s cooldown)",
item,47671,Idol of Flaring Growth,equip,not in sim Go,match,67356 > 67358,67356 proc chance=70; 67356 proc cooldown=5; 67358 effect1=234; 67358 effect2=234; 67358 duration=9,,,,,9 234 9 70 5 80 234 9,"Each time your Rejuvenation spell deals periodic healing, you have a chance to gain $67358s1 spell power for $67358d.","Item - Druid T9 Restoration Relic (Rejuvenation) Requires Druid Each time your Rejuvenation spell deals periodic healing, you have a chance to gain 234 spell power for 9 sec. (Proc chance: 70%, 5s cooldown)",
item,47672,Sigil of Insolence,equip,matches server (not registered),match,67381 > 67380,67381 proc chance=80; 67381 proc cooldown=10; 67380 effect1=200; 67380 duration=20,,200 20 10 0.8,sim/deathknight/items.go:635 sim/deathknight/items.go:637,,9 200 20 80 10 1 80,"Each time you use your Rune Strike ability, you have a chance to gain $67380s1 dodge rating for $67380d.","Item - Death Knight T9 Tank Relic (Rune Strike) Requires Death Knight Each time you use your Rune Strike ability, you have a chance to gain 200 dodge rating for 20 sec. (Proc chance: 80%, 10s cooldown)",
item,47673,Sigil of Virulence,equip,matches server (not registered),match,67384 > 67383,67384 proc chance=80; 67384 proc cooldown=10; 67383 effect1=200; 67383 duration=20,,10 0.8 200 20,sim/deathknight/items.go:660 sim/deathknight/items.go:322,,9 200 20 80 10 1 80 200 20,"Each time you use your Death Strike, Obliterate, or Scourge Strike ability, you have a chance to gain $67383s1 Strength for $67383d.","Item - Death Knight T9 Melee Relic (Rune Strike) Requires Death Knight Each time you use your Death Strike, Obliterate, or Scourge Strike ability, you have a chance to gain 200 Strength for 20 sec. (Proc chance: 80%, 10s cooldown)",
item,47725,Victor's Call,use,matches server,match,67738 > 67737,67738 duration=20; item 47725 cooldown=120; 67737 effect1=215; 67737 effect2=215,,20 5 215 120 2 47881,sim/common/wotlk/stat_bonus_stacking.go:338 sim/common/wotlk/stat_bonus_stacking.go:339 sim/common/wotlk/stat_bonus_stacking.go:475,,215 5 20 215,"Each time you strike an enemy with a melee attack, you gain $67737s1 attack power.  Stacks up to $67737u times.  Entire effect lasts $d.","Rising Fury Instant Each time you strike an enemy with a melee attack, you gain 215 attack power. Stacks up to 5 times. Entire effect lasts 20 sec.",
item,47726,Talisman of Volatile Power,use,matches server,match,67736 > 67735,67736 duration=20; item 47726 cooldown=120; 67735 effect1=57,,20 8 57 120 2 47879,sim/common/wotlk/stat_bonus_stacking.go:362 sim/common/wotlk/stat_bonus_stacking.go:363 sim/common/wotlk/stat_bonus_stacking.go:431,,57 8 20 57,"Each time you cast a harmful spell, you gain $67735s1 haste rating.  Stacks up to $67735u times.  Entire effect lasts $d.","Volatile Power Instant Each time you cast a harmful spell, you gain 57 haste rating. Stacks up to 8 times. Entire effect lasts 20 sec.",
item,47727,Fervor of the Frostborn,use,matches server,match,67728 > 67727,67728 duration=20; item 47727 cooldown=120; 67727 effect1=1265,,20 5 1265 120 2 47882,sim/common/wotlk/stat_bonus_stacking.go:384 sim/common/wotlk/stat_bonus_stacking.go:385 sim/common/wotlk/stat_bonus_stacking.go:499,,1265 5 20 1265,"Each time you are struck by an attack, you gain $67727s1 armor.  Stacks up to $67727u times.  Entire effect lasts $d.","Hardening Armor Instant Each time you are struck by an attack, you gain 1265 armor. Stacks up to 5 times. Entire effect lasts 20 sec.",
item,47728,Binding Light,use,matches server,match,67726 > 67723,67726 duration=20; item 47728 cooldown=120; 67723 effect1=66; 67723 effect2=66,,20 8 66 120 2 47880,sim/common/wotlk/stat_bonus_stacking.go:408 sim/common/wotlk/stat_bonus_stacking.go:409 sim/common/wotlk/stat_bonus_stacking.go:453,,66 8 20 66,"Each time you cast a helpful spell, you gain $67723s1 spell power.  Stacks up to $67723u times.  Entire effect lasts $d.","Escalating Power Instant Each time you cast a helpful spell, you gain 66 spell power. Stacks up to 8 times. Entire effect lasts 20 sec.",
item,47734,Mark of Supremacy,use,matches server,match,67695,67695 effect1=1024; 67695 effect2=1024; 67695 duration=20; item 47734 cooldown=120,,1024 20 120 2,sim/common/wotlk/stat_bonus_cds.go:62,,40 1024 20,Increases attack power by $s1 for $d.,Rage 40 yd range Instant Increases attack power by 1024 for 20 sec.,
item,47735,Glyph of Indomitability,use,matches server,match,67694,67694 effect1=512; 67694 duration=20; item 47735 cooldown=120,,512 20 120 2,sim/common/wotlk/stat_bonus_cds.go:144,,512 20,Increases dodge rating by $s1 for $d1.,Defensive Tactics Instant Increases dodge rating by 512 for 20 sec.,
item,47879,Fetish of Volatile Power,use,matches server,match,67736 > 67735,67736 duration=20; item 47879 cooldown=120; 67735 effect1=57,,20 8 57 120 2 47726,sim/common/wotlk/stat_bonus_stacking.go:430 sim/common/wotlk/stat_bonus_stacking.go:363 sim/common/wotlk/stat_bonus_stacking.go:431,,57 8 20 57,"Each time you cast a harmful spell, you gain $67735s1 haste rating.  Stacks up to $67735u times.  Entire effect lasts $d.","Volatile Power Instant Each time you cast a harmful spell, you gain 57 haste rating. Stacks up to 8 times. Entire effect lasts 20 sec.",
item,47880,Binding Stone,use,matches server,match,67726 > 67723,67726 duration=20; item 47880 cooldown=120; 67723 effect1=66; 67723 effect2=66,,20 8 66 120 2 47728,sim/common/wotlk/stat_bonus_stacking.go:452 sim/common/wotlk/stat_bonus_stacking.go:409 sim/common/wotlk/stat_bonus_stacking.go:453,,66 8 20 66,"Each time you cast a helpful spell, you gain $67723s1 spell power.  Stacks up to $67723u times.  Entire effect lasts $d.","Escalating Power Instant Each time you cast a helpful spell, you gain 66 spell power. Stacks up to 8 times. Entire effect lasts 20 sec.",
item,47881,Vengeance of the Forsaken,use,matches server,match,67738 > 67737,67738 duration=20; item 47881 cooldown=120; 67737 effect1=215; 67737 effect2=215,,20 5 215 120 2 47725,sim/common/wotlk/stat_bonus_stacking.go:474 sim/common/wotlk/stat_bonus_stacking.go:339 sim/common/wotlk/stat_bonus_stacking.go:475,,215 5 20 215,"Each time you strike an enemy with a melee attack, you gain $67737s1 attack power.  Stacks up to $67737u times.  Entire effect lasts $d.","Rising Fury Instant Each time you strike an enemy with a melee attack, you gain 215 attack power. Stacks up to 5 times. Entire effect lasts 20 sec.",
item,47882,Eitrigg's Oath,use,matches server,match,67728 > 67727,67728 duration=20; item 47882 cooldown=120; 67727 effect1=1265,,20 5 1265 120 2 47727,sim/common/wotlk/stat_bonus_stacking.go:498 sim/common/wotlk/stat_bonus_stacking.go:385 sim/common/wotlk/stat_bonus_stacking.go:499,,1265 5 20 1265,"Each time you are struck by an attack, you gain $67727s1 armor.  Stacks up to $67727u times.  Entire effect lasts $d.","Hardening Armor Instant Each time you are struck by an attack, you gain 1265 armor. Stacks up to 5 times. Entire effect lasts 20 sec.",
item,47946,Talisman of Volatile Power,use,matches server,match,67744 > 67743,67744 duration=20; item 47946 cooldown=120; 67743 effect1=64,,20 8 64 120 2 48018,sim/common/wotlk/stat_bonus_stacking.go:373 sim/common/wotlk/stat_bonus_stacking.go:374 sim/common/wotlk/stat_bonus_stacking.go:442,,64 8 20 64,"Each time you cast a harmful spell, you gain $67743s1 haste rating.  Stacks up to $67743u times.  Entire effect lasts $d.","Volatile Power Instant Each time you cast a harmful spell, you gain 64 haste rating. Stacks up to 8 times. Entire effect lasts 20 sec.",
item,47947,Binding Light,use,matches server,match,67740 > 67739,67740 duration=20; item 47947 cooldown=120; 67739 effect1=74; 67739 effect2=74,,20 8 74 120 2 48019,sim/common/wotlk/stat_bonus_stacking.go:419 sim/common/wotlk/stat_bonus_stacking.go:420 sim/common/wotlk/stat_bonus_stacking.go:464,,74 8 20 74,"Each time you cast a helpful spell, you gain $67739s1 spell power.  Stacks up to $67739u times.  Entire effect lasts $d.","Escalating Power Instant Each time you cast a helpful spell, you gain 74 spell power. Stacks up to 8 times. Entire effect lasts 20 sec.",
item,47948,Victor's Call,use,matches server,match,67747 > 67746,67747 duration=20; item 47948 cooldown=120; 67746 effect1=250; 67746 effect2=250,,20 5 250 120 2 48020,sim/common/wotlk/stat_bonus_stacking.go:350 sim/priest/mind_flay.go:52 sim/common/wotlk/stat_bonus_stacking.go:351 sim/common/wotlk/stat_bonus_stacking.go:487,,250 5 20 250,"Each time you strike an enemy with a melee attack, you gain $67746s1 attack power.  Stacks up to $67746u times.  Entire effect lasts $d.","Rising Fury Instant Each time you strike an enemy with a melee attack, you gain 250 attack power. Stacks up to 5 times. Entire effect lasts 20 sec.",
item,47949,Fervor of the Frostborn,use,matches server,match,67742 > 67741,67742 duration=20; item 47949 cooldown=120; 67741 effect1=1422,,20 5 1422 120 2 48021,sim/common/wotlk/stat_bonus_stacking.go:396 sim/common/wotlk/stat_bonus_stacking.go:397 sim/common/wotlk/stat_bonus_stacking.go:511,,1422 5 20 1422,"Each time you are struck by an attack, you gain $67741s1 armor.  Stacks up to $67741u times.  Entire effect lasts $d.","Hardening Armor Instant Each time you are struck by an attack, you gain 1422 armor. Stacks up to 5 times. Entire effect lasts 20 sec.",
item,48018,Fetish of Volatile Power,use,matches server,match,67744 > 67743,67744 duration=20; item 48018 cooldown=120; 67743 effect1=64,,20 8 64 120 2 47946,sim/common/wotlk/stat_bonus_stacking.go:441 sim/common/wotlk/stat_bonus_stacking.go:374 sim/common/wotlk/stat_bonus_stacking.go:442,,64 8 20 64,"Each time you cast a harmful spell, you gain $67743s1 haste rating.  Stacks up to $67743u times.  Entire effect lasts $d.","Volatile Power Instant Each time you cast a harmful spell, you gain 64 haste rating. Stacks up to 8 times. Entire effect lasts 20 sec.",
item,48019,Binding Stone,use,matches server,match,67740 > 67739,67740 duration=20; item 48019 cooldown=120; 67739 effect1=74; 67739 effect2=74,,20 8 74 120 2 47947,sim/common/wotlk/stat_bonus_stacking.go:463 sim/common/wotlk/stat_bonus_stacking.go:420 sim/common/wotlk/stat_bonus_stacking.go:464,,74 8 20 74,"Each time you cast a helpful spell, you gain $67739s1 spell power.  Stacks up to $67739u times.  Entire effect lasts $d.","Escalating Power Instant Each time you cast a helpful spell, you gain 74 spell power. Stacks up to 8 times. Entire effect lasts 20 sec.",
item,48020,Vengeance of the Forsaken,use,matches server,match,67747 > 67746,67747 duration=20; item 48020 cooldown=120; 67746 effect1=250; 67746 effect2=250,,20 5 250 120 2 47948,sim/common/wotlk/stat_bonus_stacking.go:486 sim/common/wotlk/stat_bonus_stacking.go:351 sim/common/wotlk/stat_bonus_stacking.go:487,,250 5 20 250,"Each time you strike an enemy with a melee attack, you gain $67746s1 attack power.  Stacks up to $67746u times.  Entire effect lasts $d.","Rising Fury Instant Each time you strike an enemy with a melee attack, you gain 250 attack power. Stacks up to 5 times. Entire effect lasts 20 sec.",
item,48021,Eitrigg's Oath,use,matches server,match,67742 > 67741,67742 duration=20; item 48021 cooldown=120; 67741 effect1=1422,,20 5 1422 120 2 47949,sim/common/wotlk/stat_bonus_stacking.go:510 sim/common/wotlk/stat_bonus_stacking.go:397 sim/common/wotlk/stat_bonus_stacking.go:511,,1422 5 20 1422,"Each time you are struck by an attack, you gain $67741s1 armor.  Stacks up to $67741u times.  Entire effect lasts $d.","Hardening Armor Instant Each time you are struck by an attack, you gain 1422 armor. Stacks up to 5 times. Entire effect lasts 20 sec.",
item,48677,Champion's Deathdealer Breastplate,equip,not in sim Go,match,57353,57353 effect1=10; 57353 effect2=10,,,,,10,Experience gained from killing monsters and completing quests increased by $s1%.,Heirloom Experience Bonus +10% Experience gained from killing monsters and completing quests increased by 10%.,
item,48683,Mystical Vest of Elements,equip,not in sim Go,match,57353,57353 effect1=10; 57353 effect2=10,,,,,10,Experience gained from killing monsters and completing quests increased by $s1%.,Heirloom Experience Bonus +10% Experience gained from killing monsters and completing quests increased by 10%.,
item,48685,Polished Breastplate of Valor,equip,not in sim Go,match,57353,57353 effect1=10; 57353 effect2=10,,,,,10,Experience gained from killing monsters and completing quests increased by $s1%.,Heirloom Experience Bonus +10% Experience gained from killing monsters and completing quests increased by 10%.,
item,48687,Preened Ironfeather Breastplate,equip,not in sim Go,match,57353,57353 effect1=10; 57353 effect2=10,,,,,10,Experience gained from killing monsters and completing quests increased by $s1%.,Heirloom Experience Bonus +10% Experience gained from killing monsters and completing quests increased by 10%.,
item,48689,Stained Shadowcraft Tunic,equip,not in sim Go,match,57353,57353 effect1=10; 57353 effect2=10,,,,,10,Experience gained from killing monsters and completing quests increased by $s1%.,Heirloom Experience Bonus +10% Experience gained from killing monsters and completing quests increased by 10%.,
item,48691,Tattered Dreadmist Robe,equip,matches server (not registered),match,57353,57353 effect1=10; 57353 effect2=10,,60 4 0 1 2 6 25 2.75 0.02 0.1 330,sim/rogue/ambush.go:11,,10,Experience gained from killing monsters and completing quests increased by $s1%.,Heirloom Experience Bonus +10% Experience gained from killing monsters and completing quests increased by 10%.,
item,48722,Shard of the Crystal Heart,use,matches server,match,67683,67683 effect1=512; 67683 duration=20; item 48722 cooldown=120,,512 20 120 2,sim/common/wotlk/stat_bonus_cds.go:45,,512 20,Increases haste rating by $s1 for $d1.,Celerity Instant Increases haste rating by 512 for 20 sec.,
item,48724,Talisman of Resurgence,use,matches server,match,67684,67684 effect1=599; 67684 effect2=599; 67684 duration=20; item 48724 cooldown=120,,599 20 120 2,sim/common/wotlk/stat_bonus_cds.go:89,,599 20,Increases spell power by $s1 for $d1.,Hospitality Instant Increases spell power by 599 for 20 sec.,
item,48945,Gnomish Thinking Cap,use,not in sim Go,manual: no values a tooltip shows,67799,item 48945 cooldown=600,,,,,30 0.5 10 1,Engage in mental combat with a humanoid target in an attempt to pacify or control them.,Mind Amplification Dish 30 yd range 0.5 sec cast 10 min cooldown Requires level 1 Engage in mental combat with a humanoid target in an attempt to pacify or control them.,
item,48954,Etched Band of the Kirin Tor,use,not in sim Go,manual: no values a tooltip shows,54406,item 48954 cooldown=1800,,,,,10 71,Teleports the caster to Dalaran.,Teleport: Dalaran 10 sec cast Requires level 71 Teleports the caster to Dalaran.,
item,48955,Etched Loop of the Kirin Tor,use,not in sim Go,manual: no values a tooltip shows,54406,item 48955 cooldown=1800,,,,,10 71,Teleports the caster to Dalaran.,Teleport: Dalaran 10 sec cast Requires level 71 Teleports the caster to Dalaran.,
item,48956,Etched Ring of the Kirin Tor,use,not in sim Go,manual: no values a tooltip shows,54406,item 48956 cooldown=1800,,,,,10 71,Teleports the caster to Dalaran.,Teleport: Dalaran 10 sec cast Requires level 71 Teleports the caster to Dalaran.,
item,48957,Etched Signet of the Kirin Tor,use,not in sim Go,manual: no values a tooltip shows,54406,item 48957 cooldown=1800,,,,,10 71,Teleports the caster to Dalaran.,Teleport: Dalaran 10 sec cast Requires level 71 Teleports the caster to Dalaran.,
item,49074,Coren's Chromium Coaster,equip,matches server,match,33648 > 60065,33648 proc chance=10; 33648 proc cooldown=50; 60065 effect1=1000; 60065 effect2=1000; 60065 duration=10,,1000 10 0.1 50 40684 44914,sim/common/wotlk/stat_bonus_procs.go:463 sim/common/wotlk/stat_bonus_procs.go:185 sim/common/wotlk/stat_bonus_procs.go:278 sim/common/wotlk/stat_bonus_procs.go:464,,60 1000 10 50 1000 10,Chance on melee and ranged critical strike to increase your attack power by 1000 for 10 secs.,"Reflection of Torment Requires level 60 Chance on melee and ranged critical strike to increase your attack power by 1000 for 10 secs. (Proc chance: 10%, 50s cooldown)",
item,49076,Mithril Pocketwatch,equip,matches server,match,60063 > 60064,60063 proc chance=10; 60063 proc cooldown=45; 60064 effect1=590; 60064 effect2=590; 60064 duration=10,,590 10 0.1 45 40682 44912 50,sim/common/wotlk/stat_bonus_procs.go:475 sim/common/wotlk/stat_bonus_procs.go:174 sim/common/wotlk/stat_bonus_procs.go:268 sim/common/wotlk/stat_bonus_procs.go:476,,60 590 10 45 60 590 10,Your harmful spells have a chance to increase your spell power by $60064s1 for $60064d.,"Now is the Time! Requires level 60 Your harmful spells have a chance to increase your spell power by 590 for 10 sec. (Proc chance: 10%, 45s cooldown)",
item,49078,Ancient Pickled Egg,equip,matches server,match,33953 > 60062,33953 proc chance=10; 33953 proc cooldown=45; 60062 effect1=505; 60062 duration=10,,505 10 0.1 45 40685,sim/common/wotlk/stat_bonus_procs.go:487 sim/common/wotlk/stat_bonus_procs.go:198 sim/common/wotlk/stat_bonus_procs.go:488,,60 505 10 45 60 505 10,Your direct healing and heal over time spells have a chance to increase your haste rating by 505 for 10 secs.,"Essence of Life Requires level 60 Your direct healing and heal over time spells have a chance to increase your haste rating by 505 for 10 secs. (Proc chance: 10%, 45s cooldown)",
item,49080,Brawler's Souvenir,use,matches server,match,68443,68443 effect1=335; 68443 duration=20; item 49080 cooldown=120,,335 20 120 2,sim/common/wotlk/stat_bonus_cds.go:143,,335 20,Increases dodge rating by $s1 for $d1.,Drunken Evasiveness Instant Increases dodge rating by 335 for 20 sec.,
item,49116,Bitter Balebrew Charm,use,not in sim Go,differs,68271,68271 duration=35; item 49116 cooldown=600,,,,68271 duration=35,,"Right Click to summon the Black Brewmaiden, who will smite your foes with your empty tankards. Wave at her for Brewfest Brew!","Summon the Black Brewmaiden Instant Right Click to summon the Black Brewmaiden, who will smite your foes with your empty tankards. Wave at her for Brewfest Brew!",
item,49118,Bubbling Brightbrew Charm,use,not in sim Go,differs,68270,68270 duration=35; item 49118 cooldown=600,,,,68270 duration=35,,"Right Click to summon the Brewmaiden, whose very presence bolsters a party's vigor. Wave at her for Brewfest Brew!","Summon the Brewmaiden Instant Right Click to summon the Brewmaiden, whose very presence bolsters a party's vigor. Wave at her for Brewfest Brew!",
item,49126,The Horseman's Horrific Helm,use,not in sim Go,differs,43873,43873 duration=5; item 49126 cooldown=30,,,,43873 duration=5,,Let the Horseman laugh through you.,Headless Horseman Laugh Instant Let the Horseman laugh through you.,
item,49128,The Horseman's Baleful Blade,use,not in sim Go,differs,50070 > 50071 > 50062,50070 duration=3; item 49128 cooldown=600; 50062 duration=30,,,,50070 duration=3,30 10 1 70,Summon Pumpkin Soldiers to burn your foes.,Summon Pumpkin Soldiers Instant Summon Pumpkin Soldiers to burn your foes.,
item,49296,Singed Vis'kag the Bloodletter,chance on hit,not in sim Go,match,69209,69209 effect1=2000,,,,,80 2000,Delivers a fatal wound for $s1 damage.,Fatal Wound Melee Range Instant Requires level 80 Delivers a fatal wound for 2000 damage.,
item,49297,Empowered Deathbringer,chance on hit,not in sim Go,match,69211,69211 effect1=1687; 69211 effect1 min=1313,,,,,30 2.2 80 1313 1687,Sends a shadowy bolt at the enemy causing $s1 Shadow damage.,Shadow Bolt 30 yd range 2.2 sec cast Requires level 80 Sends a shadowy bolt at the enemy causing 1313 to 1687 Shadow damage.,
item,49301,Reclaimed Thunderstrike,chance on hit,not in sim Go,match,21179,21179 effect1=250; 21179 effect1 min=150,,,,,30 80 3 150 250,Blasts up to 3 targets for $s1 Nature damage. Each target after the first takes less damage.,Chain Lightning 30 yd range Instant Requires level 80 Blasts up to 3 targets for 150 to 250 Nature damage. Each target after the first takes less damage.,
item,49302,Reclaimed Shadowstrike,chance on hit,not in sim Go,match,21170,21170 effect1=180; 21170 effect1 min=100,,,,,40 80 100 180,Steals $s1 life from target enemy.,Drain Life 40 yd range Instant Requires level 80 Steals 100 to 180 life from target enemy.,
item,49302,Reclaimed Shadowstrike,use,not in sim Go,manual: no numeric values (scripted spell),68787,,,,,,10,Summons a new Reclaimed Thunderstrike.,Summon Reclaimed Thunderstrike 10 sec cast Summons a new Reclaimed Thunderstrike.,
item,49303,Gleaming Quel'Serrar,chance on hit,not in sim Go,match,69207,69207 effect1=100; 69207 effect2=1400; 69207 duration=10,,,,,80 100 1400 10,Grants the wielder $s1 defense rating and $s2 armor for $d.,Sanctuary Instant Requires level 80 Grants the wielder 100 defense rating and 1400 armor for 10 sec.,
item,49308,Antique Cornerstone Grimoire,use,not in sim Go,match,69206,69206 duration=60; item 49308 cooldown=900,,,,,80 1,Summons a Skeleton that will protect you for $d.,Summon Skeleton Instant Requires level 80 Summons a Skeleton that will protect you for 1 min.,
item,49437,Rusted Gutgore Ripper,chance on hit,not in sim Go,match,69180,69180 effect1=360; 69180 effect2=120; 69180 duration=30,,,,,30 80 360 120 30,Sends a shadowy bolt at the enemy causing $s1 Shadow damage and lowering all stats by $s2 for $d.,Gutgore Ripper 30 yd range Instant Requires level 80 Sends a shadowy bolt at the enemy causing 360 Shadow damage and lowering all stats by 120 for 30 sec.,
item,49465,Tarnished Gutgore Ripper,chance on hit,not in sim Go,match,69181,69181 effect1=390; 69181 effect2=130; 69181 duration=30,,,,,30 80 390 130 30,Sends a shadowy bolt at the enemy causing $s1 Shadow damage and lowering all stats by $s2 for $d.,Gutgore Ripper 30 yd range Instant Requires level 80 Sends a shadowy bolt at the enemy causing 390 Shadow damage and lowering all stats by 130 for 30 sec.,
item,49490,Antediluvian Cornerstone Grimoire,use,not in sim Go,match,69206,69206 duration=60; item 49490 cooldown=900,,,,,80 1,Summons a Skeleton that will protect you for $d.,Summon Skeleton Instant Requires level 80 Summons a Skeleton that will protect you for 1 min.,
item,49495,Burnished Quel'Serrar,chance on hit,not in sim Go,match,69208,69208 effect1=110; 69208 effect2=1550; 69208 duration=10,,,,,80 110 1550 10,Grants the wielder $s1 defense rating and $s2 armor for $d.,Sanctuary Instant Requires level 80 Grants the wielder 110 defense rating and 1550 armor for 10 sec.,
item,49496,Reinforced Shadowstrike,chance on hit,not in sim Go,match,21170,21170 effect1=180; 21170 effect1 min=100,,,,,40 80 100 180,Steals $s1 life from target enemy.,Drain Life 40 yd range Instant Requires level 80 Steals 100 to 180 life from target enemy.,
item,49496,Reinforced Shadowstrike,use,not in sim Go,manual: no numeric values (scripted spell),69419,,,,,,10,Summons a new Reinforced Thunderstrike.,Summon Reinforced Thunderstrike 10 sec cast Summons a new Reinforced Thunderstrike.,
item,49497,Reinforced Thunderstrike,chance on hit,not in sim Go,match,21179,21179 effect1=250; 21179 effect1 min=150,,,,,30 80 3 150 250,Blasts up to 3 targets for $s1 Nature damage. Each target after the first takes less damage.,Chain Lightning 30 yd range Instant Requires level 80 Blasts up to 3 targets for 150 to 250 Nature damage. Each target after the first takes less damage.,
item,49500,Raging Deathbringer,chance on hit,not in sim Go,match,69212,69212 effect1=1874; 69212 effect1 min=1458,,,,,30 2.2 80 1458 1874,Sends a shadowy bolt at the enemy causing $s1 Shadow damage.,Shadow Bolt 30 yd range 2.2 sec cast Requires level 80 Sends a shadowy bolt at the enemy causing 1458 to 1874 Shadow damage.,
item,49501,Tempered Vis'kag the Bloodletter,chance on hit,not in sim Go,match,69210,69210 effect1=2222,,,,,80 2222,Delivers a fatal wound for $s1 damage.,Fatal Wound Melee Range Instant Requires level 80 Delivers a fatal wound for 2222 damage.,
item,49623,Shadowmourne,equip,differs from server,differs,71903,71903 effect1=20; 71903 ppm=12,71903 effect1=20,12 73422 270 10 71904 1 1900 2100 60 71905 30 0 37835 125 15 0.1 50,sim/common/wotlk/shadowmourne.go:22 sim/common/wotlk/stat_bonus_procs.go:119,71903 effect1=20,30 10 1900 2100 15 270 10,"Your melee attacks have a chance to drain a Soul Fragment granting you $71905s1 Strength.  When you have acquired $71905u Soul Fragments you will unleash Chaos Bane, dealing $71904s1 Shadow damage split between all enemies within $71904a1 yards and granting you $73422s1 Strength for $73422d.","Item - Shadowmourne Legendary Your melee attacks have a chance to drain a Soul Fragment granting you 30 Strength. When you have acquired 10 Soul Fragments you will unleash Chaos Bane, dealing 1900 to 2100 Shadow damage split between all enemies within 15 yards and granting you 270 Strength for 10 sec.",
item,49888,Shadow's Edge,equip,not in sim Go,manual: no numeric values (scripted spell),71168 > 71169,,,,,,,,Unsated Craving,
item,49982,Heartpierce,equip,matches server,match,71880 > 71870,71880 ppm=1; 71870 effect1=100; 71870 effect2=300; 71870 duration=10,,5 50641 6 2 120 4 1 50179 71871 100 300 50708 71872 71873 115 340 10 0.37,sim/common/wotlk/other_effects.go:569 sim/common/wotlk/other_effects.go:1098,,25 4 2 120 2 10 100 300 10,"Your melee attacks have a chance to trigger Invigoration, granting you $71882s1 energy, ${$71883m1/10} rage, or $71881s1 mana every 2 sec for $71882d.","Item - Icecrown 25 Normal Dagger Proc Requires Paladin Your melee attacks have a chance to trigger Invigoration, granting you 4 energy, 2 rage, or 120 mana every 2 sec for 10 sec.",
item,49992,Nibelung,equip,matches server,match,71845 > 71843,71845 proc chance=2; 71843 duration=30,,50648 71844 71846 30 0.02 0.25 250 16 1 0,sim/common/wotlk/other_effects.go:1086 sim/common/wotlk/nibelung.go:91 sim/common/wotlk/nibelung.go:90,,25 30 2 250 80,Your harmful spells have a chance to cause you to summon a Val'kyr to fight by your side for $71843d.,"Item - Icecrown 25 Normal Caster Weapon Proc Your harmful spells have a chance to cause you to summon a Val'kyr to fight by your side for 30 sec. (Proc chance: 2%, 250ms cooldown)",
item,50028,Trauma,equip,not in sim Go,match,71865 > 71864,71864 effect1=217; 71864 duration=6,,,,,25 10 217 6 1 100 217 6,Each time your spells heal a target you have a chance to cause the target of your heal to heal themselves and friends within $71864a1 yards for $71864s1 each sec for $71864d.,Item - Icecrown 25 Normal Healer Weapon Proc Requires Paladin Each time your spells heal a target you have a chance to cause the target of your heal to heal themselves and friends within 10 yards for 217 each sec for 6 sec. (Proc chance: 1%),
item,50034,Zod's Repeating Longbow,equip,matches server,match,71835 > 71834,71835 proc chance=4; 71834 effect2=50,,0.04 50638 0.05 0.5 1,sim/hunter/wotlk_items.go:211,,25 4 50 4 100 1 50,Your ranged attacks have a $h% chance to cause you to instantly attack with this weapon for $71834s2% weapon damage.,Item - Icecrown 25 Normal Ranged Weapon Proc Your ranged attacks have a 4% chance to cause you to instantly attack with this weapon for 50% weapon damage. (Proc chance: 4%),
item,50035,Black Bruise,equip,matches server,match,71876 > 71875,71876 proc chance=3; 71875 effect1=9; 71875 duration=10,,0.09 50692 71877 0.1 51460 1 10 0.03,sim/common/wotlk/other_effects.go:953 sim/common/wotlk/other_effects.go:955,,25 10 9 3 100 9,"Your melee attacks have a chance to grant you Necrotic Touch for $71875d, causing all your melee attacks to deal an additional $71875s1% damage as shadow damage.","Item - Icecrown 25 Normal Slow Melee Weapon Proc Requires Paladin Your melee attacks have a chance to grant you Necrotic Touch for 10 sec, causing all your melee attacks to deal an additional 9% damage as shadow damage. (Proc chance: 3%)",
item,50179,Last Word,equip,matches server,match,71871 > 71870,71871 proc chance=37; 71870 effect1=100; 71870 effect2=300; 71870 duration=10,,100 300 50708 71872 71873 115 340 10 0.37,sim/common/wotlk/other_effects.go:1097 sim/common/wotlk/other_effects.go:1099 sim/common/wotlk/other_effects.go:1098,,25 100 300 10 37 100 300 10,"Your melee attacks have a chance to grant you Blessing of Light, increasing your strength by $71870s1 and your healing received by up to $71870s2 for $71870d.","Item - Icecrown 25 Normal Tank Weapon Proc Requires Paladin Your melee attacks have a chance to grant you Blessing of Light, increasing your strength by 100 and your healing received by up to 300 for 10 sec. (Proc chance: 37%)",
item,50198,Needle-Encrusted Scorpion,equip,matches server,match,71404 > 71403,71404 proc chance=10; 71404 proc cooldown=50; 71403 effect1=678; 71403 duration=10,,678 10 0.1 50,sim/common/wotlk/stat_bonus_procs.go:497 sim/common/wotlk/stat_bonus_procs.go:498,,60 678 10 50 678 10,Chance on melee or ranged critical strike to increase your armor penetration rating by $71403s1 for $71403d.,"Item - Icecrown Dungeon Melee Trinket Requires level 60 Chance on melee or ranged critical strike to increase your armor penetration rating by 678 for 10 sec. (Proc chance: 10%, 50s cooldown)",
item,50235,Ick's Rotting Thumb,use,matches server,match,71569,71569 effect1=4104; 71569 duration=15; item 50235 cooldown=180,,4104 15 180 3,sim/common/wotlk/stat_bonus_cds.go:116,,40 4104 15,Increases maximum health by $s1 for $d. Shares cooldown with other Battlemaster's trinkets.,Increased Fortitude 40 yd range Instant Increases maximum health by 4104 for 15 sec. Shares cooldown with other Battlemaster's trinkets.,
item,50255,Dread Pirate Ring,equip,not in sim Go,match,71354,71354 effect1=5; 71354 effect2=5,,,,,5,Experience gained from killing monsters and completing quests increased by $s1%.,Heirloom Experience Bonus +5% Experience gained from killing monsters and completing quests increased by 5%.,
item,50259,Nevermelting Ice Crystal,use,matches server,match,71563,71563 duration=20; item 50259 cooldown=180,,20 5 184 180 3,sim/common/wotlk/other_effects.go:347 sim/common/wotlk/other_effects.go:349,,920 20 184,"Increases your critical strike rating by ${$71564m1*$71564u} for $71564d. Every time one of your non-periodic spells deals a critical strike, the bonus is reduced by $71564s1 critical strike rating.","Deadly Precision Instant Increases your critical strike rating by 920 for 20 sec. Every time one of your non-periodic spells deals a critical strike, the bonus is reduced by 184 critical strike rating.",
item,50260,Ephemeral Snowflake,equip,matches server,match,71567 > 71566,71566 effect1=11,,464 20 120 2 0.25 250 11,sim/common/wotlk/other_effects.go:639 sim/common/wotlk/other_effects.go:641,,11 250 11,You gain $71566s1 mana each time you heal a target with one of your spells.,Item - Icecrown Dungeon Healer Trinket You gain 11 mana each time you heal a target with one of your spells. (250ms cooldown),
item,50260,Ephemeral Snowflake,use,matches server,match,71568,71568 effect1=464; 71568 duration=20; item 50260 cooldown=120,,464 20 120 2 0.25 250 11,sim/common/wotlk/other_effects.go:639 sim/common/wotlk/other_effects.go:641,,464 20,Grants $s1 haste rating for $d.,Urgency Instant Grants 464 haste rating for 20 sec.,
item,50339,Sliver of Pure Ice,use,matches server,match,71565,71565 effect1=1625; item 50339 cooldown=120,,1625 50346 1830 120 2,sim/common/wotlk/other_effects.go:398,,1 1625,Restores $s1 mana.,Replenish Mana Instant 1 min cooldown Requires level 1 Restores 1625 mana.,
item,50340,Muradin's Spyglass,equip,matches server,match,71571 > 71570,71570 effect1=18; 71570 effect2=18; 71570 duration=10,,10 18,sim/common/wotlk/stat_bonus_stacking.go:267 sim/common/wotlk/stat_bonus_stacking.go:268,,10 18 10 18 10,"Each time you deal spell damage to an opponent, you gain $71570s1 spell power for the next $71570d, stacking up to $71570u times.","Item - Icecrown 10 Normal Caster Trinket Each time you deal spell damage to an opponent, you gain 18 spell power for the next 10 sec, stacking up to 10 times.",
item,50341,Unidentifiable Organ,equip,matches server,match,71576 > 71575,71576 proc chance=60; 71575 effect1=24; 71575 duration=10,,10 24 0.6,sim/common/wotlk/stat_bonus_stacking.go:289 sim/common/wotlk/stat_bonus_stacking.go:290,,10 60 24 10 60 24 10,"Each time you are struck by a melee attack, you have a $h% chance to gain $71575s1 stamina for the next $71575d, stacking up to $71575u times.","Item - Icecrown 10 Normal Tank Trinket Each time you are struck by a melee attack, you have a 60% chance to gain 24 stamina for the next 10 sec, stacking up to 10 times. (Proc chance: 60%)",
item,50342,Whispering Fanged Skull,equip,matches server,match,71402 > 71401,71402 proc chance=35; 71402 proc cooldown=45; 71401 effect1=1100; 71401 effect2=1100; 71401 duration=15,,1100 15 0.35 45,sim/common/wotlk/stat_bonus_procs.go:509 sim/common/wotlk/stat_bonus_procs.go:510,,10 1100 15 35 45 40 1100 15,When you deal damage you have a chance to gain $71401s1 attack power for $71401d.,"Item - Icecrown 10 Normal Melee Trinket When you deal damage you have a chance to gain 1100 attack power for 15 sec. (Proc chance: 35%, 45s cooldown)",
item,50343,Whispering Fanged Skull,equip,matches server,match,71540 > 71541,71540 proc chance=35; 71540 proc cooldown=45; 71541 effect1=1250; 71541 effect2=1250; 71541 duration=15,,1250 15 0.35 45,sim/common/wotlk/stat_bonus_procs.go:521 sim/common/wotlk/stat_bonus_procs.go:522,,10 1250 15 35 45 40 1250 15,When you deal damage you have a chance to gain $71541s1 attack power for $71541d.,"Item - Icecrown 10 Heroic Melee Trinket When you deal damage you have a chance to gain 1250 attack power for 15 sec. (Proc chance: 35%, 45s cooldown)",
item,50344,Unidentifiable Organ,equip,matches server,match,71578 > 71577,71578 proc chance=60; 71577 effect1=27; 71577 duration=10,,10 27 0.6,sim/common/wotlk/stat_bonus_stacking.go:301 sim/common/wotlk/stat_bonus_stacking.go:302,,10 60 27 10 60 27 10,"Each time you are struck by a melee attack, you have a $h% chance to gain $71577s1 stamina for the next $71577d, stacking up to $71577u times.","Item - Icecrown 10 Heroic Tank Trinket Each time you are struck by a melee attack, you have a 60% chance to gain 27 stamina for the next 10 sec, stacking up to 10 times. (Proc chance: 60%)",
item,50345,Muradin's Spyglass,equip,matches server,match,71573 > 71572,71572 effect1=20; 71572 effect2=20; 71572 duration=10,,10 20,sim/common/wotlk/stat_bonus_stacking.go:278 sim/common/wotlk/stat_bonus_stacking.go:279,,10 20 10 20 10,"Each time you deal spell damage to an opponent, you gain $71572s1 spell power for the next $71572d, stacking up to $71572u times.","Item - Icecrown 10 Heroic Caster Trinket Each time you deal spell damage to an opponent, you gain 20 spell power for the next 10 sec, stacking up to 10 times.",
item,50346,Sliver of Pure Ice,use,matches server,match,71574,71574 effect1=1830; item 50346 cooldown=120,,50339 1625 1830 120 2,sim/common/wotlk/other_effects.go:401,,1 1830,Restores $s1 mana.,Replenish Mana Instant 1 min cooldown Requires level 1 Restores 1830 mana.,
item,50348,Dislodged Foreign Object,equip,matches server,match,71645 > 71644 > 71643,71645 proc chance=10; 71645 proc cooldown=45; 71644 duration=20; 71643 effect1=121; 71643 effect2=121,,50353 105 121 20 10 0.1 45 2,sim/common/wotlk/other_effects.go:475,,25 1 60 121 2 20 10 45 121 2 20 121 2 20,Your harmful spells have a chance to increase your spell power by $71643s1 and an additional $71643s1 every $71644t1 sec for $71644d.,"Item - Icecrown 25 Heroic Caster Trinket 1 Base Requires level 60 Your harmful spells have a chance to increase your spell power by 121 and an additional 121 every 2 sec for 20 sec. (Proc chance: 10%, 45s cooldown)",
item,50349,Corpse Tongue Coin,equip,matches server,match,71640 > 71639,71640 proc cooldown=30; 71639 effect1=6426; 71639 duration=10,,50352 5712 6426 10 30 0.35,sim/common/wotlk/other_effects.go:436,,25 1 35 6426 10 30 6426 10,Melee attacks which reduce you below $s1% health cause you to gain $71639s1 armor for $71639d.  Cannot occur more than once every 30 sec.,Item - Icecrown 25 Heroic Tank Trinket 1 Melee attacks which reduce you below 35% health cause you to gain 6426 armor for 10 sec. Cannot occur more than once every 30 sec. (30s cooldown),
item,50351,Tiny Abomination in a Jar,equip,matches server,manual: no values a tooltip shows,71406 > 18350,71406 proc chance=50,,8 50706 7 71433 0.5 71434 71432,sim/common/wotlk/capacitors.go:165,,8 50,"Your melee attacks have a chance to grant you a Mote of Anger.  When you reach $71432u Motes of Anger, they will release, causing you to instantly attack for $71433s2% weapon damage with one of your melee weapons.","Anger Capacitor Requires Paladin Your melee attacks have a chance to grant you a Mote of Anger. When you reach 8 Motes of Anger, they will release, causing you to instantly attack for 50% weapon damage with one of your melee weapons.",
item,50352,Corpse Tongue Coin,equip,matches server,match,71634 > 71633,71634 proc cooldown=30; 71633 effect1=5712; 71633 duration=10,,5712 50349 6426 10 30 0.35,sim/common/wotlk/other_effects.go:432,,25 1 35 5712 10 30 5712 10,Melee attacks which reduce you below $s1% health cause you to gain $71633s1 armor for $71633d.  Cannot occur more than once every 30 sec.,Item - Icecrown 25 Normal Tank Trinket 1 Melee attacks which reduce you below 35% health cause you to gain 5712 armor for 10 sec. Cannot occur more than once every 30 sec. (30s cooldown),
item,50353,Dislodged Foreign Object,equip,matches server,match,71602 > 71601 > 71600,71602 proc chance=10; 71602 proc cooldown=45; 71601 duration=20; 71600 effect1=105; 71600 effect2=105,,105 50348 121 20 10 0.1 45 2,sim/common/wotlk/other_effects.go:471,,25 1 60 105 2 20 10 45 105 2 20 105 2 20,Your harmful spells have a chance to increase your spell power by $71600s1 and an additional $71600s1 every $71601t1 sec for $71601d.,"Item - Icecrown 25 Normal Caster Trinket 1 Base Requires level 60 Your harmful spells have a chance to increase your spell power by 105 and an additional 105 every 2 sec for 20 sec. (Proc chance: 10%, 45s cooldown)",
item,50354,Bauble of True Blood,use,matches server,match,71607,71607 effect1=8600; 71607 effect1 min=7400; item 50354 cooldown=120,,50726 120 2 1 7400 8600,sim/common/wotlk/other_effects.go:696,,40 7400 8600,Instantly heal a friendly target for $s1.,Release of Light 40 yd range Instant Instantly heal a friendly target for 7400 to 8600.,
item,50355,Herkuml War Token,equip,matches server,match,71397 > 71396,71396 effect1=17; 71396 effect3=17; 71396 duration=10,,10 20 17,sim/common/wotlk/stat_bonus_stacking.go:313 sim/common/wotlk/stat_bonus_stacking.go:314,,25 17 10 20 17 10 20,"Each time you deal melee or ranged damage to an opponent, you gain $71396s1 attack power for the next $71396d, stacking up to $71396u times.","Item - Icecrown 25 Emblem Melee Trinket Each time you deal melee or ranged damage to an opponent, you gain 17 attack power for the next 10 sec, stacking up to 20 times.",
item,50356,Corroded Skeleton Key,use,matches server,match,71586,71586 effect1=6400; 71586 duration=10; item 50356 cooldown=120,,120 2 1 10 6400,sim/common/wotlk/other_effects.go:655 sim/common/wotlk/other_effects.go:657,,1 20 6400 10,Absorbs $s1 damage.  Lasts $d.,Hardened Skin Instant 1 sec cooldown Requires level 20 Absorbs 6400 damage. Lasts 10 sec.,
item,50357,Maghia's Misguided Quill,use,matches server,match,71579,71579 effect1=716; 71579 effect2=716; 71579 duration=20; item 50357 cooldown=120,,716 20 120 2,sim/common/wotlk/stat_bonus_cds.go:90,,40 716 20,Increases spell power by $s2 for $d.,Elusive Power 40 yd range Instant Increases spell power by 716 for 20 sec.,
item,50358,Purified Lunar Dust,equip,matches server,match,71585 > 71584,71585 proc chance=10; 71585 proc cooldown=50; 71584 effect1=304; 71584 duration=15,,304 15 0.1 50,sim/common/wotlk/stat_bonus_procs.go:533 sim/common/wotlk/stat_bonus_procs.go:534,,25 304 5 15 10 50 304 15,Your spell casts have a chance to grant $71584s1 mana per 5 sec for $71584d.,"Item - Icecrown 25 Emblem Healer Trinket Requires Paladin Your spell casts have a chance to grant 304 mana per 5 sec for 15 sec. (Proc chance: 10%, 50s cooldown)",
item,50359,Althor's Abacus,equip,matches server,match,71611 > 71610,71611 proc chance=30; 71611 proc cooldown=45; 71610 effect1=6450; 71610 effect1 min=5550,,5550 6450 50366 6280 7298 1 0.3 45,sim/common/wotlk/other_effects.go:736,,25 2 5550 6450 30 45 40 5550 6450,Each time your spells heal a target you have a chance to cause another nearby friendly target to be instantly healed for $71610s1.,"Item - Icecrown 25 Normal Healer Trinket 2 Requires Paladin Each time your spells heal a target you have a chance to cause another nearby friendly target to be instantly healed for 5550 to 6450. (Proc chance: 30%, 45s cooldown)",
item,50360,Phylactery of the Nameless Lich,equip,matches server,match,71606 > 71605,71606 proc chance=30; 71606 proc cooldown=100; 71605 effect1=1074; 71605 effect2=1074; 71605 duration=20,,1074 20 0.3 100,sim/common/wotlk/stat_bonus_procs.go:543 sim/common/wotlk/stat_bonus_procs.go:544,,25 2 60 1074 20 30 1.667 40 1074 20,"Each time one of your spells deals periodic damage, you have a chance to gain $71605s1 spell power for $71605d.","Item - Icecrown 25 Normal Caster Trinket 2 Requires level 60 Each time one of your spells deals periodic damage, you have a chance to gain 1074 spell power for 20 sec. (Proc chance: 30%, 1.667m cooldown)",
item,50361,Sindragosa's Flawless Fang,use,matches server,match,71635,71635 effect1=239; 71635 duration=10; item 50361 cooldown=60,,239 10 60 1,sim/common/wotlk/stat_bonus_cds.go:161,,239 10,"Increases resistance to Arcane, Fire, Frost, Nature, and Shadow spells by $s1 for $d.","Aegis of Dalaran Instant Increases resistance to Arcane, Fire, Frost, Nature, and Shadow spells by 239 for 10 sec.",
item,50362,Deathbringer's Will,equip,matches server,manual: no values a tooltip shows,71519,71519 proc chance=35; 71519 proc cooldown=105,,600 71484 71485 71486 71491 71492 50363 700 71561 71556 71558 71559 71560 0 30 1 2 3 4 0.35 105,sim/common/wotlk/other_effects.go:129,,25 30 35 1.75,"Your attacks have a chance to awaken the powers of the races of Northrend, temporarily transforming you and increasing your combat capabilities for $71491d.","Item - Icecrown 25 Normal Melee Trinket Your attacks have a chance to awaken the powers of the races of Northrend, temporarily transforming you and increasing your combat capabilities for 30 sec. (Proc chance: 35%, 1.75m cooldown)",
item,50363,Deathbringer's Will,equip,matches server,manual: no values a tooltip shows,71562,71562 proc chance=35; 71562 proc cooldown=105,,50362 600 71484 71485 71486 71491 71492 700 71561 71556 71558 71559 71560 0 30 1 2 3 4 0.35 105,sim/common/wotlk/other_effects.go:140,,25 30 35 1.75,"Your attacks have a chance to awaken the powers of the races of Northrend, temporarily transforming you and increasing your combat capabilities for $71561d.","Item - Icecrown 25 Heroic Melee Trinket Your attacks have a chance to awaken the powers of the races of Northrend, temporarily transforming you and increasing your combat capabilities for 30 sec. (Proc chance: 35%, 1.75m cooldown)",
item,50364,Sindragosa's Flawless Fang,use,matches server,match,71638,71638 effect1=268; 71638 duration=10; item 50364 cooldown=60,,268 10 60 1,sim/common/wotlk/stat_bonus_cds.go:162,,268 10,"Increases resistance to Arcane, Fire, Frost, Nature, and Shadow spells by $s1 for $d.","Aegis of Dalaran Instant Increases resistance to Arcane, Fire, Frost, Nature, and Shadow spells by 268 for 10 sec.",
item,50365,Phylactery of the Nameless Lich,equip,matches server,match,71637 > 71636,71637 proc chance=30; 71637 proc cooldown=100; 71636 effect1=1207; 71636 effect2=1207; 71636 duration=20,,1207 20 0.3 100,sim/common/wotlk/stat_bonus_procs.go:554 sim/common/wotlk/stat_bonus_procs.go:555,,25 2 60 1207 20 30 1.667 40 1207 20,"Each time one of your spells deals periodic damage, you have a chance to gain $71636s1 spell power for $71636d.","Item - Icecrown 25 Heroic Caster Trinket 2 Requires level 60 Each time one of your spells deals periodic damage, you have a chance to gain 1207 spell power for 20 sec. (Proc chance: 30%, 1.667m cooldown)",
item,50366,Althor's Abacus,equip,matches server,match,71642 > 71641,71642 proc chance=30; 71642 proc cooldown=45; 71641 effect1=7298; 71641 effect1 min=6280,,50359 5550 6450 6280 7298 1 0.3 45,sim/common/wotlk/other_effects.go:741,,25 2 6280 7298 30 45 40 6280 7298,Each time your spells heal a target you have a chance to cause another nearby friendly target to be instantly healed for $71641s1.,"Item - Icecrown 25 Heroic Healer Trinket 2 Requires Paladin Each time your spells heal a target you have a chance to cause another nearby friendly target to be instantly healed for 6280 to 7298. (Proc chance: 30%, 45s cooldown)",
item,50375,Ashen Band of Courage,trigger 5,not in sim Go,manual: no numeric values (scripted spell),71653 > 71652,,,,,,,,Icecrown - Reputation Ring - Tank Path Instant,
item,50376,Ashen Band of Vengeance,trigger 5,not in sim Go,manual: no numeric values (scripted spell),71650 > 71651,,,,,,,,Icecrown - Reputation Ring - Melee Path Instant,
item,50377,Ashen Band of Destruction,trigger 5,not in sim Go,manual: no numeric values (scripted spell),71581 > 71583,,,,,,,,Icecrown - Reputation Ring - Caster Path Instant,
item,50378,Ashen Band of Wisdom,trigger 5,not in sim Go,manual: no numeric values (scripted spell),71655 > 71654,,,,,,,,Icecrown - Reputation Ring - Healer Path Instant,
item,50384,Ashen Band of Greater Destruction,trigger 5,not in sim Go,manual: no numeric values (scripted spell),71581 > 71583,,,,,,,,Icecrown - Reputation Ring - Caster Path Instant,
item,50386,Ashen Band of Greater Wisdom,trigger 5,not in sim Go,manual: no numeric values (scripted spell),71655 > 71654,,,,,,,,Icecrown - Reputation Ring - Healer Path Instant,
item,50387,Ashen Band of Greater Vengeance,trigger 5,not in sim Go,manual: no numeric values (scripted spell),71650 > 71651,,,,,,,,Icecrown - Reputation Ring - Melee Path Instant,
item,50388,Ashen Band of Greater Courage,trigger 5,not in sim Go,manual: no numeric values (scripted spell),71653 > 71652,,,,,,,,Icecrown - Reputation Ring - Tank Path Instant,
item,50397,Ashen Band of Unmatched Destruction,trigger 5,manual: no numeric values,manual: no numeric values (scripted spell),71581 > 71583,,,72416 285 10 0.1 60,sim/common/wotlk/stat_bonus_procs.go:566,,,,Icecrown - Reputation Ring - Caster Path Instant,
item,50397,Ashen Band of Unmatched Destruction,equip,matches server,match,72417 > 72416,72417 proc chance=10; 72417 proc cooldown=60; 72416 effect1=285; 72416 effect2=285; 72416 duration=10,,285 10 0.1 60 50398,sim/common/wotlk/stat_bonus_procs.go:566 sim/common/wotlk/stat_bonus_procs.go:567 sim/common/wotlk/stat_bonus_procs.go:580,,60 285 10 1 40 285 10,Your offensive spells have a chance on hit to increase your spell power by $72416s1 for $72416d.,"Item - Icecrown Reputation Ring Caster Trigger Requires level 60 Your offensive spells have a chance on hit to increase your spell power by 285 for 10 sec. (Proc chance: 10%, 1m cooldown)",
item,50398,Ashen Band of Endless Destruction,trigger 5,manual: no numeric values,manual: no numeric values (scripted spell),71581 > 71583,,,72416 285 10 0.1 60,sim/common/wotlk/stat_bonus_procs.go:579,,,,Icecrown - Reputation Ring - Caster Path Instant,
item,50398,Ashen Band of Endless Destruction,equip,matches server,match,72417 > 72416,72417 proc chance=10; 72417 proc cooldown=60; 72416 effect1=285; 72416 effect2=285; 72416 duration=10,,285 10 0.1 60 50397,sim/common/wotlk/stat_bonus_procs.go:579 sim/common/wotlk/stat_bonus_procs.go:567 sim/common/wotlk/stat_bonus_procs.go:580,,60 285 10 1 40 285 10,Your offensive spells have a chance on hit to increase your spell power by $72416s1 for $72416d.,"Item - Icecrown Reputation Ring Caster Trigger Requires level 60 Your offensive spells have a chance on hit to increase your spell power by 285 for 10 sec. (Proc chance: 10%, 1m cooldown)",
item,50399,Ashen Band of Unmatched Wisdom,trigger 5,not in sim Go,manual: no numeric values (scripted spell),71655 > 71654,,,,,,,,Icecrown - Reputation Ring - Healer Path Instant,
item,50399,Ashen Band of Unmatched Wisdom,equip,not in sim Go,match,72419 > 72418,72419 proc chance=10; 72419 proc cooldown=60; 72418 effect1=285; 72418 effect2=285; 72418 duration=10,,,,,60 285 10 1 40 285 10,Your helpful spells have a chance to increase your spell power by $72418s1 for $72418d.,"Item - Icecrown Reputation Ring Healer Trigger Requires level 60 Your helpful spells have a chance to increase your spell power by 285 for 10 sec. (Proc chance: 10%, 1m cooldown)",
item,50400,Ashen Band of Endless Wisdom,trigger 5,not in sim Go,manual: no numeric values (scripted spell),71655 > 71654,,,,,,,,Icecrown - Reputation Ring - Healer Path Instant,
item,50400,Ashen Band of Endless Wisdom,equip,not in sim Go,match,72419 > 72418,72419 proc chance=10; 72419 proc cooldown=60; 72418 effect1=285; 72418 effect2=285; 72418 duration=10,,,,,60 285 10 1 40 285 10,Your helpful spells have a chance to increase your spell power by $72418s1 for $72418d.,"Item - Icecrown Reputation Ring Healer Trigger Requires level 60 Your helpful spells have a chance to increase your spell power by 285 for 10 sec. (Proc chance: 10%, 1m cooldown)",
item,50401,Ashen Band of Unmatched Vengeance,trigger 5,manual: no numeric values,manual: no numeric values (scripted spell),71650 > 71651,,,72412 480 10 1 60 5,sim/common/wotlk/stat_bonus_procs.go:592 sim/core/debuffs.go:867 sim/deathknight/items.go:339 sim/deathknight/items.go:355 sim/deathknight/items.go:369,,,,Icecrown - Reputation Ring - Melee Path Instant,
item,50401,Ashen Band of Unmatched Vengeance,equip,matches server,match,72413 > 72412,72413 proc chance=10; 72413 proc cooldown=60; 72412 effect1=480; 72412 effect2=480; 72412 duration=10,,480 10 1 60 5 50402 52571 52572,sim/common/wotlk/stat_bonus_procs.go:592 sim/core/debuffs.go:867 sim/deathknight/items.go:339 sim/deathknight/items.go:355 sim/deathknight/items.go:369 sim/common/wotlk/stat_bonus_procs.go:593 sim/common/wotlk/stat_bonus_procs.go:606 sim/common/wotlk/stat_bonus_procs.go:645 sim/common/wotlk/stat_bonus_procs.go:658,,60 480 10 1 480 10,Chance on hit to increase your attack power by $72412s1 for $72412d.,Item - Icecrown Reputation Ring Melee Requires level 60 Chance on hit to increase your attack power by 480 for 10 sec. (1m cooldown),
item,50402,Ashen Band of Endless Vengeance,trigger 5,manual: no numeric values,manual: no numeric values (scripted spell),71650 > 71651,,,72412 480 10 1 60,sim/common/wotlk/stat_bonus_procs.go:605,,,,Icecrown - Reputation Ring - Melee Path Instant,
item,50402,Ashen Band of Endless Vengeance,equip,matches server,match,72413 > 72412,72413 proc chance=10; 72413 proc cooldown=60; 72412 effect1=480; 72412 effect2=480; 72412 duration=10,,480 10 1 60 50401 52571 52572,sim/common/wotlk/stat_bonus_procs.go:605 sim/common/wotlk/stat_bonus_procs.go:593 sim/common/wotlk/stat_bonus_procs.go:606 sim/common/wotlk/stat_bonus_procs.go:645 sim/common/wotlk/stat_bonus_procs.go:658,,60 480 10 1 480 10,Chance on hit to increase your attack power by $72412s1 for $72412d.,Item - Icecrown Reputation Ring Melee Requires level 60 Chance on hit to increase your attack power by 480 for 10 sec. (1m cooldown),
item,50403,Ashen Band of Unmatched Courage,trigger 5,manual: no numeric values,manual: no numeric values (scripted spell),71653 > 71652,,,72414 2400 10 0.03 60,sim/common/wotlk/stat_bonus_procs.go:618,,,,Icecrown - Reputation Ring - Tank Path Instant,
item,50403,Ashen Band of Unmatched Courage,equip,matches server,match,72415 > 72414,72415 proc chance=3; 72414 effect1=2400; 72414 duration=10,,2400 10 0.03 60 50404,sim/common/wotlk/stat_bonus_procs.go:618 sim/common/wotlk/stat_bonus_procs.go:619 sim/common/wotlk/stat_bonus_procs.go:632,,60 2400 10 3 1 30 60 2400 10,When struck in combat has a chance of increasing your armor by $72414s1 for $72414d.,"Item - Icecrown Reputation Ring Tank Trigger Requires level 60 When struck in combat has a chance of increasing your armor by 2400 for 10 sec. (Proc chance: 3%, 1m cooldown)",
item,50404,Ashen Band of Endless Courage,trigger 5,manual: no numeric values,manual: no numeric values (scripted spell),71653 > 71652,,,72414 2400 10 0.03 60,sim/common/wotlk/stat_bonus_procs.go:631,,,,Icecrown - Reputation Ring - Tank Path Instant,
item,50404,Ashen Band of Endless Courage,equip,matches server,match,72415 > 72414,72415 proc chance=3; 72414 effect1=2400; 72414 duration=10,,2400 10 0.03 60 50403,sim/common/wotlk/stat_bonus_procs.go:631 sim/common/wotlk/stat_bonus_procs.go:619 sim/common/wotlk/stat_bonus_procs.go:632,,60 2400 10 3 1 30 60 2400 10,When struck in combat has a chance of increasing your armor by $72414s1 for $72414d.,"Item - Icecrown Reputation Ring Tank Trigger Requires level 60 When struck in combat has a chance of increasing your armor by 2400 for 10 sec. (Proc chance: 3%, 1m cooldown)",
item,50415,"Bryntroll, the Bone Arbiter",chance on hit,matches server,match,71838,71838 effect1=2362; 71838 effect1 min=2138; item 50415 ppm=2,,2138 2362 50709 2412 2664 2 1,sim/common/wotlk/other_effects.go:901,,40 45 2138 2362,Steals $s1 life from target enemy.,Drain Life 40 yd range Instant Requires level 45 Steals 2138 to 2362 life from target enemy.,
item,50454,Idol of the Black Willow,equip,not in sim Go,match,71178 > 71184,71184 effect1=32; 71184 effect2=32; 71184 duration=15,,,,,10 32 15 8 80 32,The periodic healing from your Rejuvenation spell grants $71184s1 spell power for $71184d.  Stacks up to $71184u times.,Item - Druid T10 Restoration Relic (Rejuvenation) Requires Druid The periodic healing from your Rejuvenation spell grants 32 spell power for 15 sec. Stacks up to 8 times.,
item,50455,Libram of Three Truths,equip,matches server,match,71186 > 71187,71187 effect1=44; 71187 duration=15,,15 5 44,sim/paladin/items.go:381 sim/paladin/items.go:387,,10 44 15 5 80 44 5,Your Crusader Strike ability grants $71187s1 Strength for $71187d.  Stacks up to $71187u times.,Item - Paladin T10 Retribution Relic (Crusader Strike) Requires Paladin Your Crusader Strike ability grants 44 Strength for 15 sec. Stacks up to 5 times.,
item,50456,Idol of the Crying Moon,equip,matches server,match,71174 > 71175,71175 effect1=44; 71175 duration=15,,5 1 15 8 45509 47668 44,sim/druid/feral/rotation.go:696 sim/druid/items.go:488 sim/druid/items.go:493,,10 44 15 5 80 44,The periodic damage from your Lacerate and Rake abilities grants $71175s1 Agility for $71175d.  Stacks up to $71175u times.,Item - Druid T10 Feral Relic (Rake and Lacerate) Requires Druid The periodic damage from your Lacerate and Rake abilities grants 44 Agility for 15 sec. Stacks up to 5 times.,
item,50457,Idol of the Lunar Eclipse,equip,matches server,match,71176 > 71177,71177 effect1=44; 71177 duration=15,,15 5 44,sim/druid/items.go:368 sim/druid/items.go:374,,10 44 15 5 80 44,The periodic damage from your Insect Swarm and Moonfire spells grants $71177s1 critical strike rating for $71177d.  Stacks up to $71177u times.,Item - Druid T10 Balance Relic (Moonfire and Insect Swarm) Requires Druid The periodic damage from your Insect Swarm and Moonfire spells grants 44 critical strike rating for 15 sec. Stacks up to 5 times.,
item,50458,Bizuri's Totem of Shattered Ice,equip,matches server,match,71198 > 71199,71199 effect1=44; 71199 duration=30,,30 5 44,sim/shaman/items_wotlk.go:170 sim/shaman/items_wotlk.go:174,,10 44 30 5 80 44 30 5,The periodic damage from your Flame Shock spell grants $71199s1 haste rating for $71199d.  Stacks up to $71199u times.,Item - Shaman T10 Elemental Relic (Shocks) Requires Shaman The periodic damage from your Flame Shock spell grants 44 haste rating for 30 sec. Stacks up to 5 times.,
item,50459,Sigil of the Hanged Man,equip,matches server (not registered),match,71226 > 71227,71227 effect1=73; 71227 duration=15,,15 3 73,sim/deathknight/items.go:685 sim/deathknight/items.go:692,,10 73 15 3 80 73 3,"Your Obliterate, Scourge Strike, and Death Strike abilities grants $71227s1 Strength for $71227d.  Stacks up to $71227u times.","Item - Death Knight T10 DPS Relic (Obliterate, Scourge Strike, Death Strike) Requires Death Knight Your Obliterate, Scourge Strike, and Death Strike abilities grants 73 Strength for 15 sec. Stacks up to 3 times.",
item,50460,Libram of Blinding Light,equip,not in sim Go,match,71191 > 71192,71192 effect1=85; 71192 effect2=85; 71192 duration=15,,,,,10 85 15 3 80 85 3,Your Holy Shock heals grant $71192s1 spell power for $71192d.  Stacks up to $71192u times.,Item - Paladin T10 Holy Relic (Holy Shock) Requires Paladin Your Holy Shock heals grant 85 spell power for 15 sec. Stacks up to 3 times.,
item,50461,Libram of the Eternal Tower,equip,not in sim Go,match,71194 > 71197,71197 effect1=73; 71197 duration=15,,,,,10 73 15 3 80 73 3,Your Shield of Righteousness ability grants $71197s1 dodge rating for $71197d.  Stacks up to $71197u times.,Item - Paladin T10 Protection Relic (Shield of Righteousness) Requires Paladin Your Shield of Righteousness ability grants 73 dodge rating for 15 sec. Stacks up to 3 times.,
item,50462,Sigil of the Bone Gryphon,equip,matches server (not registered),match,71228 > 71229,71229 effect1=44; 71229 duration=15,,15 5 44,sim/deathknight/items.go:712 sim/deathknight/items.go:719,,10 44 15 5 80 44,Your Rune Strike ability grants $71229s1 dodge rating for $71229d.  Stacks up to $71229u times.,Item - Death Knight T10 Tank Relic (Runestrike) Requires Death Knight Your Rune Strike ability grants 44 dodge rating for 15 sec. Stacks up to 5 times.,
item,50463,Totem of the Avalanche,equip,matches server,match,71214 > 71216,71216 effect1=146; 71216 duration=15,,1 2 15 3 146,sim/deathknight/talents_unholy.go:162 sim/shaman/items_wotlk.go:139 sim/shaman/items_wotlk.go:143,,10 146 15 3 80 146 3,Your Stormstrike ability grants $71216s1 attack power for $71216d.  Stacks up to $71216u times.,Item - Shaman T10 Enhancement Relic (Stormstrike) Requires Shaman Your Stormstrike ability grants 146 attack power for 15 sec. Stacks up to 3 times.,
item,50464,Totem of the Surging Sea,equip,not in sim Go,match,71217 > 71220,71220 effect1=85; 71220 effect2=85; 71220 duration=15,,,,,10 85 15 3 80 85 3,Your Riptide spell grants $71220s1 spell power for $71220d.  Stacks up to $71220u times.,Item - Shaman T10 Restoration Relic (Riptide) Requires Shaman Your Riptide spell grants 85 spell power for 15 sec. Stacks up to 3 times.,
item,50638,Zod's Repeating Longbow,equip,matches server,match,71836 > 71834,71836 proc chance=5; 71834 effect2=50,,50034 0.04 0.05 0.5 1,sim/hunter/wotlk_items.go:215,,25 5 50 5 100 1 50,Your ranged attacks have a $h% chance to cause you to instantly attack with this weapon for $71834s2% weapon damage.,Item - Icecrown 25 Heroic Ranged Weapon Proc Your ranged attacks have a 5% chance to cause you to instantly attack with this weapon for 50% weapon damage. (Proc chance: 5%),
item,50641,Heartpierce,equip,matches server,match,71892 > 71870,71892 ppm=1; 71870 effect1=100; 71870 effect2=300; 71870 duration=10,,49982 5 6 2 120 4 1 50179 71871 100 300 50708 71872 71873 115 340 10 0.37,sim/common/wotlk/other_effects.go:573 sim/common/wotlk/other_effects.go:1098,,25 4 2 120 2 12 100 300 10,"Your melee attacks have a chance to trigger Invigoration, granting you $71887s1 energy, ${$71886m1/10} rage, or $71888s1 mana every 2 sec for $71887d.","Item - Icecrown 25 Heroic Dagger Proc Requires Paladin Your melee attacks have a chance to trigger Invigoration, granting you 4 energy, 2 rage, or 120 mana every 2 sec for 12 sec.",
item,50648,Nibelung,equip,matches server,match,71846 > 71844,71846 proc chance=2; 71844 duration=30,,49992 71843 71845 30 0.02 0.25 250 16 1 0,sim/common/wotlk/other_effects.go:1088 sim/common/wotlk/nibelung.go:88 sim/common/wotlk/nibelung.go:87,,25 30 2 250 80,Your harmful spells have a chance to cause you to summon a Val'kyr to fight by your side for $71844d.,"Item - Icecrown 25 Heroic Caster Weapon Proc Your harmful spells have a chance to cause you to summon a Val'kyr to fight by your side for 30 sec. (Proc chance: 2%, 250ms cooldown)",
item,50685,Trauma,equip,not in sim Go,match,71868 > 71866,71866 effect1=245; 71866 duration=6,,,,,25 10 245 6 1 100 245 6,Each time your spells heal a target you have a chance to cause the target of your heal to heal themselves and friends within $71866a1 yards for $71866s1 each sec for $71866d.,Item - Icecrown 25 Heroic Healer Weapon Proc Requires Paladin Each time your spells heal a target you have a chance to cause the target of your heal to heal themselves and friends within 10 yards for 245 each sec for 6 sec. (Proc chance: 1%),
item,50692,Black Bruise,equip,matches server,match,71878 > 71877,71878 proc chance=3; 71877 effect1=10; 71877 duration=10,,50035 0.09 71875 0.1 51460 1 10 0.03,sim/common/wotlk/other_effects.go:958 sim/common/wotlk/other_effects.go:959,,25 10 3 100 10,"Your melee attacks have a chance to grant you Necrotic Touch for $71877d, causing all your melee attacks to deal an additional $71877s1% damage as shadow damage.","Item - Icecrown 25 Heroic Slow Melee Weapon Proc Requires Paladin Your melee attacks have a chance to grant you Necrotic Touch for 10 sec, causing all your melee attacks to deal an additional 10% damage as shadow damage. (Proc chance: 3%)",
item,50706,Tiny Abomination in a Jar,equip,matches server,manual: no values a tooltip shows,71545 > 18350,71545 proc chance=50,,50351 8 7 71433 0.5 71434 71432,sim/common/wotlk/capacitors.go:169,,7 50,"Your melee attacks have a chance to grant you a Mote of Anger.  When you reach ${$71432u-1} Motes of Anger, they will release, causing you to instantly attack for $71433s2% weapon damage with one of your melee weapons.","Anger Capacitor Requires Paladin Your melee attacks have a chance to grant you a Mote of Anger. When you reach 7 Motes of Anger, they will release, causing you to instantly attack for 50% weapon damage with one of your melee weapons.",
item,50708,Last Word,equip,matches server,match,71873 > 71872,71873 proc chance=37; 71872 effect1=115; 71872 effect2=340; 71872 duration=10,,50179 71870 71871 100 300 115 340 10 0.37,sim/common/wotlk/other_effects.go:1106 sim/common/wotlk/other_effects.go:1108 sim/common/wotlk/other_effects.go:1107,,25 115 340 10 37 100 115 340 10,"Your melee attacks have a chance to grant you Blessing of Light, increasing your strength by $71872s1 and your healing received by up to $71872s2 for $71872d.","Item - Icecrown 25 Heroic Tank Weapon Proc Your melee attacks have a chance to grant you Blessing of Light, increasing your strength by 115 and your healing received by up to 340 for 10 sec. (Proc chance: 37%)",
item,50709,"Bryntroll, the Bone Arbiter",chance on hit,matches server,match,71839,71839 effect1=2664; 71839 effect1 min=2412; item 50709 ppm=2,,50415 2138 2362 2412 2664 2 1,sim/common/wotlk/other_effects.go:906,,40 45 2412 2664,Steals $s1 life from target enemy.,Drain Life 40 yd range Instant Requires level 45 Steals 2412 to 2664 life from target enemy.,
item,50726,Bauble of True Blood,use,matches server,match,71607,71607 effect1=8600; 71607 effect1 min=7400; item 50726 cooldown=120,,50354 120 2 1 7400 8600,sim/common/wotlk/other_effects.go:699,,40 7400 8600,Instantly heal a friendly target for $s1.,Release of Light 40 yd range Instant Instantly heal a friendly target for 7400 to 8600.,
item,50741,Vile Fumigator's Mask,equip,not in sim Go,manual: no numeric values (scripted spell),71947,,,,,,,,Gas Mask Visual (Purple) Instant,
item,50741,Vile Fumigator's Mask,use,not in sim Go,match,71988,71988 duration=30; 71988 cooldown=1200,,,,,15 1 20 1 30,"Sprays an enemy with vile fumes, incapacitating it for $d. Any damage caused will revive the target.","Vile Fumes 15 yd range 1 sec cast 20 min cooldown Requires level 1 Sprays an enemy with vile fumes, incapacitating it for 30 sec. Any damage caused will revive the target.",
item,50834,Frost Witch's Shoulderguards,equip,not in sim Go,manual: no numeric values (scripted spell),72958 > 72957,,,,,,,,,
item,50839,Frost Witch's Spaulders,equip,not in sim Go,manual: no numeric values (scripted spell),72958 > 72957,,,,,,,,,
item,50845,Frost Witch's Shoulderpads,equip,not in sim Go,manual: no numeric values (scripted spell),72958 > 72957,,,,,,,,,
item,50966,Abracadaver,use,not in sim Go,match,72770,72770 duration=60; item 50966 cooldown=900,,,,,80 1,Summons a Cadaver that will protect you for $d.,Abracadaver! Instant Requires level 80 Summons a Cadaver that will protect you for 1 min.,
item,51194,Sanctified Frost Witch's Spaulders,equip,not in sim Go,manual: no numeric values (scripted spell),72958 > 72957,,,,,,,,,
item,51199,Sanctified Frost Witch's Shoulderguards,equip,not in sim Go,manual: no numeric values (scripted spell),72958 > 72957,,,,,,,,,
item,51204,Sanctified Frost Witch's Shoulderpads,equip,not in sim Go,manual: no numeric values (scripted spell),72958 > 72957,,,,,,,,,
item,51235,Sanctified Frost Witch's Shoulderpads,equip,not in sim Go,manual: no numeric values (scripted spell),72958 > 72957,,,,,,,,,
item,51240,Sanctified Frost Witch's Shoulderguards,equip,not in sim Go,manual: no numeric values (scripted spell),72958 > 72957,,,,,,,,,
item,51245,Sanctified Frost Witch's Spaulders,equip,not in sim Go,manual: no numeric values (scripted spell),72958 > 72957,,,,,,,,,
item,51377,Medallion of the Alliance,use,not in sim Go,manual: no values a tooltip shows,42292,item 51377 cooldown=120,,,,,,Removes all movement impairing effects and all effects which cause loss of control of your character.,PvP Trinket Instant Removes all movement impairing effects and all effects which cause loss of control of your character.,
item,51378,Medallion of the Horde,use,not in sim Go,manual: no values a tooltip shows,42292,item 51378 cooldown=120,,,,,,Removes all movement impairing effects and all effects which cause loss of control of your character.,PvP Trinket Instant Removes all movement impairing effects and all effects which cause loss of control of your character.,
item,51414,Wrathful Gladiator's Dreadplate Gauntlets,equip,not in sim Go,differs,62459 > 62458,62458 effect1=50,,,,62458 effect1=50,3 5 1 55 5,Your Chains of Ice ability now generates an additional ${$62458m1/10} runic power.,Chains of Ice Frost Rune Refresh Rank 3 Requires Death Knight Your Chains of Ice ability now generates an additional 5 runic power.,
item,51417,Wrathful Gladiator's Sigil of Strife,equip,matches server (not registered),match,60690 > 60555,60555 effect1=204; 60555 effect2=204; 60555 duration=10,,204 10,sim/deathknight/items.go:744 sim/shaman/lavalash.go:44,,6 204 10 204,Your Plague Strike ability also grants you $60555s1 attack power for $60555d.,LK Arena 6 Gladiator's Death Knight Relic Requires Death Knight Your Plague Strike ability also grants you 204 attack power for 10 sec.,
item,51420,Wrathful Gladiator's Kodohide Gloves,equip,not in sim Go,differs,33830,33830 effect1=100; 33830 effect2=100,,,,33830 effect1=100; 33830 effect2=100,0.1,Reduces the cast time of your Cyclone spell by $/1000;S1 sec.,Cyclone Cast Time Decrease Requires Druid Reduces the cast time of your Cyclone spell by 0.1 sec.,
item,51423,Wrathful Gladiator's Idol of Tenacity,equip,not in sim Go,match,60741,60741 effect1=448,,,,,6 448,Increases the spell power of the final healing value of your Lifebloom by $s1.,LK Arena 6 Gladiator's Idol of Tenacity Requires Druid Increases the spell power of the final healing value of your Lifebloom by 448.,
item,51426,Wrathful Gladiator's Dragonhide Gloves,equip,not in sim Go,match,61252,61252 effect1=15,,,,,5 1 15,Reduces the energy cost of your Maim by $s1.,Maim Cost Reduction Rank 5 Requires Druid Requires level 1 Reduces the energy cost of your Maim by 15.,
item,51429,Wrathful Gladiator's Idol of Resolve,equip,matches server,match,60701 > 60555,60555 effect1=204; 60555 effect2=204; 60555 duration=10,,204 10,sim/druid/items.go:582 sim/shaman/lavalash.go:44,,6 204 10 204,Your Mangle ability also grants you $60555s1 attack power for $60555d.,LK Arena 6 Gladiator's Idol of Resolve Requires Druid Your Mangle ability also grants you 204 attack power for 10 sec.,
item,51434,Wrathful Gladiator's Wyrmhide Gloves,equip,not in sim Go,differs,33830,33830 effect1=100; 33830 effect2=100,,,,33830 effect1=100; 33830 effect2=100,0.1,Reduces the cast time of your Cyclone spell by $/1000;S1 sec.,Cyclone Cast Time Decrease Requires Druid Reduces the cast time of your Cyclone spell by 0.1 sec.,
item,51437,Wrathful Gladiator's Idol of Steadfastness,equip,not in sim Go,match,60726 > 60570,60570 effect1=119; 60570 effect2=119; 60570 duration=10,,,,,6 119 10 50,Your Moonfire spell grants $60570s1 spell power for $60570d.,LK Arena 6 Gladiator's Idol of Steadfastness Requires Druid Your Moonfire spell grants 119 spell power for 10 sec.,
item,51459,Wrathful Gladiator's Chain Gauntlets,equip,not in sim Go,differs,61255,61255 effect1=2000,,,,61255 effect1=2000,5 1 2,Reduces the cooldown of your Tranquilizing Shot by $/1000;s1 seconds.,Tranquilizing Shot Cooldown Reduction Rank 5 Requires Hunter Requires level 1 Reduces the cooldown of your Tranquilizing Shot by 2 seconds.,
item,51464,Wrathful Gladiator's Silk Handguards,equip,not in sim Go,match,44301,44301 effect1=50,,,,,50,Reduces the pushback suffered from damaging attacks while casting Polymorph by $s1%.,Improved Polymorph Requires Mage Reduces the pushback suffered from damaging attacks while casting Polymorph by 50%.,
item,51469,Wrathful Gladiator's Ornamented Gloves,equip,not in sim Go,match,38522,38522 effect1=2,,,,,2,Increases the critical effect chance of your Flash of Light by $s1%.,Increased Flash of Light Crit Chance Requires Paladin Increases the critical effect chance of your Flash of Light by 2%.,
item,51472,Wrathful Gladiator's Libram of Justice,equip,not in sim Go,match,60664,60664 effect1=510; 60664 effect2=510,,,,,6 510,Increases spell power of Flash of Light by $s1.,LK Arena 6 Gladiator's Libram of Justice Requires Paladin Increases spell power of Flash of Light by 510.,
item,51475,Wrathful Gladiator's Scaled Gauntlets,equip,matches server (not registered),match,44300,44300 effect1=5,,40798 40802 40805 40808 40812 0.05,sim/paladin/items.go:224,,5,Increases the damage dealt by your Crusader Strike ability by $s1%.,Improved Crusader Strike Requires Paladin Increases the damage dealt by your Crusader Strike ability by 5%.,
item,51478,Wrathful Gladiator's Libram of Fortitude,equip,matches server,match,60636 > 60555,60555 effect1=204; 60555 effect2=204; 60555 duration=10,,204 10,sim/paladin/items.go:363 sim/paladin/items.go:365 sim/shaman/lavalash.go:44,,6 204 10 204,Your Crusader Strike ability also grants you $60555s1 attack power for $60555d.,LK Arena 6 Gladiator's Libram of Fortitude Requires Paladin Your Crusader Strike ability also grants you 204 attack power for 10 sec.,
item,51483,Wrathful Gladiator's Mooncloth Gloves,equip,not in sim Go,differs,44297,44297 effect1=3000,,,,44297 effect1=3000,3,Reduces the cooldown of your Psychic Scream ability by ${$m1/-1000} sec.,Improved Psychic Scream Requires Priest Reduces the cooldown of your Psychic Scream ability by 3 sec.,
item,51488,Wrathful Gladiator's Satin Gloves,equip,not in sim Go,differs,44297,44297 effect1=3000,,,,44297 effect1=3000,3,Reduces the cooldown of your Psychic Scream ability by ${$m1/-1000} sec.,Improved Psychic Scream Requires Priest Reduces the cooldown of your Psychic Scream ability by 3 sec.,
item,51493,Wrathful Gladiator's Leather Gloves,equip,not in sim Go,match,61249,61249 effect1=10,,,,,5 1 10,Reduces the Energy cost of your Kick by $s1.,Kick Cost Reduction Rank 5 Requires Rogue Requires level 1 Reduces the Energy cost of your Kick by 10.,
item,51498,Wrathful Gladiator's Ringmail Gauntlets,equip,not in sim Go,match,32973,32973 effect1=5,,,,,1 5,Improves the range of your Shock and Wind Shear spells by $s1 yards.,Shaman Shock Range Bonus Rank 1 Requires Shaman Improves the range of your Shock and Wind Shear spells by 5 yards.,
item,51501,Wrathful Gladiator's Totem of the Third Wind,equip,not in sim Go,match,60562,60562 effect1=459,,,,,6 459,Increases spell power of Lesser Healing Wave by $s1.,LK Arena 6 Totem of the Third Wind Requires Shaman Increases spell power of Lesser Healing Wave by 459.,
item,51504,Wrathful Gladiator's Linked Gauntlets,equip,not in sim Go,match,32973,32973 effect1=5,,,,,1 5,Improves the range of your Shock and Wind Shear spells by $s1 yards.,Shaman Shock Range Bonus Rank 1 Requires Shaman Improves the range of your Shock and Wind Shear spells by 5 yards.,
item,51507,Wrathful Gladiator's Totem of Indomitability,equip,matches server (not registered),match,60554 > 60555,60555 effect1=204; 60555 effect2=204; 60555 duration=10,,204 10,sim/shaman/lavalash.go:17 sim/shaman/lavalash.go:43 sim/shaman/lavalash.go:44,,6 204 10 204,Your Lava Lash ability also grants you $60555s1 attack power for $60555d.,LK Arena 6 Totem of Indomitability Requires Shaman Your Lava Lash ability also grants you 204 attack power for 10 sec.,
item,51510,Wrathful Gladiator's Mail Gauntlets,equip,not in sim Go,match,32973,32973 effect1=5,,,,,1 5,Improves the range of your Shock and Wind Shear spells by $s1 yards.,Shaman Shock Range Bonus Rank 1 Requires Shaman Improves the range of your Shock and Wind Shear spells by 5 yards.,
item,51513,Wrathful Gladiator's Totem of Survival,equip,matches server,match,60575 > 60570,60570 effect1=119; 60570 effect2=119; 60570 duration=10,,119 10,sim/shaman/items.go:140,,6 119 10 50,Your Shock spells grant $60570s1 spell power for $60570d.,LK Arena 6 Gladiator's Totem of Survival Requires Shaman Your Shock spells grant 119 spell power for 10 sec.,
item,51537,Wrathful Gladiator's Felweave Handguards,equip,not in sim Go,match,33063,33063 effect1=50,,,,,50,Reduces the pushback suffered from damaging attacks while casting Fear by $s1%.,Fear Cast Pushback Reduction Requires Warlock Reduces the pushback suffered from damaging attacks while casting Fear by 50%.,
item,51542,Wrathful Gladiator's Plate Gauntlets,equip,not in sim Go,differs,22778,22778 effect1=30,,,,22778 effect1=30,1 3,Reduces the rage cost of your Hamstring ability by $/10;s1.,Hamstring Rage Reduction Rank 1 Requires Warrior Reduces the rage cost of your Hamstring ability by 3.,
item,51557,Runed Signet of the Kirin Tor,use,not in sim Go,manual: no values a tooltip shows,54406,item 51557 cooldown=1800,,,,,10 71,Teleports the caster to Dalaran.,Teleport: Dalaran 10 sec cast Requires level 71 Teleports the caster to Dalaran.,
item,51558,Runed Loop of the Kirin Tor,use,not in sim Go,manual: no values a tooltip shows,54406,item 51558 cooldown=1800,,,,,10 71,Teleports the caster to Dalaran.,Teleport: Dalaran 10 sec cast Requires level 71 Teleports the caster to Dalaran.,
item,51559,Runed Ring of the Kirin Tor,use,not in sim Go,manual: no values a tooltip shows,54406,item 51559 cooldown=1800,,,,,10 71,Teleports the caster to Dalaran.,Teleport: Dalaran 10 sec cast Requires level 71 Teleports the caster to Dalaran.,
item,51560,Runed Band of the Kirin Tor,use,not in sim Go,manual: no values a tooltip shows,54406,item 51560 cooldown=1800,,,,,10 71,Teleports the caster to Dalaran.,Teleport: Dalaran 10 sec cast Requires level 71 Teleports the caster to Dalaran.,
item,51887,Abracadaver,use,not in sim Go,match,72770,72770 duration=60; item 51887 cooldown=900,,,,,80 1,Summons a Cadaver that will protect you for $d.,Abracadaver! Instant Requires level 80 Summons a Cadaver that will protect you for 1 min.,
item,52569,Ashen Band of Might,trigger 5,not in sim Go,manual: no numeric values (scripted spell),73961 > 71651,,,,,,,,Icecrown - Reputation Ring - Strength Path Instant,
item,52570,Ashen Band of Greater Might,trigger 5,not in sim Go,manual: no numeric values (scripted spell),73961 > 71651,,,,,,,,Icecrown - Reputation Ring - Strength Path Instant,
item,52571,Ashen Band of Unmatched Might,trigger 5,manual: no numeric values,manual: no numeric values (scripted spell),73961 > 71651,,,72412 480 10 1 60,sim/common/wotlk/stat_bonus_procs.go:644,,,,Icecrown - Reputation Ring - Strength Path Instant,
item,52571,Ashen Band of Unmatched Might,equip,matches server,match,72413 > 72412,72413 proc chance=10; 72413 proc cooldown=60; 72412 effect1=480; 72412 effect2=480; 72412 duration=10,,480 10 1 60 50401 50402 52572,sim/common/wotlk/stat_bonus_procs.go:644 sim/common/wotlk/stat_bonus_procs.go:593 sim/common/wotlk/stat_bonus_procs.go:606 sim/common/wotlk/stat_bonus_procs.go:645 sim/common/wotlk/stat_bonus_procs.go:658,,60 480 10 1 480 10,Chance on hit to increase your attack power by $72412s1 for $72412d.,Item - Icecrown Reputation Ring Melee Requires level 60 Chance on hit to increase your attack power by 480 for 10 sec. (1m cooldown),
item,52572,Ashen Band of Endless Might,trigger 5,manual: no numeric values,manual: no numeric values (scripted spell),73961 > 71651,,,72412 480 10 1 60,sim/common/wotlk/stat_bonus_procs.go:657,,,,Icecrown - Reputation Ring - Strength Path Instant,
item,52572,Ashen Band of Endless Might,equip,matches server,match,72413 > 72412,72413 proc chance=10; 72413 proc cooldown=60; 72412 effect1=480; 72412 effect2=480; 72412 duration=10,,480 10 1 60 50401 50402 52571,sim/common/wotlk/stat_bonus_procs.go:657 sim/common/wotlk/stat_bonus_procs.go:593 sim/common/wotlk/stat_bonus_procs.go:606 sim/common/wotlk/stat_bonus_procs.go:645 sim/common/wotlk/stat_bonus_procs.go:658,,60 480 10 1 480 10,Chance on hit to increase your attack power by $72412s1 for $72412d.,Item - Icecrown Reputation Ring Melee Requires level 60 Chance on hit to increase your attack power by 480 for 10 sec. (1m cooldown),
item,54569,Sharpened Twilight Scale,equip,matches server,manual: no Classic tooltip,75455 > 75458,75455 proc chance=35; 75455 proc cooldown=45; 75458 effect1=1304; 75458 effect2=1304; 75458 duration=15,,1304 15 0.35 45,sim/common/wotlk/stat_bonus_procs.go:669 sim/common/wotlk/stat_bonus_procs.go:670,75458 effect1=1304; 75458 effect2=1304; 75458 duration=15,,When you deal damage you have a chance to gain $75458s1 attack power for $75458d.,,
item,54571,Petrified Twilight Scale,equip,matches server,manual: no Classic tooltip,75475 > 75477,75475 proc cooldown=45; 75477 effect1=733; 75477 duration=10,,733 54591 828 10 45 0.35,sim/common/wotlk/other_effects.go:859,75477 effect1=733; 75477 duration=10,,Melee attacks which reduce you below $s1% health cause you to gain $75477s1 dodge rating for $75477d.  Cannot occur more than once every 45 sec.,,
item,54572,Charred Twilight Scale,equip,matches server,manual: no Classic tooltip,75465 > 75466,75465 proc chance=10; 75465 proc cooldown=50; 75466 effect1=763; 75466 effect2=763; 75466 duration=15,,763 15 0.1 50,sim/common/wotlk/stat_bonus_procs.go:693 sim/common/wotlk/stat_bonus_procs.go:694,75466 effect1=763; 75466 effect2=763; 75466 duration=15,,Your damaging spells have a chance to grant $75466s1 spell power for $75466d.,,
item,54573,Glowing Twilight Scale,use,matches server,manual: no Classic tooltip,75490 > 75493,75490 duration=15; item 54573 cooldown=120; 75493 effect1=356; 75493 duration=6,,356 54589 402 1 6 15 120 2,sim/common/wotlk/other_effects.go:785,75490 duration=15; 75493 effect1=356; 75493 duration=6,,"For the next $d, each time your direct healing spells heal a target you cause the target of your heal to heal themselves and friends within $75493a1 yards for $75493s1 each sec for $75493d.",,
item,54588,Charred Twilight Scale,equip,matches server,manual: no Classic tooltip,75474 > 75473,75474 proc chance=10; 75474 proc cooldown=50; 75473 effect1=861; 75473 effect2=861; 75473 duration=15,,861 15 0.1 50,sim/common/wotlk/stat_bonus_procs.go:704 sim/common/wotlk/stat_bonus_procs.go:705,75473 effect1=861; 75473 effect2=861; 75473 duration=15,,Your damaging spells have a chance to grant $75473s1 spell power for $75473d.,,
item,54589,Glowing Twilight Scale,use,matches server,manual: no Classic tooltip,75495 > 75494,75495 duration=15; item 54589 cooldown=120; 75494 effect1=402; 75494 duration=6,,54573 356 402 1 6 15 120 2,sim/common/wotlk/other_effects.go:789,75495 duration=15; 75494 effect1=402; 75494 duration=6,,"For the next $d, each time your direct healing spells heal a target you cause the target of your heal to heal themselves and friends within $75494a1 yards for $75494s1 each sec for $75494d.",,
item,54590,Sharpened Twilight Scale,equip,matches server,manual: no Classic tooltip,75457 > 75456,75457 proc chance=35; 75457 proc cooldown=45; 75456 effect1=1472; 75456 effect2=1472; 75456 duration=15,,1472 15 0.35 45,sim/common/wotlk/stat_bonus_procs.go:681 sim/common/wotlk/stat_bonus_procs.go:682,75456 effect1=1472; 75456 effect2=1472; 75456 duration=15,,When you deal damage you have a chance to gain $75456s1 attack power for $75456d.,,
item,54591,Petrified Twilight Scale,equip,matches server,manual: no Classic tooltip,75481 > 75480,75481 proc cooldown=45; 75480 effect1=828; 75480 duration=10,,54571 733 828 10 45 0.35,sim/common/wotlk/other_effects.go:863,75480 effect1=828; 75480 duration=10,,Melee attacks which reduce you below $s1% health cause you to gain $75480s1 dodge rating for $75480d.  Cannot occur more than once every 45 sec.,,
item,54806,Frostscythe of Lord Ahune,use,not in sim Go,differs,46643,46643 duration=60; item 54806 cooldown=60,,,,46643 duration=60,,Let the Frostscythe's chill flow through you.,Frostscythe Instant Let the Frostscythe's chill flow through you.,
gem,25890,Destructive Skyfire Diamond,gem spell,not in sim Go,manual: no numeric values (scripted spell),11818,,,,,,35 1,"Raise your shield, giving you a $s1% chance of reflecting the next spell cast on you.  Lasts $d.","Spell Reflection Requires level 35 Raise your shield, giving you a 1% chance of reflecting the next spell cast on you. Lasts until cancelled.",
gem,25893,Mystical Skyfire Diamond,gem spell,matches server,differs,32837 > 18803,32837 proc chance=15; 32837 proc cooldown=35; 18803 effect1=320; 18803 duration=4,,320 4 35 0.15,sim/common/tbc/metagems.go:14 sim/common/tbc/metagems.go:16,18803 duration=4,6 320 15 35 60 320,Chance on successful spellcast to grant 6 seconds of 320 Spell Haste Rating.,"Spell Focus Trigger Chance on successful spellcast to grant 6 seconds of 320 Spell Haste Rating. (Proc chance: 15%, 35s cooldown)",
gem,25894,Swift Skyfire Diamond,gem spell,not in sim Go,differs,23990,23990 effect1=8,,,,23990 effect1=8,,Run speed increased slightly.,Item - Minor Run Speed Run speed increased slightly.,
gem,25895,Enigmatic Skyfire Diamond,gem spell,not in sim Go,match,55378,55378 effect1=10; 55378 effect2=10,,,,,10,Decreases the duration of movement impairing effects by $s1%.,Enigmatic Skyflare Reduce Snare/Root Duration Requires Hunter Decreases the duration of movement impairing effects by 10%.,
gem,25896,Powerful Earthstorm Diamond,gem spell,not in sim Go,differs,55358,55358 effect1=10,,,,55358 effect1=10,,,Earthsiege Stun Duration Reduction,
gem,25897,Bracing Earthstorm Diamond,gem spell,not in sim Go,differs,32842,32842 effect1=2,,,,32842 effect1=2,,,Decrease Threat,
gem,25898,Tenacious Earthstorm Diamond,gem spell,not in sim Go,match,32844 > 32845,32844 ppm=2; 32845 effect1=60; 32845 effect1 min=40,,,,,50 120 180 50 40 60,Sometimes heals bearer of $23682s1 damage when damaging an enemy in melee.,Lesser Heroism Requires level 50 Sometimes heals bearer of 120 to 180 damage when damaging an enemy in melee.,
gem,25899,Brutal Earthstorm Diamond,gem spell,matches server,match,26598,26598 effect1=3,,3,sim/common/tbc/metagems.go:39 sim/core/buffs.go:462,,3,+$s1 Weapon Damage.,Weapon Damage +3 Weapon Damage.,
gem,25899,Brutal Earthstorm Diamond,gem spell,manual: no numeric values,manual: no numeric values (scripted spell),37982 > 23454,,,3,sim/common/tbc/metagems.go:39 sim/core/buffs.go:462,,1 50 1,Chance to stun a victim struck in combat for 1 second.,Earth Stun Melee Range Chance to stun a victim struck in combat for 1 second. (Proc chance: 1%),
gem,25901,Insightful Earthstorm Diamond,gem spell,differs from server,match,27521 > 32848,27521 proc chance=5; 27521 proc cooldown=15; 32848 effect1=300,27521 proc chance=5,15 0.04 300,sim/common/tbc/metagems.go:43 sim/common/tbc/metagems.go:49,,2 300 5 15 300,2% chance on successful spellcast to restore $32848s1 mana.,"Mana Restore 2% chance on successful spellcast to restore 300 mana. (Proc chance: 5%, 15s cooldown)",
gem,28556,Swift Windfire Diamond,gem spell,not in sim Go,differs,23990,23990 effect1=8,,,,23990 effect1=8,,Run speed increased slightly.,Item - Minor Run Speed Run speed increased slightly.,
gem,28557,Swift Starfire Diamond,gem spell,not in sim Go,differs,23990,23990 effect1=8,,,,23990 effect1=8,,Run speed increased slightly.,Item - Minor Run Speed Run speed increased slightly.,
gem,32409,Relentless Earthstorm Diamond,gem spell,matches server,match,39957,39957 effect1=3,,34220 41285 41398 1.03,sim/common/tbc/metagems.go:111 sim/core/character.go:370,,3,Increases your critical strike damage by $s1.,Increase Critical Damage 3% Increases your critical strike damage by 3.,
gem,32410,Thundering Skyfire Diamond,gem spell,differs from server,match,39958 > 39959,39958 ppm=0.7; 39958 proc cooldown=40; 39959 effect1=240; 39959 duration=6,39958 ppm=0.7,240 6 40 1.5,sim/common/tbc/metagems.go:67 sim/common/tbc/metagems.go:69,,50 40 50 240 6,,Skyfire Swiftness Requires level 50 (40s cooldown),
gem,32640,Potent Unstable Diamond,gem spell,not in sim Go,match,40691,40691 effect1=5,,,,,5,Increases your chance to resist Stun effects by $s1%.,Stun Resistance 5 Passive Increases your chance to resist Stun effects by 5%.,
gem,32641,Imbued Unstable Diamond,gem spell,not in sim Go,match,40706,40706 effect1=5,,,,,5 1 5,+$s1% Stun Resistance.,Increased Stun Resist 05 Requires level 1 +5% Stun Resistance.,
gem,34220,Chaotic Skyfire Diamond,gem spell,matches server,match,44797,44797 effect1=3,,32409 41285 41398 1.03,sim/common/tbc/metagems.go:110 sim/core/character.go:369,,3,Increases your critical strike damage by $s1%.,Increase Critical Damage 3% Increases your critical strike damage by 3%.,
gem,35501,Eternal Earthstorm Diamond,gem spell,matches server,match,55283,55283 effect1=5,,0.05,sim/common/tbc/metagems.go:101,,1 5,Increases the amount of damage absorbed by your shield by $s1%.,Eternal Shield Requires level 1 Increases the amount of damage absorbed by your shield by 5%.,
gem,35503,Ember Skyfire Diamond,gem spell,matches server,match,46600,46600 effect1=2,,1.02,sim/common/tbc/metagems.go:105,,2,Increases your total Intellect by $s1%.,Ember Skyfire Intellect Increases your total Intellect by 2%.,
gem,41285,Chaotic Skyflare Diamond,gem spell,matches server,match,44797,44797 effect1=3,,34220 32409 41398 1.03,sim/common/wotlk/metagems.go:116 sim/core/character.go:371,,3,Increases your critical strike damage by $s1%.,Increase Critical Damage 3% Increases your critical strike damage by 3%.,
gem,41307,Destructive Skyflare Diamond,gem spell,not in sim Go,manual: no numeric values (scripted spell),11818,,,,,,35 1,"Raise your shield, giving you a $s1% chance of reflecting the next spell cast on you.  Lasts $d.","Spell Reflection Requires level 35 Raise your shield, giving you a 1% chance of reflecting the next spell cast on you. Lasts until cancelled.",
gem,41333,Ember Skyflare Diamond,gem spell,matches server,match,55275,55275 effect1=2,,1.02,sim/common/wotlk/metagems.go:15,,2,Increases your total Intellect by $s1%.,Ember Skyflare Intellect Increases your total Intellect by 2%.,
gem,41335,Enigmatic Skyflare Diamond,gem spell,not in sim Go,match,55378,55378 effect1=10; 55378 effect2=10,,,,,10,Decreases the duration of movement impairing effects by $s1%.,Enigmatic Skyflare Reduce Snare/Root Duration Requires Hunter Decreases the duration of movement impairing effects by 10%.,
gem,41339,Swift Skyflare Diamond,gem spell,not in sim Go,differs,23990,23990 effect1=8,,,,23990 effect1=8,,Run speed increased slightly.,Item - Minor Run Speed Run speed increased slightly.,
gem,41375,Tireless Skyflare Diamond,gem spell,not in sim Go,differs,23990,23990 effect1=8,,,,23990 effect1=8,,Run speed increased slightly.,Item - Minor Run Speed Run speed increased slightly.,
gem,41376,Revitalizing Skyflare Diamond,gem spell,matches server,match,55256,55256 effect1=3,,1.03,sim/common/wotlk/metagems.go:117 sim/core/character.go:378,,3,Increases your critical healing effect by $s1%.,Increase Critical Healing Effect 3% Increases your critical healing effect by 3%.,
gem,41377,Effulgent Skyflare Diamond,gem spell,matches server,match,55345,55345 effect1=2,,0.98,sim/common/wotlk/metagems.go:19,,2,Reduces spell damage taken by $s1%.,Effulgent Skyflare Spell Damage Reduction Reduces spell damage taken by 2%.,
gem,41378,Forlorn Skyflare Diamond,gem spell,not in sim Go,match,55366,55366 effect1=10,,,,,10,Reduces the duration of any Silence effects on you by $s1%. This effect does not stack with other similar effects.,Forlorn Skyflare Silence Duration Reduction Reduces the duration of any Silence effects on you by 10%. This effect does not stack with other similar effects.,
gem,41379,Impassive Skyflare Diamond,gem spell,not in sim Go,match,55357,55357 effect1=10,,,,,10,Reduces the duration of any Fear effects used against the wearer by $s1%. This effect does not stack with other similar effects.,Impassive Skyflare Fear Duration Reduction Reduces the duration of any Fear effects used against the wearer by 10%. This effect does not stack with other similar effects.,
gem,41380,Austere Earthsiege Diamond,gem spell,matches server,match,55344,55344 effect1=2,,1.02,sim/common/wotlk/metagems.go:29,,2,Increases your armor value from items by $s1%.,Austere Earthsiege Armor Increases your armor value from items by 2%.,
gem,41381,Persistent Earthsiege Diamond,gem spell,not in sim Go,differs,55358,55358 effect1=10,,,,55358 effect1=10,,,Earthsiege Stun Duration Reduction,
gem,41382,Trenchant Earthsiege Diamond,gem spell,not in sim Go,differs,55358,55358 effect1=10,,,,55358 effect1=10,,,Earthsiege Stun Duration Reduction,
gem,41385,Invigorating Earthsiege Diamond,gem spell,matches server,match,61356 > 55341,61356 proc chance=50; 61356 proc cooldown=45; 55341 effect1=2,,1 0.02 0.5 45,sim/common/wotlk/metagems.go:34 sim/common/wotlk/metagems.go:38,,50 45 2,,"Invigorating Earthsiege Diamond Passive (Proc chance: 50%, 45s cooldown)",
gem,41389,Beaming Earthsiege Diamond,gem spell,matches server,match,55337,55337 effect1=2,,1.02,sim/common/wotlk/metagems.go:66,,2,Increases your total Mana by $s1%.,Beaming Earthsiege Mana Increases your total Mana by 2%.,
gem,41395,Bracing Earthsiege Diamond,gem spell,matches server,differs,32842,32842 effect1=2,,0.98,sim/common/wotlk/metagems.go:70,32842 effect1=2,,,Decrease Threat,
gem,41396,Eternal Earthsiege Diamond,gem spell,matches server,match,55283,55283 effect1=5,,0.05,sim/common/wotlk/metagems.go:76,,1 5,Increases the amount of damage absorbed by your shield by $s1%.,Eternal Shield Requires level 1 Increases the amount of damage absorbed by your shield by 5%.,
gem,41397,Powerful Earthsiege Diamond,gem spell,not in sim Go,differs,55358,55358 effect1=10,,,,55358 effect1=10,,,Earthsiege Stun Duration Reduction,
gem,41398,Relentless Earthsiege Diamond,gem spell,matches server,match,39957,39957 effect1=3,,34220 32409 41285 1.03,sim/common/wotlk/metagems.go:118 sim/core/character.go:372,,3,Increases your critical strike damage by $s1.,Increase Critical Damage 3% Increases your critical strike damage by 3.,
gem,41400,Thundering Skyflare Diamond,gem spell,matches server,match,55380 > 55379,55380 proc cooldown=40; 55379 effect1=480; 55379 duration=6,,480 6 1 40,sim/common/wotlk/metagems.go:80 sim/common/wotlk/metagems.go:82,,50 40 50 480 6,,Skyflare Swiftness Requires level 50 (40s cooldown),
gem,41401,Insightful Earthsiege Diamond,gem spell,matches server,match,55381 > 55382,55381 proc chance=5; 55381 proc cooldown=15; 55382 effect1=600,,0.05 15 600,sim/common/wotlk/metagems.go:99 sim/common/wotlk/metagems.go:101,,2 300 5 15 600,2% chance on successful spellcast to restore $32848s1 mana.,"Mana Restore 2% chance on successful spellcast to restore 300 mana. (Proc chance: 5%, 15s cooldown)",
gem,44076,Swift Starflare Diamond,gem spell,not in sim Go,differs,23990,23990 effect1=8,,,,23990 effect1=8,,Run speed increased slightly.,Item - Minor Run Speed Run speed increased slightly.,
gem,44078,Tireless Starflare Diamond,gem spell,not in sim Go,differs,23990,23990 effect1=8,,,,23990 effect1=8,,Run speed increased slightly.,Item - Minor Run Speed Run speed increased slightly.,
gem,44081,Enigmatic Starflare Diamond,gem spell,not in sim Go,match,55378,55378 effect1=10; 55378 effect2=10,,,,,10,Decreases the duration of movement impairing effects by $s1%.,Enigmatic Skyflare Reduce Snare/Root Duration Requires Hunter Decreases the duration of movement impairing effects by 10%.,
gem,44082,Impassive Starflare Diamond,gem spell,not in sim Go,match,55357,55357 effect1=10,,,,,10,Reduces the duration of any Fear effects used against the wearer by $s1%. This effect does not stack with other similar effects.,Impassive Skyflare Fear Duration Reduction Reduces the duration of any Fear effects used against the wearer by 10%. This effect does not stack with other similar effects.,
gem,44084,Forlorn Starflare Diamond,gem spell,not in sim Go,match,55366,55366 effect1=10,,,,,10,Reduces the duration of any Silence effects on you by $s1%. This effect does not stack with other similar effects.,Forlorn Skyflare Silence Duration Reduction Reduces the duration of any Silence effects on you by 10%. This effect does not stack with other similar effects.,
gem,44087,Persistent Earthshatter Diamond,gem spell,not in sim Go,differs,55358,55358 effect1=10,,,,55358 effect1=10,,,Earthsiege Stun Duration Reduction,
gem,44088,Powerful Earthshatter Diamond,gem spell,not in sim Go,differs,55358,55358 effect1=10,,,,55358 effect1=10,,,Earthsiege Stun Duration Reduction,
gem,44089,Trenchant Earthshatter Diamond,gem spell,not in sim Go,differs,55358,55358 effect1=10,,,,55358 effect1=10,,,Earthsiege Stun Duration Reduction,
enchant,1900,Crusader,enchant spell,differs from server,match,20007,20007 effect1=100; 20007 effect2=125; 20007 effect2 min=75; 20007 duration=15; enchant 1900 ppm=1,20007 effect2=125; 20007 effect2 min=75,1 100 4 60 15 2 2100,sim/common/tbc/enchant_effects.go:61 sim/common/tbc/enchant_effects.go:64 sim/common/tbc/enchant_effects.go:93 sim/common/wotlk/shadowmourne.go:38 sim/common/tbc/enchant_effects.go:69 sim/common/tbc/enchant_effects.go:70,,40 63 75 125 100 15,Heal self for $s2 and Increases Strength by $s1 for $d.,Holy Strength 40 yd range Instant Requires level 63 Heal self for 75 to 125 and Increases Strength by 100 for 15 sec.,
enchant,2613,Gloves - Threat,enchant spell,matches server,differs,25063,25063 effect1=2,,1.02,sim/common/tbc/enchant_effects.go:146,25063 effect1=2,,,Increase Threat,
enchant,2621,Enchant Cloak - Subtlety,enchant spell,matches server,differs,25070,25070 effect1=2,,0.98,sim/common/tbc/enchant_effects.go:142,25070 effect1=2,,,Decrease Threat,
enchant,2671,Sunfire,enchant spell,matches server,match,27979,27979 effect1=50; 27979 effect2=50,,50,sim/common/tbc/enchant_effects.go:32,,50,Increases fire and arcane spell power by $s1.,Increase Fire/Arcane Dam 50 Increases fire and arcane spell power by 50.,
enchant,2672,Soulfrost,enchant spell,matches server,match,27980,27980 effect1=54; 27980 effect2=54,,54,sim/common/tbc/enchant_effects.go:40,,54,Increases Shadow and Frost spell power by $s1.,Increase Shadow/Frost Dam 54 Increases Shadow and Frost spell power by 54.,
enchant,2673,Mongoose,enchant spell,matches server,differs,28093,28093 effect1=120; 28093 effect2=30; 28093 duration=15; enchant 2673 ppm=1,,0.73 1 30 120 15 2,sim/common/tbc/enchant_effects.go:103 sim/common/tbc/enchant_effects.go:106 sim/common/tbc/enchant_effects.go:133 sim/common/tbc/enchant_effects.go:109 sim/common/tbc/enchant_effects.go:110,28093 effect2=30,40 63 120 15,Increases Agility by $s1 and slightly increases attack speed for $d.,Lightning Speed 40 yd range Instant Requires level 63 Increases Agility by 120 and slightly increases attack speed for 15 sec.,
enchant,2929,Striking,enchant spell,matches server,match,26597,26597 effect1=2,,2,sim/common/tbc/enchant_effects.go:96,,2,+$s1 Weapon Damage.,Weapon Damage +2 Weapon Damage.,
enchant,2939,Enchant Boots - Cat's Swiftness,enchant spell,not in sim Go,differs,13889,13889 effect1=8,,,,13889 effect1=8,,,Minor Speed,
enchant,2940,Enchant Boots - Boar's Speed,enchant spell,not in sim Go,differs,13889,13889 effect1=8,,,,13889 effect1=8,,,Minor Speed,
enchant,3225,Executioner,enchant spell,matches server,match,42976,42976 effect1=120; 42976 duration=15; enchant 3225 ppm=1,,1 120 15,sim/common/tbc/enchant_effects.go:151 sim/common/tbc/enchant_effects.go:154 sim/common/tbc/enchant_effects.go:176 sim/common/tbc/enchant_effects.go:157,,40 60 120 15,You have an additional $s1 armor penetration rating for $d.,Executioner 40 yd range Instant Requires level 60 You have an additional 120 armor penetration rating for 15 sec.,
enchant,3232,Tuskarr's Vitality,enchant spell,not in sim Go,differs,13889,13889 effect1=8,,,,13889 effect1=8,,,Minor Speed,
enchant,3238,Gatherer,enchant spell,not in sim Go,differs,44507,44507 effect1=5; 44507 effect2=5; 44507 effect3=5,,,,44507 effect1=5; 44507 effect2=5; 44507 effect3=5,,,Gatherer,
enchant,3239,Icebreaker,enchant spell,differs from server,match,44525,44525 effect1=215; 44525 effect1 min=185; enchant 3239 ppm=3,enchant 3239 ppm=3,4 1 185 215,sim/common/wotlk/enchant_effects.go:62 sim/common/wotlk/enchant_effects.go:65 sim/common/wotlk/enchant_effects.go:99 sim/common/wotlk/enchant_effects.go:69,,100 185 215,Deals $s1 Fire damage to the target.,Icebreaker 100 yd range Instant Deals 185 to 215 Fire damage to the target.,
enchant,3241,Lifeward,enchant spell,differs from server,match,44578,44578 effect1=356; 44578 effect1 min=310; enchant 3241 ppm=3,44578 effect1=356; 44578 effect1 min=310,3 44494 300,sim/common/wotlk/enchant_effects.go:203 sim/common/wotlk/enchant_effects.go:206 sim/common/wotlk/enchant_effects.go:228,,63 310 356,Heals you for $44578s1.,Lifeward Instant Requires level 63 Heals you for 310 to 356.,
enchant,3247,Scourgebane,enchant spell,matches server,differs,44594,44594 effect1=140; 44594 effect2=140,,140,sim/common/wotlk/enchant_effects.go:150 sim/druid/forms.go:96,44594 effect1=140; 44594 effect2=140,,,Undead Slayer,
enchant,3251,Giant Slayer,enchant spell,differs from server,differs,44622,44622 effect1=323; 44622 effect1 min=237; 44622 effect2=75; 44622 duration=15; enchant 3251 ppm=3,44622 effect1=323; 44622 effect2=75; 44622 duration=15; enchant 3251 ppm=3,4 1 237,sim/common/wotlk/enchant_effects.go:18 sim/common/wotlk/enchant_effects.go:21 sim/common/wotlk/enchant_effects.go:59 sim/common/wotlk/enchant_effects.go:25,44622 effect1=323; 44622 effect1 min=237; 44622 duration=15,100 75,Movement slowed to $s2% of normal speed.,Tendon Rip 100 yd range Instant Movement slowed to 75% of normal speed.,
enchant,3253,Armsman,enchant spell,matches server,differs,25063,25063 effect1=2,,1.02,sim/common/wotlk/enchant_effects.go:157,25063 effect1=2,,,Increase Threat,
enchant,3256,Shadow Armor,enchant spell,not in sim Go,differs,13840,13840 effect1=5,,,,13840 effect1=5,,,Lesser Stealth,
enchant,3273,Deathfrost,enchant spell,differs from server,differs,46579 > 46629,46579 effect1=150; enchant 3273 ppm=3; 46629 effect1=15; 46629 effect2=15; 46629 effect3=15; 46629 duration=8,enchant 3273 ppm=3,2.15 8 1.15 1 150,sim/common/tbc/enchant_effects.go:218 sim/common/tbc/enchant_effects.go:220 sim/common/tbc/enchant_effects.go:223 sim/common/tbc/enchant_effects.go:228,46629 duration=8,40 60 150 15 100 70 150 15,"Inflicts $s1 Frost damage and reduces target's melee, ranged, and casting speed by $s2%.","Deathfrost 40 yd range Instant Requires level 60 Inflicts 150 Frost damage and reduces target's melee, ranged, and casting speed by 15%.",
enchant,3273,Deathfrost,enchant spell,differs from server,differs,46662 > 46579 > 46629,46662 proc chance=50; 46662 proc cooldown=25; 46579 effect1=150; 46629 effect1=15; 46629 effect2=15; 46629 effect3=15; 46629 duration=8,46662 proc chance=50; 46662 proc cooldown=25,2.15 8 1.15 1 150,sim/common/tbc/enchant_effects.go:218 sim/common/tbc/enchant_effects.go:220 sim/common/tbc/enchant_effects.go:223 sim/common/tbc/enchant_effects.go:228,46629 duration=8,50 25 40 60 150 15 100 70 150 15,,"Deathfrost (Proc chance: 50%, 25s cooldown)",
enchant,3296,Wisdom,enchant spell,matches server,differs,25070,25070 effect1=2,,0.98,sim/common/wotlk/enchant_effects.go:162,25070 effect1=2,,,Decrease Threat,
enchant,3365,Rune of Swordshattering,enchant spell,matches server (not registered),differs,53387,53387 effect1=4,,4,sim/deathknight/items.go:470,53387 effect1=4,,,Deflection,
enchant,3365,Rune of Swordshattering,enchant spell,differs from server (not registered),match,43588,43588 effect1=50,43588 effect1=50,4,sim/deathknight/items.go:470,,50,Disarm duration reduced by $s1%.,Disarm Duration Reduction Disarm duration reduced by 50%.,
enchant,3366,Rune of Lichbane,enchant spell,not in sim Go,match,56903,56903 effect1=2,,,,,100 2,Hits the target for $s1% weapon damage as Fire damage.  Causes double damage to Undead.,Lichflame 100 yd range Instant Hits the target for 2% weapon damage as Fire damage. Causes double damage to Undead.,
enchant,3367,Rune of Spellshattering,enchant spell,differs from server (not registered),differs,53362,53362 effect1=4,53362 effect1=4,,sim/deathknight/items.go:483,53362 effect1=4,,,Rune of Spellshattering Instant,
enchant,3367,Rune of Spellshattering,enchant spell,differs from server (not registered),match,60209,60209 effect1=50,60209 effect1=50,,sim/deathknight/items.go:483,,50,Silence duration reduced by $s1%.,Silence Duration Reduction Silence duration reduced by 50%.,
enchant,3368,Rune of the Fallen Crusader,enchant spell,differs from server (not registered),match,53365,53365 effect1=15; 53365 effect2=3; 53365 duration=15; enchant 3368 ppm=2,53365 effect1=15; 53365 effect2=3; 53365 duration=15,2,sim/deathknight/items.go:418 sim/deathknight/items.go:421 sim/deathknight/items.go:443 sim/deathknight/items.go:424,,40 55 3 15,Affixes your rune weapon with a rune that has a chance to heal you for $53365s2% and increase total Strength by $53365s1% for $53365d.,Unholy Strength 40 yd range Instant Requires level 55 Affixes your rune weapon with a rune that has a chance to heal you for 3% and increase total Strength by 15% for 15 sec.,
enchant,3369,Rune of Cinderglacier,enchant spell,matches server (not registered),differs,53386,53386 effect1=20; 53386 duration=30; enchant 3369 ppm=1,,1 30 2 0.2 0,sim/deathknight/items.go:554 sim/deathknight/items.go:557 sim/deathknight/items.go:501,53386 duration=30,10 40 20 2,Damage increased by $s1% for your next 2 attacks that deal Frost or Shadow damage.,Cinderglacier 10 - 40 yd range Instant Requires Death Knight Damage increased by 20% for your next 2 attacks that deal Frost or Shadow damage.,
enchant,3370,Rune of Razorice,enchant spell,differs from server (not registered),match,50401,50401 effect1=2,50401 effect1=2,72412 480 10 1 60 5,sim/deathknight/items.go:352 sim/deathknight/items.go:362 sim/deathknight/items.go:392 sim/common/wotlk/stat_bonus_procs.go:592 sim/core/debuffs.go:867 sim/deathknight/items.go:339 sim/deathknight/items.go:355 sim/deathknight/items.go:369,,10 2 8,Your rune weapon causes $s1% extra weapon damage as Frost damage.,Razor Frost 10 yd range Instant Requires Death Knight Your rune weapon causes 2% extra weapon damage as Frost damage. (8ms cooldown),
enchant,3370,Rune of Razorice,enchant spell,differs from server (not registered),match,51714,51714 effect1=2; 51714 duration=20,51714 effect1=2; 51714 duration=20,50401,sim/deathknight/items.go:352 sim/deathknight/items.go:362 sim/deathknight/items.go:392,,1 2 20 5,Imbues your rune weapon with the power of Frost. Your melee swings cause your target to take an additional $51714s1% damage from your Frost attacks for $51714d.  This effect stacks up to 5 times.,Frost Vulnerability Unlimited range Instant Requires Death Knight Requires level 1 Imbues your rune weapon with the power of Frost. Your melee swings cause your target to take an additional 2% damage from your Frost attacks for 20 sec. This effect stacks up to 5 times.,
enchant,3594,Rune of Swordbreaking,enchant spell,matches server (not registered),differs,54448,54448 effect1=2,,2,sim/deathknight/items.go:463,54448 effect1=2,,,Deflection,
enchant,3594,Rune of Swordbreaking,enchant spell,differs from server (not registered),match,43588,43588 effect1=50,43588 effect1=50,2,sim/deathknight/items.go:463,,50,Disarm duration reduced by $s1%.,Disarm Duration Reduction Disarm duration reduced by 50%.,
enchant,3595,Rune of Spellbreaking,enchant spell,differs from server (not registered),differs,54449,54449 effect1=2,54449 effect1=2,,sim/deathknight/items.go:477,54449 effect1=2,,,Rune of Spellbreaking Instant,
enchant,3595,Rune of Spellbreaking,enchant spell,differs from server (not registered),match,60209,60209 effect1=50,60209 effect1=50,,sim/deathknight/items.go:477,,50,Silence duration reduced by $s1%.,Silence Duration Reduction Silence duration reduced by 50%.,
enchant,3599,Personal Electromagnetic Pulse Generator,enchant spell,not in sim Go,match,54735 > 54773,54735 duration=3; 54735 cooldown=60,,,,,1 3,Stuns all nearby Mechanical units for $d.,Electromagnetic Pulse Instant 1 min cooldown Stuns all nearby Mechanical units for 3 sec.,
enchant,3601,Frag Belt,enchant spell,not in sim Go,match,67890,67890 effect1=1000; 67890 effect1 min=750; 67890 effect2=3; 67890 duration=3; 67890 cooldown=360,,,,,45 0.5 6 750 1000 3,"Detatch and throw a Cobalt Frag Bomb, inflicting $s1 Fire damage and incapacitating targets for $d in a 3 yard radius.  Any damage will break the effect.","Cobalt Frag Bomb 45 yd range 0.5 sec cast 6 min cooldown Detatch and throw a Cobalt Frag Bomb, inflicting 750 to 1000 Fire damage and incapacitating targets for 3 sec in a 3 yard radius. Any damage will break the effect.",
enchant,3603,Hand-Mounted Pyro Rocket,enchant spell,matches server,match,54757,54757 effect1=2020; 54757 effect1 min=1654; 54757 cooldown=45,,45 10 1 1654 2020,sim/common/wotlk/enchant_effects.go:271 sim/common/wotlk/enchant_effects.go:273,,45 1654 2020,Fires an explosive rocket at an enemy for $s1 Fire damage.,Pyro Rocket 45 yd range Instant 45 sec cooldown Fires an explosive rocket at an enemy for 1654 to 2020 Fire damage.,
enchant,3604,Hyperspeed Accelerators,enchant spell,matches server,match,54758,54758 effect1=340; 54758 duration=12; 54758 cooldown=60,,340 12 60,sim/common/wotlk/enchant_effects.go:308 sim/common/wotlk/enchant_effects.go:310,,1 340 12,Increases your haste rating by $s1 for $d.,Hyperspeed Acceleration Instant 1 min cooldown Increases your haste rating by 340 for 12 sec.,
enchant,3605,Flexweave Underlay,enchant spell,not in sim Go,match,55001,55001 duration=30; 55001 cooldown=60,,,,,1 30,Reduces your falling speed for $d.,Parachute Instant 1 min cooldown Reduces your falling speed for 30 sec.,
enchant,3606,Nitro Boosts,enchant spell,not in sim Go,match,55004,55004 cooldown=180,,,,,3 5,Greatly increase your run speed for $54861d.,Nitro Boosts Instant 3 min cooldown Greatly increase your run speed for 5 sec.,
enchant,3722,Lightweave Embroidery,enchant spell,matches server,match,55640 > 55637,55640 proc chance=35; 55640 proc cooldown=60; 55637 effect1=295; 55637 effect2=295; 55637 duration=15,,295 15 60 0.35,sim/common/wotlk/enchant_effects.go:346 sim/common/wotlk/enchant_effects.go:349,,35 1 100 295 15,,"Lightweave Embroidery (Proc chance: 35%, 1m cooldown)",
enchant,3728,Darkglow Embroidery,enchant spell,matches server,match,55768 > 55767,55768 proc chance=35; 55768 proc cooldown=45; 55767 effect1=400,,45 0.35 400,sim/common/wotlk/enchant_effects.go:379 sim/common/wotlk/enchant_effects.go:385,,35 45 400,,"Darkglow Embroidery (Proc chance: 35%, 45s cooldown)",
enchant,3730,Swordguard Embroidery,enchant spell,matches server,differs,55776 > 55775,55776 proc chance=20; 55776 proc cooldown=55; 55775 effect1=400; 55775 effect2=400; 55775 duration=15,,400 15 55 0.2,sim/common/wotlk/enchant_effects.go:407 sim/common/wotlk/enchant_effects.go:410,55775 duration=15,20 55 400,,"Swordguard Embroidery (Proc chance: 20%, 55s cooldown)",
enchant,3731,Titanium Weapon Chain,enchant spell,not in sim Go,match,43588,43588 effect1=50,,,,,50,Disarm duration reduced by $s1%.,Disarm Duration Reduction Disarm duration reduced by 50%.,
enchant,3748,Titanium Shield Spike,enchant spell,matches server,match,56355,56355 effect1=67; 56355 effect1 min=45,,42500 1 45 67,sim/common/wotlk/enchant_effects.go:114 sim/common/wotlk/enchant_effects.go:147,,5 45 67,Deals $s1 damage.,Titanium Shield Spike 5 sec cooldown Deals 45 to 67 damage.,
enchant,3789,Berserking,enchant spell,matches server,match,59620,59620 effect1=400; 59620 effect2=5; 59620 duration=15; enchant 3789 ppm=1,,1 2 0.05 400 15,sim/common/wotlk/enchant_effects.go:167 sim/common/wotlk/enchant_effects.go:170 sim/common/wotlk/enchant_effects.go:199 sim/common/wotlk/enchant_effects.go:175 sim/common/wotlk/enchant_effects.go:176,,63 400 5 15,Increases your attack power by $s1 but reduces your armor by $s2%.  Lasts $d.,Berserk Instant Requires level 63 Increases your attack power by 400 but reduces your armor by 5%. Lasts 15 sec.,
enchant,3790,Black Magic,enchant spell,matches server,differs,59630 > 59626,59630 proc chance=35; 59630 proc cooldown=35; 59626 effect1=250; 59626 duration=10,,35 47465 12867 0.35 250 10,sim/common/wotlk/enchant_effects.go:231 sim/common/wotlk/enchant_effects.go:262 sim/common/wotlk/enchant_effects.go:12,59626 effect1=250; 59626 duration=10,35 83,,"Black Magic Instant (Proc chance: 35%, 35s cooldown)",
enchant,3847,Rune of the Stoneskin Gargoyle,enchant spell,matches server (not registered),differs,62157,62157 effect1=25; 62157 effect2=2,,25 1.02,sim/deathknight/items.go:455,62157 effect1=25; 62157 effect2=2,,,DEFENSE,
enchant,3849,Titanium Plating,enchant spell,not in sim Go,match,43588,43588 effect1=50,,,,,50,Disarm duration reduced by $s1%.,Disarm Duration Reduction Disarm duration reduced by 50%.,
enchant,3859,Springy Arachnoweave,enchant spell,not in sim Go,match,55001,55001 duration=30; 55001 cooldown=60,,,,,1 30,Reduces your falling speed for $d.,Parachute Instant 1 min cooldown Reduces your falling speed for 30 sec.,
enchant,3870,Blood Draining,enchant spell,matches server,differs,64571 > 64568,64571 proc chance=50; 64571 proc cooldown=10; 64568 duration=20,,64569 20 5 0.35 360 80 0.5 10 1,sim/common/wotlk/enchant_effects.go:436 sim/common/wotlk/enchant_effects.go:442,64568 duration=20,50 10 35,,"Blood Draining (Proc chance: 50%, 10s cooldown)",
enchant,3878,Mind Amplification Dish,enchant spell,not in sim Go,match,67799,67799 cooldown=600,,,,,30 0.5 10 1,Engage in mental combat with a humanoid target in an attempt to pacify or control them.,Mind Amplification Dish 30 yd range 0.5 sec cast 10 min cooldown Requires level 1 Engage in mental combat with a humanoid target in an attempt to pacify or control them.,
enchant,3883,Rune of the Nerubian Carapace,enchant spell,matches server (not registered),differs,70163,70163 effect1=13,,13 1.01,sim/deathknight/items.go:447,70163 effect1=13,,,MINOR DEFENSE,
