id,name,category,server_ilvl,sim_ilvl,zone,difficulty,diffs (server -> sim),server_unmapped_stat_types,module_files,sim_sources
8345,Wolfshead Helm,module,45,45,other,,stat Agility: 0 -> 10; stat Spirit: 10 -> 0,,modules/mod-individual-progression/data/sql/world/base/vanilla_item_changes.sql,crafted Leatherworking (spell 10621)
15056,Stormshroud Armor,classic,57,57,other,,stat SpellCrit: 28 -> 0; stat MeleeCrit: 28 -> 0,,,crafted Leatherworking (spell 19079)
15057,Stormshroud Pants,classic,55,55,other,,stat SpellCrit: 28 -> 0; stat MeleeCrit: 28 -> 0,,,crafted Leatherworking (spell 19067)
15058,Stormshroud Shoulders,classic,59,59,other,,stat SpellCrit: 14 -> 0; stat MeleeCrit: 14 -> 0,,,crafted Leatherworking (spell 19090)
15808,Fine Light Crossbow,module,21,21,no source,,weapon damage min: 20 -> 29; weapon damage max: 20 -> 29,,modules/mod-individual-progression/data/sql/world/base/vanilla_item_changes.sql,
18843,Grand Marshal's Right Hand Blade,classic,78,78,no source,,stat SpellCrit: 14 -> 0; stat MeleeCrit: 14 -> 0,,,
18844,High Warlord's Right Claw,classic,78,78,no source,,stat SpellCrit: 14 -> 0; stat MeleeCrit: 14 -> 0,,,
18847,Grand Marshal's Left Hand Blade,classic,78,78,no source,,stat SpellCrit: 14 -> 0; stat MeleeCrit: 14 -> 0,,,
18848,High Warlord's Left Claw,classic,78,78,no source,,stat SpellCrit: 14 -> 0; stat MeleeCrit: 14 -> 0,,,
21278,Stormshroud Gloves,module,62,55,other,,ilvl: 62 -> 55; stat SpellCrit: 14 -> 19; stat MeleeCrit: 14 -> 19; stat Armor: 109 -> 99,,modules/mod-individual-progression/data/sql/world/base/vanilla_item_changes.sql,crafted Leatherworking (spell 26279)
27909,Tidefury Kilt,module,115,115,Shadow Labyrinth,Normal,stat MeleeCrit: 0 -> 19,,modules/mod-individual-progression/data/sql/world/base/tbc_item_changes.sql,drop Shadow Labyrinth Normal (Murmur) | drop Shadow Labyrinth Heroic (Murmur)
28231,Tidefury Chestpiece,module,115,115,The Arcatraz,Normal,stat MeleeHit: 0 -> 10,,modules/mod-individual-progression/data/sql/world/base/tbc_item_changes.sql,drop The Arcatraz Normal (Harbinger Skyriss) | drop The Arcatraz Heroic (Harbinger Skyriss)
29305,Band of the Eternal Sage,module,152,152,other,,stat MeleeCrit: 0 -> 24,,modules/mod-individual-progression/data/sql/world/base/tbc_item_changes.sql,quest  (0)
29988,The Nexus Key,module,141,141,Tempest Keep,Normal,stat MeleeCrit: 0 -> 51,,modules/mod-individual-progression/data/sql/world/base/tbc_item_changes.sql,drop Tempest Keep Normal (Kael'thas Sunstrider)
30313,Staff of Disintegration,module,175,175,Tempest Keep,Normal,stat SpellCrit: 75 -> 0; stat AttackPower: 1459 -> 0,,modules/mod-individual-progression/data/sql/world/base/tbc_item_changes.sql,drop Tempest Keep Normal (Legendaries)
30314,Phaseshift Bulwark,module,175,175,Tempest Keep,Normal,stat BlockValue: 208 -> 198,,modules/mod-individual-progression/data/sql/world/base/tbc_item_changes.sql,drop Tempest Keep Normal (Legendaries)
30318,Netherstrand Longbow,classic,175,175,Tempest Keep,Normal,stat MeleeCrit: 50 -> 0; class allowlist: Hunter -> Deathknight+Hunter,,,drop Tempest Keep Normal (Legendaries)
30720,Serpent-Coil Braid,module,128,128,Serpentshrine Cavern,Normal,stat MeleeHit: 0 -> 12; stat MeleeCrit: 0 -> 30,,modules/mod-individual-progression/data/sql/world/base/tbc_item_changes.sql,drop Serpentshrine Cavern Normal (Morogrim Tidewalker)
30862,Blessed Adamantite Bracers,module,141,141,Hyjal Summit,Normal,stat MeleeCrit: 0 -> 21,,modules/mod-individual-progression/data/sql/world/base/tbc_item_changes.sql,drop Hyjal Summit Normal (Rage Winterchill)
30870,Cuffs of Devastation,module,141,141,Hyjal Summit,Normal,stat MeleeCrit: 0 -> 14,,modules/mod-individual-progression/data/sql/world/base/tbc_item_changes.sql,drop Hyjal Summit Normal (Rage Winterchill)
30872,Chronicle of Dark Secrets,module,141,141,Hyjal Summit,Normal,stat MeleeHit: 0 -> 17; stat MeleeCrit: 0 -> 23,,modules/mod-individual-progression/data/sql/world/base/tbc_item_changes.sql,drop Hyjal Summit Normal (Rage Winterchill)
30878,Glimmering Steel Mantle,module,141,141,Hyjal Summit,Normal,stat MeleeCrit: 0 -> 29,,modules/mod-individual-progression/data/sql/world/base/tbc_item_changes.sql,drop Hyjal Summit Normal (Anetheron)
30883,Pillar of Ferocity,module,141,141,Hyjal Summit,Normal,stat Strength: 47 -> 0; stat AttackPower: 1059 -> 94; stat RangedAttackPower: 0 -> 94; weapon damage min: 136 -> 313; weapon damage max: 293 -> 470,,modules/mod-individual-progression/data/sql/world/base/tbc_item_changes.sql,drop Hyjal Summit Normal (Anetheron)
30884,Hatefury Mantle,module,141,141,Hyjal Summit,Normal,stat MeleeCrit: 0 -> 24,,modules/mod-individual-progression/data/sql/world/base/tbc_item_changes.sql,drop Hyjal Summit Normal (Anetheron)
30888,Anetheron's Noose,module,141,141,Hyjal Summit,Normal,stat MeleeCrit: 0 -> 24,,modules/mod-individual-progression/data/sql/world/base/tbc_item_changes.sql,drop Hyjal Summit Normal (Anetheron)
30889,Kaz'rogal's Hardened Heart,module,141,141,Hyjal Summit,Normal,stat Strength: 0 -> 21; stat SpellHit: 21 -> 18; stat MeleeHit: 21 -> 18; stat Defense: 28 -> 19,,modules/mod-individual-progression/data/sql/world/base/tbc_item_changes.sql,drop Hyjal Summit Normal (Kaz'rogal)
30894,Blue Suede Shoes,module,141,141,Hyjal Summit,Normal,stat MeleeHit: 0 -> 18,,modules/mod-individual-progression/data/sql/world/base/tbc_item_changes.sql,drop Hyjal Summit Normal (Kaz'rogal)
30895,Angelista's Sash,module,141,141,Hyjal Summit,Normal,stat MeleeHaste: 0 -> 37,,modules/mod-individual-progression/data/sql/world/base/tbc_item_changes.sql,drop Hyjal Summit Normal (Kaz'rogal)
30896,Glory of the Defender,module,141,141,Hyjal Summit,Normal,stat Strength: 0 -> 37; stat SpellHit: 34 -> 29; stat MeleeHit: 34 -> 29; stat Dodge: 51 -> 24,,modules/mod-individual-progression/data/sql/world/base/tbc_item_changes.sql,drop Hyjal Summit Normal (Azgalor)
30897,Girdle of Hope,module,141,141,Hyjal Summit,Normal,stat MeleeCrit: 0 -> 21,,modules/mod-individual-progression/data/sql/world/base/tbc_item_changes.sql,drop Hyjal Summit Normal (Azgalor)
30904,Savior's Grasp,module,151,151,Hyjal Summit,Normal,stat MeleeCrit: 0 -> 46,,modules/mod-individual-progression/data/sql/world/base/tbc_item_changes.sql,drop Hyjal Summit Normal (Archimonde)
30909,Antonidas's Aegis of Rapt Concentration,module,151,151,Hyjal Summit,Normal,stat MeleeCrit: 0 -> 20,,modules/mod-individual-progression/data/sql/world/base/tbc_item_changes.sql,drop Hyjal Summit Normal (Archimonde)
30910,Tempest of Chaos,module,151,151,Hyjal Summit,Normal,stat MeleeHit: 0 -> 17; stat MeleeCrit: 0 -> 24,,modules/mod-individual-progression/data/sql/world/base/tbc_item_changes.sql,drop Hyjal Summit Normal (Archimonde)
30913,Robes of Rhonin,module,151,151,Hyjal Summit,Normal,stat MeleeHit: 0 -> 27; stat MeleeCrit: 0 -> 24,,modules/mod-individual-progression/data/sql/world/base/tbc_item_changes.sql,drop Hyjal Summit Normal (Archimonde)
30914,Belt of the Crescent Moon,module,141,141,Hyjal Summit,Normal,stat MeleeHaste: 0 -> 36,,modules/mod-individual-progression/data/sql/world/base/tbc_item_changes.sql,drop Hyjal Summit Normal (Kaz'rogal)
30916,Leggings of Channeled Elements,module,141,141,Hyjal Summit,Normal,stat MeleeHit: 0 -> 18; stat MeleeCrit: 0 -> 34,,modules/mod-individual-progression/data/sql/world/base/tbc_item_changes.sql,drop Hyjal Summit Normal (Kaz'rogal)
30918,Hammer of Atonement,module,141,141,Hyjal Summit,Normal,stat MeleeCrit: 0 -> 23,,modules/mod-individual-progression/data/sql/world/base/tbc_item_changes.sql,drop Hyjal Summit Normal (Kaz'rogal)
30970,Onslaught Handguards,module,146,146,vendor: Tydormu,,stat Strength: 18 -> 36; stat Block: 27 -> 0,,modules/mod-individual-progression/data/sql/world/base/tbc_item_changes.sql,sold by Tydormu (23381) in unknown zone
30974,Onslaught Greathelm,module,146,146,vendor: Tydormu,,stat Strength: 23 -> 39; stat Agility: 28 -> 0,,modules/mod-individual-progression/data/sql/world/base/tbc_item_changes.sql,sold by Tydormu (23381) in unknown zone
30976,Onslaught Chestguard,module,146,146,vendor: Tydormu,,stat Strength: 0 -> 37; stat Agility: 37 -> 0,,modules/mod-individual-progression/data/sql/world/base/tbc_item_changes.sql,sold by Tydormu (23381) in unknown zone
30978,Onslaught Legguards,module,146,146,vendor: Tydormu,,stat Strength: 0 -> 40; stat Agility: 24 -> 0; stat Defense: 40 -> 24,,modules/mod-individual-progression/data/sql/world/base/tbc_item_changes.sql,sold by Tydormu (23381) in unknown zone
30980,Onslaught Shoulderguards,module,146,146,vendor: Tydormu,,stat Strength: 0 -> 31; stat Parry: 31 -> 0,,modules/mod-individual-progression/data/sql/world/base/tbc_item_changes.sql,sold by Tydormu (23381) in unknown zone
30985,Lightbringer Handguards,module,146,146,vendor: Tydormu,,stat Strength: 0 -> 43; stat Intellect: 28 -> 0; stat SpellPower: 34 -> 0,,modules/mod-individual-progression/data/sql/world/base/tbc_item_changes.sql,sold by Tydormu (23381) in unknown zone
30987,Lightbringer Faceguard,module,146,146,vendor: Tydormu,,stat Strength: 0 -> 50; stat Intellect: 27 -> 0; stat SpellPower: 43 -> 0,,modules/mod-individual-progression/data/sql/world/base/tbc_item_changes.sql,sold by Tydormu (23381) in unknown zone
30988,Lightbringer Greathelm,module,146,146,vendor: Tydormu,,stat MeleeCrit: 0 -> 36,,modules/mod-individual-progression/data/sql/world/base/tbc_item_changes.sql,sold by Tydormu (23381) in unknown zone
30991,Lightbringer Chestguard,module,146,146,vendor: Tydormu,,stat Strength: 0 -> 43; stat Intellect: 22 -> 0; stat SpellPower: 39 -> 0,,modules/mod-individual-progression/data/sql/world/base/tbc_item_changes.sql,sold by Tydormu (23381) in unknown zone
30992,Lightbringer Chestpiece,module,146,146,vendor: Tydormu,,stat MeleeCrit: 0 -> 28,,modules/mod-individual-progression/data/sql/world/base/tbc_item_changes.sql,sold by Tydormu (23381) in unknown zone
30994,Lightbringer Leggings,module,146,146,vendor: Tydormu,,stat MeleeCrit: 0 -> 34,,modules/mod-individual-progression/data/sql/world/base/tbc_item_changes.sql,sold by Tydormu (23381) in unknown zone
30995,Lightbringer Legguards,module,146,146,vendor: Tydormu,,stat Strength: 0 -> 54; stat Intellect: 31 -> 0; stat SpellPower: 46 -> 0,,modules/mod-individual-progression/data/sql/world/base/tbc_item_changes.sql,sold by Tydormu (23381) in unknown zone
30996,Lightbringer Pauldrons,module,146,146,vendor: Tydormu,,stat MeleeCrit: 0 -> 18,,modules/mod-individual-progression/data/sql/world/base/tbc_item_changes.sql,sold by Tydormu (23381) in unknown zone
30998,Lightbringer Shoulderguards,module,146,146,vendor: Tydormu,,stat Strength: 0 -> 35; stat Intellect: 24 -> 0; stat SpellPower: 27 -> 0,,modules/mod-individual-progression/data/sql/world/base/tbc_item_changes.sql,sold by Tydormu (23381) in unknown zone
31008,Skyshatter Gauntlets,module,146,146,vendor: Tydormu,,stat MeleeHit: 0 -> 19; stat MeleeCrit: 0 -> 26,,modules/mod-individual-progression/data/sql/world/base/tbc_item_changes.sql,sold by Tydormu (23381) in unknown zone
31011,Skyshatter Grips,module,146,146,vendor: Tydormu,,stat Strength: 39 -> 0; stat AttackPower: 0 -> 78; stat RangedAttackPower: 0 -> 78,,modules/mod-individual-progression/data/sql/world/base/tbc_item_changes.sql,sold by Tydormu (23381) in unknown zone
31014,Skyshatter Headguard,module,146,146,vendor: Tydormu,,stat MeleeCrit: 0 -> 36,,modules/mod-individual-progression/data/sql/world/base/tbc_item_changes.sql,sold by Tydormu (23381) in unknown zone
31015,Skyshatter Cover,module,146,146,vendor: Tydormu,,stat Strength: 53 -> 0; stat AttackPower: 0 -> 106; stat RangedAttackPower: 0 -> 106,,modules/mod-individual-progression/data/sql/world/base/tbc_item_changes.sql,sold by Tydormu (23381) in unknown zone
31017,Skyshatter Breastplate,module,146,146,vendor: Tydormu,,stat MeleeHit: 0 -> 17; stat MeleeCrit: 0 -> 27,,modules/mod-individual-progression/data/sql/world/base/tbc_item_changes.sql,sold by Tydormu (23381) in unknown zone
31018,Skyshatter Tunic,module,146,146,vendor: Tydormu,,stat Strength: 46 -> 0; stat AttackPower: 0 -> 92; stat RangedAttackPower: 0 -> 92,,modules/mod-individual-progression/data/sql/world/base/tbc_item_changes.sql,sold by Tydormu (23381) in unknown zone
31020,Skyshatter Legguards,module,146,146,vendor: Tydormu,,stat MeleeHit: 0 -> 20; stat MeleeCrit: 0 -> 29,,modules/mod-individual-progression/data/sql/world/base/tbc_item_changes.sql,sold by Tydormu (23381) in unknown zone
31021,Skyshatter Pants,module,146,146,vendor: Tydormu,,stat Strength: 46 -> 0; stat AttackPower: 0 -> 92; stat RangedAttackPower: 0 -> 92,,modules/mod-individual-progression/data/sql/world/base/tbc_item_changes.sql,sold by Tydormu (23381) in unknown zone
31023,Skyshatter Mantle,module,146,146,vendor: Tydormu,,stat MeleeHit: 0 -> 11; stat MeleeCrit: 0 -> 27,,modules/mod-individual-progression/data/sql/world/base/tbc_item_changes.sql,sold by Tydormu (23381) in unknown zone
31024,Skyshatter Pauldrons,module,146,146,vendor: Tydormu,,stat Strength: 34 -> 0; stat AttackPower: 0 -> 68; stat RangedAttackPower: 0 -> 68,,modules/mod-individual-progression/data/sql/world/base/tbc_item_changes.sql,sold by Tydormu (23381) in unknown zone
31034,Thunderheart Gauntlets,module,146,146,vendor: Tydormu,,stat Stamina: 34 -> 48; stat Armor: 539 -> 287,,modules/mod-individual-progression/data/sql/world/base/tbc_item_changes.sql,sold by Tydormu (23381) in unknown zone
31035,Thunderheart Handguards,module,146,146,vendor: Tydormu,,stat MeleeHit: 0 -> 12; stat MeleeCrit: 0 -> 21,,modules/mod-individual-progression/data/sql/world/base/tbc_item_changes.sql,sold by Tydormu (23381) in unknown zone
31039,Thunderheart Cover,module,146,146,vendor: Tydormu,,stat Agility: 39 -> 47; stat Armor: 611 -> 373,,modules/mod-individual-progression/data/sql/world/base/tbc_item_changes.sql,sold by Tydormu (23381) in unknown zone
31040,Thunderheart Headguard,module,146,146,vendor: Tydormu,,stat MeleeHit: 0 -> 13; stat MeleeCrit: 0 -> 29,,modules/mod-individual-progression/data/sql/world/base/tbc_item_changes.sql,sold by Tydormu (23381) in unknown zone
31042,Thunderheart Chestguard,module,146,146,vendor: Tydormu,,stat Agility: 36 -> 47; stat Armor: 781 -> 459,,modules/mod-individual-progression/data/sql/world/base/tbc_item_changes.sql,sold by Tydormu (23381) in unknown zone
31043,Thunderheart Vest,module,146,146,vendor: Tydormu,,stat MeleeHit: 0 -> 17; stat MeleeCrit: 0 -> 25,,modules/mod-individual-progression/data/sql/world/base/tbc_item_changes.sql,sold by Tydormu (23381) in unknown zone
31044,Thunderheart Leggings,module,146,146,vendor: Tydormu,,stat Agility: 41 -> 52; stat Armor: 737 -> 401,,modules/mod-individual-progression/data/sql/world/base/tbc_item_changes.sql,sold by Tydormu (23381) in unknown zone
31046,Thunderheart Pants,module,146,146,vendor: Tydormu,,stat MeleeHit: 0 -> 20; stat MeleeCrit: 0 -> 21,,modules/mod-individual-progression/data/sql/world/base/tbc_item_changes.sql,sold by Tydormu (23381) in unknown zone
31048,Thunderheart Pauldrons,module,146,146,vendor: Tydormu,,stat Agility: 36 -> 40; stat Armor: 484 -> 344,,modules/mod-individual-progression/data/sql/world/base/tbc_item_changes.sql,sold by Tydormu (23381) in unknown zone
31049,Thunderheart Shoulderpads,module,146,146,vendor: Tydormu,,stat MeleeHit: 0 -> 14; stat MeleeCrit: 0 -> 13,,modules/mod-individual-progression/data/sql/world/base/tbc_item_changes.sql,sold by Tydormu (23381) in unknown zone
31050,Gloves of the Malefic,module,146,146,vendor: Tydormu,,stat MeleeHit: 0 -> 11; stat MeleeCrit: 0 -> 19,,modules/mod-individual-progression/data/sql/world/base/tbc_item_changes.sql,sold by Tydormu (23381) in unknown zone
31051,Hood of the Malefic,module,146,146,vendor: Tydormu,,stat MeleeHit: 0 -> 16; stat MeleeCrit: 0 -> 32,,modules/mod-individual-progression/data/sql/world/base/tbc_item_changes.sql,sold by Tydormu (23381) in unknown zone
31052,Robe of the Malefic,module,146,146,vendor: Tydormu,,stat MeleeHit: 0 -> 28,,modules/mod-individual-progression/data/sql/world/base/tbc_item_changes.sql,sold by Tydormu (23381) in unknown zone
31053,Leggings of the Malefic,module,146,146,vendor: Tydormu,,stat MeleeHit: 0 -> 19; stat MeleeCrit: 0 -> 37,,modules/mod-individual-progression/data/sql/world/base/tbc_item_changes.sql,sold by Tydormu (23381) in unknown zone
31054,Mantle of the Malefic,module,146,146,vendor: Tydormu,,stat MeleeHit: 0 -> 21; stat MeleeCrit: 0 -> 13,,modules/mod-individual-progression/data/sql/world/base/tbc_item_changes.sql,sold by Tydormu (23381) in unknown zone
31055,Gloves of the Tempest,module,146,146,vendor: Tydormu,,stat MeleeHit: 0 -> 20; stat MeleeCrit: 0 -> 19,,modules/mod-individual-progression/data/sql/world/base/tbc_item_changes.sql,sold by Tydormu (23381) in unknown zone
31056,Cowl of the Tempest,module,146,146,vendor: Tydormu,,stat MeleeHit: 0 -> 13; stat MeleeCrit: 0 -> 29,,modules/mod-individual-progression/data/sql/world/base/tbc_item_changes.sql,sold by Tydormu (23381) in unknown zone
31057,Robes of the Tempest,module,146,146,vendor: Tydormu,,stat MeleeHit: 0 -> 13; stat MeleeCrit: 0 -> 23,,modules/mod-individual-progression/data/sql/world/base/tbc_item_changes.sql,sold by Tydormu (23381) in unknown zone
31058,Leggings of the Tempest,module,146,146,vendor: Tydormu,,stat MeleeHit: 0 -> 20; stat MeleeCrit: 0 -> 29,,modules/mod-individual-progression/data/sql/world/base/tbc_item_changes.sql,sold by Tydormu (23381) in unknown zone
31059,Mantle of the Tempest,module,146,146,vendor: Tydormu,,stat MeleeCrit: 0 -> 21,,modules/mod-individual-progression/data/sql/world/base/tbc_item_changes.sql,sold by Tydormu (23381) in unknown zone
31061,Handguards of Absolution,module,146,146,vendor: Tydormu,,stat MeleeHit: 0 -> 19,,modules/mod-individual-progression/data/sql/world/base/tbc_item_changes.sql,sold by Tydormu (23381) in unknown zone
31064,Hood of Absolution,module,146,146,vendor: Tydormu,,stat MeleeCrit: 0 -> 17,,modules/mod-individual-progression/data/sql/world/base/tbc_item_changes.sql,sold by Tydormu (23381) in unknown zone
31065,Shroud of Absolution,module,146,146,vendor: Tydormu,,stat MeleeHit: 0 -> 20; stat MeleeCrit: 0 -> 21,,modules/mod-individual-progression/data/sql/world/base/tbc_item_changes.sql,sold by Tydormu (23381) in unknown zone
31067,Leggings of Absolution,module,146,146,vendor: Tydormu,,stat MeleeCrit: 0 -> 28,,modules/mod-individual-progression/data/sql/world/base/tbc_item_changes.sql,sold by Tydormu (23381) in unknown zone
31070,Shoulderpads of Absolution,module,146,146,vendor: Tydormu,,stat MeleeHit: 0 -> 12; stat MeleeCrit: 0 -> 17,,modules/mod-individual-progression/data/sql/world/base/tbc_item_changes.sql,sold by Tydormu (23381) in unknown zone
32232,Eternium Shell Bracers,module,141,141,Black Temple,Normal,stat Strength: 0 -> 24; stat Defense: 24 -> 17; stat Dodge: 26 -> 18,,modules/mod-individual-progression/data/sql/world/base/tbc_item_changes.sql,drop Black Temple Normal (High Warlord Naj'entus)
32237,The Maelstrom's Fury,module,141,141,Black Temple,Normal,stat MeleeCrit: 0 -> 22,,modules/mod-individual-progression/data/sql/world/base/tbc_item_changes.sql,drop Black Temple Normal (High Warlord Naj'entus)
32238,Ring of Calming Waves,module,141,141,Black Temple,Normal,stat MeleeCrit: 0 -> 24,,modules/mod-individual-progression/data/sql/world/base/tbc_item_changes.sql,drop Black Temple Normal (High Warlord Naj'entus)
32239,Slippers of the Seacaller,module,141,141,Black Temple,Normal,stat MeleeCrit: 0 -> 29,,modules/mod-individual-progression/data/sql/world/base/tbc_item_changes.sql,drop Black Temple Normal (High Warlord Naj'entus)
32242,Boots of Oceanic Fury,module,141,141,Black Temple,Normal,stat MeleeCrit: 0 -> 26,,modules/mod-individual-progression/data/sql/world/base/tbc_item_changes.sql,drop Black Temple Normal (High Warlord Naj'entus)
32243,Pearl Inlaid Boots,module,141,141,Black Temple,Normal,stat MeleeCrit: 0 -> 28,,modules/mod-individual-progression/data/sql/world/base/tbc_item_changes.sql,drop Black Temple Normal (High Warlord Naj'entus)
32245,Tide-stomper's Greaves,module,141,141,Black Temple,Normal,stat Strength: 0 -> 26; stat SpellPower: 30 -> 0,,modules/mod-individual-progression/data/sql/world/base/tbc_item_changes.sql,drop Black Temple Normal (High Warlord Naj'entus)
32247,Ring of Captured Storms,module,141,141,Black Temple,Normal,stat MeleeHit: 0 -> 19; stat MeleeCrit: 0 -> 29,,modules/mod-individual-progression/data/sql/world/base/tbc_item_changes.sql,drop Black Temple Normal (High Warlord Naj'entus)
32250,Pauldrons of Abyssal Fury,module,141,141,Black Temple,Normal,stat Strength: 0 -> 24; stat Dodge: 36 -> 24,,modules/mod-individual-progression/data/sql/world/base/tbc_item_changes.sql,drop Black Temple Normal (Supremus)
32255,Felstone Bulwark,module,141,141,Black Temple,Normal,stat MeleeCrit: 0 -> 27,,modules/mod-individual-progression/data/sql/world/base/tbc_item_changes.sql,drop Black Temple Normal (Supremus)
32256,Waistwrap of Infinity,module,141,141,Black Temple,Normal,stat MeleeHaste: 0 -> 32,,modules/mod-individual-progression/data/sql/world/base/tbc_item_changes.sql,drop Black Temple Normal (Supremus)
32258,Naturalist's Preserving Cinch,module,141,141,Black Temple,Normal,stat MeleeHaste: 0 -> 37,,modules/mod-individual-progression/data/sql/world/base/tbc_item_changes.sql,drop Black Temple Normal (Supremus)
32259,Bands of the Coming Storm,module,141,141,Black Temple,Normal,stat MeleeCrit: 0 -> 21,,modules/mod-individual-progression/data/sql/world/base/tbc_item_changes.sql,drop Black Temple Normal (Supremus)
32263,Praetorian's Legguards,module,141,141,Black Temple,Normal,stat Strength: 0 -> 35; stat Dodge: 35 -> 28; stat Parry: 43 -> 29,,modules/mod-individual-progression/data/sql/world/base/tbc_item_changes.sql,drop Black Temple Normal (Shade of Akama)
32268,Myrmidon's Treads,module,141,141,Black Temple,Normal,stat Strength: 0 -> 18; stat Dodge: 26 -> 17,,modules/mod-individual-progression/data/sql/world/base/tbc_item_changes.sql,drop Black Temple Normal (Shade of Akama)
32270,Focused Mana Bindings,module,141,141,Black Temple,Normal,stat MeleeHit: 0 -> 19,,modules/mod-individual-progression/data/sql/world/base/tbc_item_changes.sql,drop Black Temple Normal (Shade of Akama)
32275,Spiritwalker Gauntlets,module,141,141,Black Temple,Normal,stat MeleeHaste: 0 -> 37,,modules/mod-individual-progression/data/sql/world/base/tbc_item_changes.sql,drop Black Temple Normal (Shade of Akama)
32276,Flashfire Girdle,module,141,141,Black Temple,Normal,stat MeleeCrit: 0 -> 18; stat MeleeHaste: 0 -> 37,,modules/mod-individual-progression/data/sql/world/base/tbc_item_changes.sql,drop Black Temple Normal (Shade of Akama)
32279,The Seeker's Wristguards,module,141,141,Black Temple,Normal,stat Strength: 0 -> 28; stat SpellPower: 22 -> 0; stat Block: 28 -> 19,,modules/mod-individual-progression/data/sql/world/base/tbc_item_changes.sql,drop Black Temple Normal (Shade of Akama)
32280,Gauntlets of Enforcement,module,141,141,Black Temple,Normal,stat Strength: 0 -> 22; stat Defense: 32 -> 21,,modules/mod-individual-progression/data/sql/world/base/tbc_item_changes.sql,drop Black Temple Normal (Teron Gorefiend)
32326,Twisted Blades of Zarak,module,141,141,Black Temple,Normal,weapon damage min: 101 -> 146; weapon damage max: 152 -> 219,,modules/mod-individual-progression/data/sql/world/base/tbc_item_changes.sql,drop Black Temple Normal (Teron Gorefiend)
32327,Robe of the Shadow Council,module,141,141,Black Temple,Normal,stat MeleeCrit: 0 -> 28,,modules/mod-individual-progression/data/sql/world/base/tbc_item_changes.sql,drop Black Temple Normal (Teron Gorefiend)
32328,Botanist's Gloves of Growth,module,141,141,Black Temple,Normal,stat MeleeHaste: 0 -> 37,,modules/mod-individual-progression/data/sql/world/base/tbc_item_changes.sql,drop Black Temple Normal (Teron Gorefiend)
32331,Cloak of the Illidari Council,module,141,141,Black Temple,Normal,stat MeleeCrit: 0 -> 25,,modules/mod-individual-progression/data/sql/world/base/tbc_item_changes.sql,drop Black Temple Normal (The Illidari Council)
32333,Girdle of Stability,module,141,141,Black Temple,Normal,stat Strength: 0 -> 24; stat BlockValue: 112 -> 75,,modules/mod-individual-progression/data/sql/world/base/tbc_item_changes.sql,drop Black Temple Normal (Gurtogg Bloodboil)
32338,Blood-cursed Shoulderpads,module,141,141,Black Temple,Normal,stat MeleeHit: 0 -> 18; stat MeleeCrit: 0 -> 25,,modules/mod-individual-progression/data/sql/world/base/tbc_item_changes.sql,drop Black Temple Normal (Gurtogg Bloodboil)
32339,Belt of Primal Majesty,module,141,141,Black Temple,Normal,stat MeleeHaste: 0 -> 37,,modules/mod-individual-progression/data/sql/world/base/tbc_item_changes.sql,drop Black Temple Normal (Gurtogg Bloodboil)
32342,Girdle of Mighty Resolve,module,141,141,Black Temple,Normal,stat Strength: 0 -> 26; stat SpellPower: 30 -> 0,,modules/mod-individual-progression/data/sql/world/base/tbc_item_changes.sql,drop Black Temple Normal (Gurtogg Bloodboil)
32343,Wand of Prismatic Focus,module,141,141,Black Temple,Normal,stat MeleeHit: 0 -> 13,,modules/mod-individual-progression/data/sql/world/base/tbc_item_changes.sql,drop Black Temple Normal (Gurtogg Bloodboil)
32349,Translucent Spellthread Necklace,module,141,141,Black Temple,Normal,stat MeleeHit: 0 -> 15; stat MeleeCrit: 0 -> 24,,modules/mod-individual-progression/data/sql/world/base/tbc_item_changes.sql,drop Black Temple Normal (Reliquary of the Lost)
32351,Elunite Empowered Bracers,module,141,141,Black Temple,Normal,stat MeleeHit: 0 -> 19,,modules/mod-individual-progression/data/sql/world/base/tbc_item_changes.sql,drop Black Temple Normal (Reliquary of the Lost)
32352,Naturewarden's Treads,module,141,141,Black Temple,Normal,stat MeleeCrit: 0 -> 26,,modules/mod-individual-progression/data/sql/world/base/tbc_item_changes.sql,drop Black Temple Normal (Reliquary of the Lost)
32354,Crown of Empowered Fate,module,141,141,Black Temple,Normal,stat MeleeCrit: 0 -> 42,,modules/mod-individual-progression/data/sql/world/base/tbc_item_changes.sql,drop Black Temple Normal (Reliquary of the Lost)
32361,Blind-Seers Icon,module,141,141,Black Temple,Normal,stat MeleeHit: 0 -> 24,,modules/mod-individual-progression/data/sql/world/base/tbc_item_changes.sql,drop Black Temple Normal (Shade of Akama)
32367,Leggings of Devastation,module,141,141,Black Temple,Normal,stat MeleeHit: 0 -> 26,,modules/mod-individual-progression/data/sql/world/base/tbc_item_changes.sql,drop Black Temple Normal (Mother Shahraz)
32370,Nadina's Pendant of Purity,module,141,141,Black Temple,Normal,stat MeleeCrit: 0 -> 19,,modules/mod-individual-progression/data/sql/world/base/tbc_item_changes.sql,drop Black Temple Normal (Mother Shahraz)
32374,"Zhar'doom, Greatstaff of the Devourer",module,151,151,Black Temple,Normal,stat MeleeCrit: 0 -> 36; stat MeleeHaste: 0 -> 55,,modules/mod-individual-progression/data/sql/world/base/tbc_item_changes.sql,drop Black Temple Normal (Illidan Stormrage)
32375,Bulwark of Azzinoth,module,151,151,Black Temple,Normal,stat Strength: 0 -> 29; stat Stamina: 60 -> 40; stat Defense: 29 -> 26,,modules/mod-individual-progression/data/sql/world/base/tbc_item_changes.sql,drop Black Temple Normal (Illidan Stormrage)
32419,Tom's Legs 3,unobtainable,145,145,no source,,stat Armor: 0 -> 1587,,,
32483,The Skull of Gul'dan,module,151,151,Black Temple,Normal,stat MeleeHit: 0 -> 25,,modules/mod-individual-progression/data/sql/world/base/tbc_item_changes.sql,drop Black Temple Normal (Illidan Stormrage)
32512,Girdle of Lordaeron's Fallen,module,141,141,Black Temple,Normal,stat MeleeHaste: 0 -> 38,,modules/mod-individual-progression/data/sql/world/base/tbc_item_changes.sql,drop Black Temple Normal (Teron Gorefiend)
32521,Faceplate of the Impenetrable,module,151,151,Black Temple,Normal,stat Strength: 0 -> 26; stat Dodge: 38 -> 25,,modules/mod-individual-progression/data/sql/world/base/tbc_item_changes.sql,drop Black Temple Normal (Illidan Stormrage)
32524,Shroud of the Highborne,module,151,151,Black Temple,Normal,stat MeleeHaste: 0 -> 32,,modules/mod-individual-progression/data/sql/world/base/tbc_item_changes.sql,drop Black Temple Normal (Illidan Stormrage)
32525,Cowl of the Illidari High Lord,module,151,151,Black Temple,Normal,stat MeleeHit: 0 -> 21; stat MeleeCrit: 0 -> 47,,modules/mod-individual-progression/data/sql/world/base/tbc_item_changes.sql,drop Black Temple Normal (Illidan Stormrage)
32527,Ring of Ancient Knowledge,module,151,151,Black Temple,Normal,stat MeleeHaste: 0 -> 31,,modules/mod-individual-progression/data/sql/world/base/tbc_item_changes.sql,drop Black Temple Normal (Trash)
32528,Blessed Band of Karabor,module,151,151,Black Temple,Normal,stat MeleeHaste: 0 -> 30,,modules/mod-individual-progression/data/sql/world/base/tbc_item_changes.sql,drop Black Temple Normal (Trash)
32571,Dawnsteel Bracers,module,141,141,other,,stat MeleeHaste: 0 -> 28,,modules/mod-individual-progression/data/sql/world/base/tbc_item_changes.sql,crafted Blacksmithing (spell 41134)
32573,Dawnsteel Shoulders,module,141,141,other,,stat MeleeHaste: 0 -> 38,,modules/mod-individual-progression/data/sql/world/base/tbc_item_changes.sql,crafted Blacksmithing (spell 41135)
32577,Living Earth Bindings,module,141,141,other,,stat MeleeHaste: 0 -> 28,,modules/mod-individual-progression/data/sql/world/base/tbc_item_changes.sql,crafted Leatherworking (spell 41163)
32579,Living Earth Shoulders,module,141,141,other,,stat MeleeHaste: 0 -> 37,,modules/mod-individual-progression/data/sql/world/base/tbc_item_changes.sql,crafted Leatherworking (spell 41164)
32582,Bracers of Renewed Life,module,141,141,other,,stat MeleeHaste: 0 -> 28,,modules/mod-individual-progression/data/sql/world/base/tbc_item_changes.sql,crafted Leatherworking (spell 41156)
32583,Shoulderpads of Renewed Life,module,141,141,other,,stat MeleeHaste: 0 -> 38,,modules/mod-individual-progression/data/sql/world/base/tbc_item_changes.sql,crafted Leatherworking (spell 41157)
32584,Swiftheal Wraps,module,141,141,other,,stat MeleeHaste: 0 -> 28,,modules/mod-individual-progression/data/sql/world/base/tbc_item_changes.sql,crafted Tailoring (spell 41207)
32585,Swiftheal Mantle,module,141,141,other,,stat MeleeHaste: 0 -> 27,,modules/mod-individual-progression/data/sql/world/base/tbc_item_changes.sql,crafted Tailoring (spell 41208)
32586,Bracers of Nimble Thought,module,141,141,other,,stat MeleeHaste: 0 -> 28,,modules/mod-individual-progression/data/sql/world/base/tbc_item_changes.sql,crafted Tailoring (spell 41205)
32587,Mantle of Nimble Thought,module,141,141,other,,stat MeleeHaste: 0 -> 38,,modules/mod-individual-progression/data/sql/world/base/tbc_item_changes.sql,crafted Tailoring (spell 41206)
32589,Hellfire-Encased Pendant,module,141,141,Hyjal Summit,Normal,stat SpellPower: 0 -> 42; stat MeleeCrit: 0 -> 24,,modules/mod-individual-progression/data/sql/world/base/tbc_item_changes.sql,drop Hyjal Summit Normal (Trash) | drop Black Temple Normal (Trash)
32590,Nethervoid Cloak,module,141,141,Hyjal Summit,Normal,stat SpellPower: 0 -> 43; stat MeleeHit: 0 -> 18,,modules/mod-individual-progression/data/sql/world/base/tbc_item_changes.sql,drop Hyjal Summit Normal (Trash) | drop Black Temple Normal (Trash)
32592,Chestguard of Relentless Storms,module,141,141,Hyjal Summit,Normal,stat MeleeCrit: 0 -> 46,,modules/mod-individual-progression/data/sql/world/base/tbc_item_changes.sql,drop Hyjal Summit Normal (Trash) | drop Black Temple Normal (Trash)
32593,Treads of the Den Mother,module,141,141,Black Temple,Normal,stat Agility: 32 -> 39; stat Armor: 516 -> 305,,modules/mod-individual-progression/data/sql/world/base/tbc_item_changes.sql,drop Black Temple Normal (Trash)
33497,Mana Attuned Band,module,141,141,Zul'Aman,Normal,stat MeleeHit: 0 -> 18; stat MeleeHaste: 0 -> 29,,modules/mod-individual-progression/data/sql/world/base/tbc_item_changes.sql,drop Zul'Aman Normal (Timed Chest) [Timed Reward Chest %d]
33498,Signet of the Quiet Forest,module,141,141,Zul'Aman,Normal,stat MeleeHaste: 0 -> 30,,modules/mod-individual-progression/data/sql/world/base/tbc_item_changes.sql,drop Zul'Aman Normal (Timed Chest) [Timed Reward Chest %d]
33664,Vengeful Gladiator's Chain Armor,classic,146,146,no source,,set name: Gladiator's Pursuit -> Vengeful Gladiator's Pursuit,,,
33665,Vengeful Gladiator's Chain Gauntlets,classic,146,146,no source,,set name: Gladiator's Pursuit -> Vengeful Gladiator's Pursuit,,,
33666,Vengeful Gladiator's Chain Helm,classic,146,146,no source,,set name: Gladiator's Pursuit -> Vengeful Gladiator's Pursuit,,,
33667,Vengeful Gladiator's Chain Leggings,classic,146,146,no source,,set name: Gladiator's Pursuit -> Vengeful Gladiator's Pursuit,,,
33668,Vengeful Gladiator's Chain Spaulders,classic,146,146,no source,,set name: Gladiator's Pursuit -> Vengeful Gladiator's Pursuit,,,
33671,Vengeful Gladiator's Dragonhide Gloves,module,146,146,no source,,set name: Gladiator's Sanctuary -> Vengeful Gladiator's Sanctuary,,modules/mod-individual-progression/data/sql/world/base/tbc_item_changes.sql,
33672,Vengeful Gladiator's Dragonhide Helm,classic,146,146,no source,,set name: Gladiator's Sanctuary -> Vengeful Gladiator's Sanctuary,,,
33673,Vengeful Gladiator's Dragonhide Legguards,classic,146,146,no source,,set name: Gladiator's Sanctuary -> Vengeful Gladiator's Sanctuary,,,
33674,Vengeful Gladiator's Dragonhide Spaulders,classic,146,146,no source,,set name: Gladiator's Sanctuary -> Vengeful Gladiator's Sanctuary,,,
33675,Vengeful Gladiator's Dragonhide Tunic,classic,146,146,no source,,set name: Gladiator's Sanctuary -> Vengeful Gladiator's Sanctuary,,,
33676,Vengeful Gladiator's Dreadweave Gloves,classic,146,146,no source,,set name: Gladiator's Dreadgear -> Vengeful Gladiator's Dreadgear,,,
33677,Vengeful Gladiator's Dreadweave Hood,classic,146,146,no source,,set name: Gladiator's Dreadgear -> Vengeful Gladiator's Dreadgear,,,
33678,Vengeful Gladiator's Dreadweave Leggings,classic,146,146,no source,,set name: Gladiator's Dreadgear -> Vengeful Gladiator's Dreadgear,,,
33679,Vengeful Gladiator's Dreadweave Mantle,module,146,146,no source,,stat SpellHit: 16 -> 0; set name: Gladiator's Dreadgear -> Vengeful Gladiator's Dreadgear,,modules/mod-individual-progression/data/sql/world/base/tbc_item_changes.sql,
33680,Vengeful Gladiator's Dreadweave Robe,classic,146,146,no source,,set name: Gladiator's Dreadgear -> Vengeful Gladiator's Dreadgear,,,
33682,Vengeful Gladiator's Felweave Amice,module,146,146,no source,,stat SpellCrit: 17 -> 0; set name: Gladiator's Felshroud -> Vengeful Gladiator's Felshroud,,modules/mod-individual-progression/data/sql/world/base/tbc_item_changes.sql,
33683,Vengeful Gladiator's Felweave Cowl,module,146,146,no source,,stat SpellCrit: 22 -> 0; set name: Gladiator's Felshroud -> Vengeful Gladiator's Felshroud,,modules/mod-individual-progression/data/sql/world/base/tbc_item_changes.sql,
33684,Vengeful Gladiator's Felweave Handguards,module,146,146,no source,,stat SpellCrit: 22 -> 0; set name: Gladiator's Felshroud -> Vengeful Gladiator's Felshroud,,modules/mod-individual-progression/data/sql/world/base/tbc_item_changes.sql,
33685,Vengeful Gladiator's Felweave Raiment,module,146,146,no source,,stat SpellCrit: 33 -> 0; set name: Gladiator's Felshroud -> Vengeful Gladiator's Felshroud,,modules/mod-individual-progression/data/sql/world/base/tbc_item_changes.sql,
33686,Vengeful Gladiator's Felweave Trousers,module,146,146,no source,,stat SpellCrit: 33 -> 0; set name: Gladiator's Felshroud -> Vengeful Gladiator's Felshroud,,modules/mod-individual-progression/data/sql/world/base/tbc_item_changes.sql,
33687,Vengeful Gladiator's Gavel,module,146,146,no source,,stat MeleeHit: 0 -> 17,,modules/mod-individual-progression/data/sql/world/base/tbc_item_changes.sql,
33690,Vengeful Gladiator's Kodohide Gloves,classic,146,146,no source,,set name: Gladiator's Refuge -> Vengeful Gladiator's Refuge,,,
33691,Vengeful Gladiator's Kodohide Helm,classic,146,146,no source,,set name: Gladiator's Refuge -> Vengeful Gladiator's Refuge,,,
33692,Vengeful Gladiator's Kodohide Legguards,classic,146,146,no source,,set name: Gladiator's Refuge -> Vengeful Gladiator's Refuge,,,
33693,Vengeful Gladiator's Kodohide Spaulders,classic,146,146,no source,,set name: Gladiator's Refuge -> Vengeful Gladiator's Refuge,,,
33694,Vengeful Gladiator's Kodohide Tunic,classic,146,146,no source,,set name: Gladiator's Refuge -> Vengeful Gladiator's Refuge,,,
33695,Vengeful Gladiator's Lamellar Chestpiece,module,146,146,no source,,stat SpellCrit: 38 -> 0; set name: Gladiator's Aegis -> Vengeful Gladiator's Aegis,,modules/mod-individual-progression/data/sql/world/base/tbc_item_changes.sql,
33696,Vengeful Gladiator's Lamellar Gauntlets,module,146,146,no source,,stat SpellCrit: 29 -> 0; set name: Gladiator's Aegis -> Vengeful Gladiator's Aegis,,modules/mod-individual-progression/data/sql/world/base/tbc_item_changes.sql,
33697,Vengeful Gladiator's Lamellar Helm,module,146,146,no source,,stat SpellCrit: 28 -> 0; set name: Gladiator's Aegis -> Vengeful Gladiator's Aegis,,modules/mod-individual-progression/data/sql/world/base/tbc_item_changes.sql,
33698,Vengeful Gladiator's Lamellar Legguards,module,146,146,no source,,stat SpellCrit: 39 -> 0; set name: Gladiator's Aegis -> Vengeful Gladiator's Aegis,,modules/mod-individual-progression/data/sql/world/base/tbc_item_changes.sql,
33699,Vengeful Gladiator's Lamellar Shoulders,module,146,146,no source,,stat SpellCrit: 28 -> 0; set name: Gladiator's Aegis -> Vengeful Gladiator's Aegis,,modules/mod-individual-progression/data/sql/world/base/tbc_item_changes.sql,
33700,Vengeful Gladiator's Leather Gloves,module,146,146,no source,,set name: Gladiator's Vestments -> Vengeful Gladiator's Vestments,,modules/mod-individual-progression/data/sql/world/base/tbc_item_changes.sql,
33701,Vengeful Gladiator's Leather Helm,classic,146,146,no source,,set name: Gladiator's Vestments -> Vengeful Gladiator's Vestments,,,
33702,Vengeful Gladiator's Leather Legguards,classic,146,146,no source,,set name: Gladiator's Vestments -> Vengeful Gladiator's Vestments,,,
33703,Vengeful Gladiator's Leather Spaulders,classic,146,146,no source,,set name: Gladiator's Vestments -> Vengeful Gladiator's Vestments,,,
33704,Vengeful Gladiator's Leather Tunic,classic,146,146,no source,,set name: Gladiator's Vestments -> Vengeful Gladiator's Vestments,,,
33706,Vengeful Gladiator's Linked Armor,module,146,146,no source,,stat Strength: 27 -> 0; stat AttackPower: 0 -> 54; stat RangedAttackPower: 0 -> 54; set name: Gladiator's Earthshaker -> Vengeful Gladiator's Earthshaker,,modules/mod-individual-progression/data/sql/world/base/tbc_item_changes.sql,
33707,Vengeful Gladiator's Linked Gauntlets,module,146,146,no source,,stat Strength: 33 -> 0; stat AttackPower: 0 -> 66; stat RangedAttackPower: 0 -> 66; set name: Gladiator's Earthshaker -> Vengeful Gladiator's Earthshaker,,modules/mod-individual-progression/data/sql/world/base/tbc_item_changes.sql,
33708,Vengeful Gladiator's Linked Helm,module,146,146,no source,,stat Strength: 34 -> 0; stat AttackPower: 0 -> 68; stat RangedAttackPower: 0 -> 68; set name: Gladiator's Earthshaker -> Vengeful Gladiator's Earthshaker,,modules/mod-individual-progression/data/sql/world/base/tbc_item_changes.sql,
33709,Vengeful Gladiator's Linked Leggings,module,146,146,no source,,stat Strength: 38 -> 0; stat AttackPower: 0 -> 76; stat RangedAttackPower: 0 -> 76; set name: Gladiator's Earthshaker -> Vengeful Gladiator's Earthshaker,,modules/mod-individual-progression/data/sql/world/base/tbc_item_changes.sql,
33710,Vengeful Gladiator's Linked Spaulders,module,146,146,no source,,stat Strength: 25 -> 0; stat AttackPower: 0 -> 50; stat RangedAttackPower: 0 -> 50; set name: Gladiator's Earthshaker -> Vengeful Gladiator's Earthshaker,,modules/mod-individual-progression/data/sql/world/base/tbc_item_changes.sql,
33711,Vengeful Gladiator's Mail Armor,module,146,146,no source,,stat SpellCrit: 29 -> 0; set name: Gladiator's Thunderfist -> Vengeful Gladiator's Thunderfist,,modules/mod-individual-progression/data/sql/world/base/tbc_item_changes.sql,
33712,Vengeful Gladiator's Mail Gauntlets,module,146,146,no source,,stat SpellCrit: 28 -> 0; set name: Gladiator's Thunderfist -> Vengeful Gladiator's Thunderfist,,modules/mod-individual-progression/data/sql/world/base/tbc_item_changes.sql,
33713,Vengeful Gladiator's Mail Helm,module,146,146,no source,,stat SpellCrit: 26 -> 0; set name: Gladiator's Thunderfist -> Vengeful Gladiator's Thunderfist,,modules/mod-individual-progression/data/sql/world/base/tbc_item_changes.sql,
33714,Vengeful Gladiator's Mail Leggings,module,146,146,no source,,stat SpellCrit: 29 -> 0; set name: Gladiator's Thunderfist -> Vengeful Gladiator's Thunderfist,,modules/mod-individual-progression/data/sql/world/base/tbc_item_changes.sql,
33715,Vengeful Gladiator's Mail Spaulders,module,146,146,no source,,stat SpellCrit: 22 -> 0; set name: Gladiator's Thunderfist -> Vengeful Gladiator's Thunderfist,,modules/mod-individual-progression/data/sql/world/base/tbc_item_changes.sql,
33716,Vengeful Gladiator's Staff,module,146,146,no source,,stat Strength: 46 -> 0; stat AttackPower: 1110 -> 92; stat RangedAttackPower: 0 -> 92; weapon damage min: 90.4 -> 214; weapon damage max: 198.4 -> 322,,modules/mod-individual-progression/data/sql/world/base/tbc_item_changes.sql,
33717,Vengeful Gladiator's Mooncloth Gloves,classic,146,146,no source,,set name: Gladiator's Investiture -> Vengeful Gladiator's Investiture,,,
33718,Vengeful Gladiator's Mooncloth Hood,classic,146,146,no source,,set name: Gladiator's Investiture -> Vengeful Gladiator's Investiture,,,
33719,Vengeful Gladiator's Mooncloth Leggings,classic,146,146,no source,,set name: Gladiator's Investiture -> Vengeful Gladiator's Investiture,,,
33720,Vengeful Gladiator's Mooncloth Mantle,classic,146,146,no source,,set name: Gladiator's Investiture -> Vengeful Gladiator's Investiture,,,
33721,Vengeful Gladiator's Mooncloth Robe,classic,146,146,no source,,set name: Gladiator's Investiture -> Vengeful Gladiator's Investiture,,,
33722,Vengeful Gladiator's Ornamented Chestguard,module,146,146,no source,,stat SpellCrit: 36 -> 0; set name: Gladiator's Redemption -> Vengeful Gladiator's Redemption,,modules/mod-individual-progression/data/sql/world/base/tbc_item_changes.sql,
33723,Vengeful Gladiator's Ornamented Gloves,module,146,146,no source,,stat SpellCrit: 28 -> 0; set name: Gladiator's Redemption -> Vengeful Gladiator's Redemption,,modules/mod-individual-progression/data/sql/world/base/tbc_item_changes.sql,
33724,Vengeful Gladiator's Ornamented Headcover,module,146,146,no source,,stat SpellCrit: 26 -> 0; set name: Gladiator's Redemption -> Vengeful Gladiator's Redemption,,modules/mod-individual-progression/data/sql/world/base/tbc_item_changes.sql,
33725,Vengeful Gladiator's Ornamented Legplates,module,146,146,no source,,stat SpellCrit: 40 -> 0; set name: Gladiator's Redemption -> Vengeful Gladiator's Redemption,,modules/mod-individual-progression/data/sql/world/base/tbc_item_changes.sql,
33726,Vengeful Gladiator's Ornamented Spaulders,module,146,146,no source,,stat SpellCrit: 28 -> 0; set name: Gladiator's Redemption -> Vengeful Gladiator's Redemption,,modules/mod-individual-progression/data/sql/world/base/tbc_item_changes.sql,
33728,Vengeful Gladiator's Plate Chestpiece,classic,146,146,no source,,set name: Gladiator's Battlegear -> Vengeful Gladiator's Battlegear,,,
33729,Vengeful Gladiator's Plate Gauntlets,classic,146,146,no source,,set name: Gladiator's Battlegear -> Vengeful Gladiator's Battlegear,,,
33730,Vengeful Gladiator's Plate Helm,classic,146,146,no source,,set name: Gladiator's Battlegear -> Vengeful Gladiator's Battlegear,,,
33731,Vengeful Gladiator's Plate Legguards,classic,146,146,no source,,set name: Gladiator's Battlegear -> Vengeful Gladiator's Battlegear,,,
33732,Vengeful Gladiator's Plate Shoulders,classic,146,146,no source,,set name: Gladiator's Battlegear -> Vengeful Gladiator's Battlegear,,,
33738,Vengeful Gladiator's Ringmail Armor,module,146,146,no source,,stat SpellCrit: 30 -> 0; set name: Gladiator's Wartide -> Vengeful Gladiator's Wartide,,modules/mod-individual-progression/data/sql/world/base/tbc_item_changes.sql,
33739,Vengeful Gladiator's Ringmail Gauntlets,module,146,146,no source,,stat SpellCrit: 25 -> 0; set name: Gladiator's Wartide -> Vengeful Gladiator's Wartide,,modules/mod-individual-progression/data/sql/world/base/tbc_item_changes.sql,
33740,Vengeful Gladiator's Ringmail Helm,module,146,146,no source,,stat SpellCrit: 25 -> 0; set name: Gladiator's Wartide -> Vengeful Gladiator's Wartide,,modules/mod-individual-progression/data/sql/world/base/tbc_item_changes.sql,
33741,Vengeful Gladiator's Ringmail Leggings,module,146,146,no source,,stat SpellCrit: 29 -> 0; set name: Gladiator's Wartide -> Vengeful Gladiator's Wartide,,modules/mod-individual-progression/data/sql/world/base/tbc_item_changes.sql,
33742,Vengeful Gladiator's Ringmail Spaulders,module,146,146,no source,,stat SpellCrit: 20 -> 0; set name: Gladiator's Wartide -> Vengeful Gladiator's Wartide,,modules/mod-individual-progression/data/sql/world/base/tbc_item_changes.sql,
33744,Vengeful Gladiator's Satin Gloves,classic,146,146,no source,,set name: Gladiator's Raiment -> Vengeful Gladiator's Raiment,,,
33745,Vengeful Gladiator's Satin Hood,classic,146,146,no source,,set name: Gladiator's Raiment -> Vengeful Gladiator's Raiment,,,
33746,Vengeful Gladiator's Satin Leggings,classic,146,146,no source,,set name: Gladiator's Raiment -> Vengeful Gladiator's Raiment,,,
33747,Vengeful Gladiator's Satin Mantle,classic,146,146,no source,,set name: Gladiator's Raiment -> Vengeful Gladiator's Raiment,,,
33748,Vengeful Gladiator's Satin Robe,classic,146,146,no source,,set name: Gladiator's Raiment -> Vengeful Gladiator's Raiment,,,
33749,Vengeful Gladiator's Scaled Chestpiece,classic,146,146,no source,,set name: Gladiator's Vindication -> Vengeful Gladiator's Vindication,,,
33750,Vengeful Gladiator's Scaled Gauntlets,classic,146,146,no source,,set name: Gladiator's Vindication -> Vengeful Gladiator's Vindication,,,
33751,Vengeful Gladiator's Scaled Helm,classic,146,146,no source,,set name: Gladiator's Vindication -> Vengeful Gladiator's Vindication,,,
33752,Vengeful Gladiator's Scaled Legguards,classic,146,146,no source,,set name: Gladiator's Vindication -> Vengeful Gladiator's Vindication,,,
33753,Vengeful Gladiator's Scaled Shoulders,classic,146,146,no source,,set name: Gladiator's Vindication -> Vengeful Gladiator's Vindication,,,
33757,Vengeful Gladiator's Silk Amice,module,146,146,no source,,stat SpellCrit: 17 -> 0; set name: Gladiator's Regalia -> Vengeful Gladiator's Regalia,,modules/mod-individual-progression/data/sql/world/base/tbc_item_changes.sql,
33758,Vengeful Gladiator's Silk Cowl,module,146,146,no source,,stat SpellCrit: 24 -> 0; set name: Gladiator's Regalia -> Vengeful Gladiator's Regalia,,modules/mod-individual-progression/data/sql/world/base/tbc_item_changes.sql,
33759,Vengeful Gladiator's Silk Handguards,module,146,146,no source,,stat SpellCrit: 22 -> 0; set name: Gladiator's Regalia -> Vengeful Gladiator's Regalia,,modules/mod-individual-progression/data/sql/world/base/tbc_item_changes.sql,
33760,Vengeful Gladiator's Silk Raiment,module,146,146,no source,,stat SpellCrit: 33 -> 0; set name: Gladiator's Regalia -> Vengeful Gladiator's Regalia,,modules/mod-individual-progression/data/sql/world/base/tbc_item_changes.sql,
33761,Vengeful Gladiator's Silk Trousers,module,146,146,no source,,stat SpellCrit: 33 -> 0; set name: Gladiator's Regalia -> Vengeful Gladiator's Regalia,,modules/mod-individual-progression/data/sql/world/base/tbc_item_changes.sql,
33763,Vengeful Gladiator's Spellblade,module,146,146,no source,,stat MeleeHit: 0 -> 17,,modules/mod-individual-progression/data/sql/world/base/tbc_item_changes.sql,
33765,Vengeful Gladiator's War Edge,module,146,146,no source,,weapon damage min: 141 -> 203; weapon damage max: 212 -> 306,,modules/mod-individual-progression/data/sql/world/base/tbc_item_changes.sql,
33766,Vengeful Gladiator's War Staff,module,146,146,no source,,stat MeleeCrit: 0 -> 46,,modules/mod-individual-progression/data/sql/world/base/tbc_item_changes.sql,
33767,Vengeful Gladiator's Wyrmhide Gloves,module,146,146,no source,,stat SpellCrit: 12 -> 0; set name: Gladiator's Wildhide -> Vengeful Gladiator's Wildhide,,modules/mod-individual-progression/data/sql/world/base/tbc_item_changes.sql,
33768,Vengeful Gladiator's Wyrmhide Helm,module,146,146,no source,,stat SpellCrit: 17 -> 0; set name: Gladiator's Wildhide -> Vengeful Gladiator's Wildhide,,modules/mod-individual-progression/data/sql/world/base/tbc_item_changes.sql,
33769,Vengeful Gladiator's Wyrmhide Legguards,module,146,146,no source,,stat SpellCrit: 22 -> 0; set name: Gladiator's Wildhide -> Vengeful Gladiator's Wildhide,,modules/mod-individual-progression/data/sql/world/base/tbc_item_changes.sql,
33770,Vengeful Gladiator's Wyrmhide Spaulders,module,146,146,no source,,stat SpellCrit: 8 -> 0; set name: Gladiator's Wildhide -> Vengeful Gladiator's Wildhide,,modules/mod-individual-progression/data/sql/world/base/tbc_item_changes.sql,
33771,Vengeful Gladiator's Wyrmhide Tunic,module,146,146,no source,,stat SpellCrit: 13 -> 0; set name: Gladiator's Wildhide -> Vengeful Gladiator's Wildhide,,modules/mod-individual-progression/data/sql/world/base/tbc_item_changes.sql,
33811,Vindicator's Plate Belt,classic,146,146,no source,,class allowlist: Paladin+Warrior -> Deathknight+Paladin+Warrior,,,
33812,Vindicator's Plate Greaves,classic,146,146,no source,,class allowlist: Paladin+Warrior -> Deathknight+Paladin+Warrior,,,
33813,Vindicator's Plate Bracers,classic,141,141,no source,,class allowlist: Paladin+Warrior -> Deathknight+Paladin+Warrior,,,
33876,Vindicator's Chain Bracers,classic,141,141,no source,,class allowlist: Deathknight+Hunter+Shaman -> Hunter+Shaman,,,
33888,Vindicator's Lamellar Belt,module,146,146,no source,,stat MeleeCrit: 0 -> 30,,modules/mod-individual-progression/data/sql/world/base/tbc_item_changes.sql,
33889,Vindicator's Lamellar Bracers,module,141,141,no source,,stat MeleeCrit: 0 -> 20,,modules/mod-individual-progression/data/sql/world/base/tbc_item_changes.sql,
33890,Vindicator's Lamellar Greaves,module,146,146,no source,,stat MeleeCrit: 0 -> 30,,modules/mod-individual-progression/data/sql/world/base/tbc_item_changes.sql,
33894,Vindicator's Linked Bracers,module,141,141,no source,,stat Strength: 25 -> 0; stat AttackPower: 0 -> 50; stat RangedAttackPower: 0 -> 50,,modules/mod-individual-progression/data/sql/world/base/tbc_item_changes.sql,
33895,Vindicator's Linked Girdle,module,146,146,no source,,stat Strength: 34 -> 0; stat AttackPower: 0 -> 68; stat RangedAttackPower: 0 -> 68,,modules/mod-individual-progression/data/sql/world/base/tbc_item_changes.sql,
33896,Vindicator's Linked Sabatons,module,146,146,no source,,stat Strength: 33 -> 0; stat AttackPower: 0 -> 66; stat RangedAttackPower: 0 -> 66,,modules/mod-individual-progression/data/sql/world/base/tbc_item_changes.sql,
33897,Vindicator's Mail Bracers,module,141,141,no source,,stat MeleeCrit: 0 -> 21,,modules/mod-individual-progression/data/sql/world/base/tbc_item_changes.sql,
33898,Vindicator's Mail Girdle,module,146,146,no source,,stat MeleeCrit: 0 -> 29,,modules/mod-individual-progression/data/sql/world/base/tbc_item_changes.sql,
33899,Vindicator's Mail Sabatons,module,146,146,no source,,stat MeleeCrit: 0 -> 29,,modules/mod-individual-progression/data/sql/world/base/tbc_item_changes.sql,
33903,Vindicator's Ornamented Belt,module,146,146,no source,,stat MeleeCrit: 0 -> 30,,modules/mod-individual-progression/data/sql/world/base/tbc_item_changes.sql,
33904,Vindicator's Ornamented Bracers,module,141,141,no source,,stat MeleeCrit: 0 -> 20,,modules/mod-individual-progression/data/sql/world/base/tbc_item_changes.sql,
33905,Vindicator's Ornamented Greaves,module,146,146,no source,,stat MeleeCrit: 0 -> 30,,modules/mod-individual-progression/data/sql/world/base/tbc_item_changes.sql,
33906,Vindicator's Ringmail Bracers,module,141,141,no source,,stat MeleeCrit: 0 -> 21,,modules/mod-individual-progression/data/sql/world/base/tbc_item_changes.sql,
33907,Vindicator's Ringmail Girdle,module,146,146,no source,,stat MeleeCrit: 0 -> 29,,modules/mod-individual-progression/data/sql/world/base/tbc_item_changes.sql,
33908,Vindicator's Ringmail Sabatons,module,146,146,no source,,stat MeleeCrit: 0 -> 29,,modules/mod-individual-progression/data/sql/world/base/tbc_item_changes.sql,
33912,Vindicator's Silk Belt,module,146,146,no source,,stat MeleeCrit: 0 -> 28,,modules/mod-individual-progression/data/sql/world/base/tbc_item_changes.sql,
33913,Vindicator's Silk Cuffs,module,141,141,no source,,stat MeleeCrit: 0 -> 15,,modules/mod-individual-progression/data/sql/world/base/tbc_item_changes.sql,
33914,Vindicator's Silk Footguards,module,146,146,no source,,stat MeleeCrit: 0 -> 28,,modules/mod-individual-progression/data/sql/world/base/tbc_item_changes.sql,
33920,Vindicator's Pendant of Conquest,module,141,141,no source,,stat MeleeCrit: 0 -> 21,,modules/mod-individual-progression/data/sql/world/base/tbc_item_changes.sql,
34009,Hammer of Judgement,module,141,141,Hyjal Summit,Normal,stat MeleeHit: 0 -> 22,,modules/mod-individual-progression/data/sql/world/base/tbc_item_changes.sql,drop Hyjal Summit Normal (Trash) | drop Black Temple Normal (Trash)
34014,Vengeful Gladiator's Waraxe,classic,146,146,no source,,class allowlist: Deathknight+Hunter -> Hunter,,,
34138,Enchanted White Wand,unobtainable,175,175,no source,,weapon damage min: 0 -> 186; weapon damage max: 0 -> 347; weapon speed: 0 -> 1.3,,,
34139,Enchanted Crimson Wand,unobtainable,175,175,no source,,weapon damage min: 0 -> 201; weapon damage max: 0 -> 374; weapon speed: 0 -> 1.4,,,
34144,Branch of Destruction,unobtainable,175,175,no source,,stat Intellect: 26 -> 0; stat SpellPower: 0 -> 30; weapon damage min: 0 -> 220; weapon damage max: 0 -> 409; weapon speed: 0 -> 1.4,,,
34145,Rod of Devastation,unobtainable,190,190,no source,,stat Intellect: 26 -> 0; stat SpellPower: 0 -> 30; weapon damage min: 0 -> 242; weapon damage max: 0 -> 450; weapon speed: 0 -> 1.4,,,
34147,Silverstave,unobtainable,175,175,no source,,stat Stamina: 24 -> 15; stat Intellect: 26 -> 11; stat SpellPower: 0 -> 30; weapon damage min: 0 -> 204; weapon damage max: 0 -> 380; weapon speed: 0 -> 1.3,,,
34148,Purified Silverstave,unobtainable,190,190,no source,,stat Stamina: 24 -> 15; stat Intellect: 26 -> 11; stat SpellPower: 0 -> 30; weapon damage min: 0 -> 224; weapon damage max: 0 -> 417; weapon speed: 0 -> 1.3,,,
34166,Band of Lucent Beams,module,154,154,Sunwell Plateau,Normal,stat MeleeHaste: 0 -> 22,,modules/mod-individual-progression/data/sql/world/base/tbc_item_changes.sql,drop Sunwell Plateau Normal (Kalecgos)
34167,Legplates of the Holy Juggernaut,module,159,159,Sunwell Plateau,Normal,stat MeleeCrit: 0 -> 37,,modules/mod-individual-progression/data/sql/world/base/tbc_item_changes.sql,drop Sunwell Plateau Normal (Kalecgos)
34169,Breeches of Natural Aggression,module,159,159,Sunwell Plateau,Normal,stat MeleeCrit: 0 -> 49,,modules/mod-individual-progression/data/sql/world/base/tbc_item_changes.sql,drop Sunwell Plateau Normal (Kalecgos)
34170,Pantaloons of Calming Strife,module,159,159,Sunwell Plateau,Normal,stat MeleeCrit: 0 -> 25,,modules/mod-individual-progression/data/sql/world/base/tbc_item_changes.sql,drop Sunwell Plateau Normal (Kalecgos)
34176,Reign of Misery,module,154,154,Sunwell Plateau,Normal,stat MeleeHaste: 0 -> 30,,modules/mod-individual-progression/data/sql/world/base/tbc_item_changes.sql,drop Sunwell Plateau Normal (Brutallus)
34179,Heart of the Pit,module,154,154,Sunwell Plateau,Normal,stat MeleeHaste: 0 -> 32,,modules/mod-individual-progression/data/sql/world/base/tbc_item_changes.sql,drop Sunwell Plateau Normal (Brutallus)
34181,Leggings of Calamity,module,159,159,Sunwell Plateau,Normal,stat MeleeCrit: 0 -> 33; stat MeleeHaste: 0 -> 32,,modules/mod-individual-progression/data/sql/world/base/tbc_item_changes.sql,drop Sunwell Plateau Normal (Brutallus)
34182,Grand Magister's Staff of Torrents,module,154,154,Sunwell Plateau,Normal,stat MeleeHit: 0 -> 50; stat MeleeCrit: 0 -> 49,,modules/mod-individual-progression/data/sql/world/base/tbc_item_changes.sql,drop Sunwell Plateau Normal (Felmyst)
34184,Brooch of the Highborne,module,154,154,Sunwell Plateau,Normal,stat MeleeHaste: 0 -> 20,,modules/mod-individual-progression/data/sql/world/base/tbc_item_changes.sql,drop Sunwell Plateau Normal (Felmyst)
34185,Sword Breaker's Bulwark,module,154,154,Sunwell Plateau,Normal,stat Strength: 0 -> 21; stat BlockValue: 271 -> 208,,modules/mod-individual-progression/data/sql/world/base/tbc_item_changes.sql,drop Sunwell Plateau Normal (Felmyst)
34186,Chain Links of the Tumultuous Storm,module,159,159,Sunwell Plateau,Normal,stat MeleeCrit: 0 -> 35; stat MeleeHaste: 0 -> 30,,modules/mod-individual-progression/data/sql/world/base/tbc_item_changes.sql,drop Sunwell Plateau Normal (Felmyst)
34192,Pauldrons of Perseverance,module,159,159,Sunwell Plateau,Normal,stat Strength: 0 -> 30; stat BlockValue: 135 -> 90,,modules/mod-individual-progression/data/sql/world/base/tbc_item_changes.sql,drop Sunwell Plateau Normal (Eredar Twins)
34193,Spaulders of the Thalassian Savior,module,159,159,Sunwell Plateau,Normal,stat MeleeCrit: 0 -> 22,,modules/mod-individual-progression/data/sql/world/base/tbc_item_changes.sql,drop Sunwell Plateau Normal (Eredar Twins)
34198,Stanchion of Primal Instinct,module,154,154,Sunwell Plateau,Normal,stat Strength: 47 -> 0; stat AttackPower: 1197 -> 94; stat RangedAttackPower: 0 -> 94; weapon damage min: 136.5 -> 336; weapon damage max: 305.5 -> 505,,modules/mod-individual-progression/data/sql/world/base/tbc_item_changes.sql,drop Sunwell Plateau Normal (Eredar Twins)
34202,Shawl of Wonderment,module,159,159,Sunwell Plateau,Normal,stat MeleeHaste: 0 -> 33,,modules/mod-individual-progression/data/sql/world/base/tbc_item_changes.sql,drop Sunwell Plateau Normal (Eredar Twins)
34204,Amulet of Unfettered Magics,module,154,154,Sunwell Plateau,Normal,stat MeleeHit: 0 -> 15; stat MeleeHaste: 0 -> 32,,modules/mod-individual-progression/data/sql/world/base/tbc_item_changes.sql,drop Sunwell Plateau Normal (Eredar Twins)
34206,Book of Highborne Hymns,module,154,154,Sunwell Plateau,Normal,stat MeleeHaste: 0 -> 22,,modules/mod-individual-progression/data/sql/world/base/tbc_item_changes.sql,drop Sunwell Plateau Normal (Eredar Twins)
34208,Equilibrium Epaulets,module,159,159,Sunwell Plateau,Normal,stat MeleeHaste: 0 -> 24,,modules/mod-individual-progression/data/sql/world/base/tbc_item_changes.sql,drop Sunwell Plateau Normal (Eredar Twins)
34209,Spaulders of Reclamation,module,159,159,Sunwell Plateau,Normal,stat MeleeHaste: 0 -> 30,,modules/mod-individual-progression/data/sql/world/base/tbc_item_changes.sql,drop Sunwell Plateau Normal (Eredar Twins)
34210,Amice of the Convoker,module,159,159,Sunwell Plateau,Normal,stat MeleeCrit: 0 -> 22; stat MeleeHaste: 0 -> 30,,modules/mod-individual-progression/data/sql/world/base/tbc_item_changes.sql,drop Sunwell Plateau Normal (Eredar Twins)
34211,Harness of Carnal Instinct,module,159,159,Sunwell Plateau,Normal,stat Agility: 44 -> 75; stat Armor: 807 -> 499,,modules/mod-individual-progression/data/sql/world/base/tbc_item_changes.sql,drop Sunwell Plateau Normal (M'uru)
34212,Sunglow Vest,module,159,159,Sunwell Plateau,Normal,stat MeleeHaste: 0 -> 33,,modules/mod-individual-progression/data/sql/world/base/tbc_item_changes.sql,drop Sunwell Plateau Normal (M'uru)
34216,Heroic Judicator's Chestguard,module,159,159,Sunwell Plateau,Normal,stat Strength: 0 -> 61; stat Intellect: 22 -> 0; stat SpellPower: 60 -> 0,,modules/mod-individual-progression/data/sql/world/base/tbc_item_changes.sql,drop Sunwell Plateau Normal (M'uru)
34229,Garments of Serene Shores,module,159,159,Sunwell Plateau,Normal,stat MeleeCrit: 0 -> 25,,modules/mod-individual-progression/data/sql/world/base/tbc_item_changes.sql,drop Sunwell Plateau Normal (M'uru)
34230,Ring of Omnipotence,module,154,154,Sunwell Plateau,Normal,stat MeleeCrit: 0 -> 22; stat MeleeHaste: 0 -> 31,,modules/mod-individual-progression/data/sql/world/base/tbc_item_changes.sql,drop Sunwell Plateau Normal (M'uru)
34232,Fel Conquerer Raiments,module,159,159,Sunwell Plateau,Normal,stat MeleeCrit: 0 -> 24; stat MeleeHaste: 0 -> 33,,modules/mod-individual-progression/data/sql/world/base/tbc_item_changes.sql,drop Sunwell Plateau Normal (M'uru)
34233,Robes of Faltered Light,module,154,154,Sunwell Plateau,Normal,stat MeleeHaste: 0 -> 32,,modules/mod-individual-progression/data/sql/world/base/tbc_item_changes.sql,drop Sunwell Plateau Normal (M'uru)
34240,Gauntlets of the Soothed Soul,module,159,159,Sunwell Plateau,Normal,stat MeleeHaste: 0 -> 30,,modules/mod-individual-progression/data/sql/world/base/tbc_item_changes.sql,drop Sunwell Plateau Normal (M'uru)
34242,Tattered Cape of Antonidas,module,164,164,Sunwell Plateau,Normal,stat MeleeHaste: 0 -> 32,,modules/mod-individual-progression/data/sql/world/base/tbc_item_changes.sql,drop Sunwell Plateau Normal (Kil'jaeden)
34243,Helm of Burning Righteousness,module,164,164,Sunwell Plateau,Normal,stat MeleeCrit: 0 -> 34,,modules/mod-individual-progression/data/sql/world/base/tbc_item_changes.sql,drop Sunwell Plateau Normal (Kil'jaeden)
34332,Cowl of Gul'dan,module,164,164,Sunwell Plateau,Normal,stat MeleeCrit: 0 -> 36; stat MeleeHaste: 0 -> 32,,modules/mod-individual-progression/data/sql/world/base/tbc_item_changes.sql,drop Sunwell Plateau Normal (Kil'jaeden)
34335,Hammer of Sanctification,module,164,164,Sunwell Plateau,Normal,stat MeleeHaste: 0 -> 23,,modules/mod-individual-progression/data/sql/world/base/tbc_item_changes.sql,drop Sunwell Plateau Normal (Kil'jaeden)
34336,Sunflare,module,164,164,Sunwell Plateau,Normal,stat MeleeCrit: 0 -> 30; stat MeleeHaste: 0 -> 23,,modules/mod-individual-progression/data/sql/world/base/tbc_item_changes.sql,drop Sunwell Plateau Normal (Kil'jaeden)
34337,Golden Staff of the Sin'dorei,module,164,164,Sunwell Plateau,Normal,stat MeleeHaste: 0 -> 32,,modules/mod-individual-progression/data/sql/world/base/tbc_item_changes.sql,drop Sunwell Plateau Normal (Kil'jaeden)
34339,Cowl of Light's Purity,module,164,164,Sunwell Plateau,Normal,stat MeleeHaste: 0 -> 30,,modules/mod-individual-progression/data/sql/world/base/tbc_item_changes.sql,drop Sunwell Plateau Normal (Kil'jaeden)
34340,Dark Conjuror's Collar,module,164,164,Sunwell Plateau,Normal,stat MeleeCrit: 0 -> 38; stat MeleeHaste: 0 -> 30,,modules/mod-individual-progression/data/sql/world/base/tbc_item_changes.sql,drop Sunwell Plateau Normal (Kil'jaeden)
34342,Handguards of the Dawn,module,164,164,Sunwell Plateau,Normal,stat MeleeHaste: 0 -> 27,,modules/mod-individual-progression/data/sql/world/base/tbc_item_changes.sql,drop Sunwell Plateau Normal (Kil'jaeden)
34344,Handguards of Defiled Worlds,module,164,164,Sunwell Plateau,Normal,stat MeleeHit: 0 -> 27; stat MeleeHaste: 0 -> 36,,modules/mod-individual-progression/data/sql/world/base/tbc_item_changes.sql,drop Sunwell Plateau Normal (Kil'jaeden)
34347,Wand of the Demonsoul,module,154,154,Sunwell Plateau,Normal,stat MeleeHaste: 0 -> 18,,modules/mod-individual-progression/data/sql/world/base/tbc_item_changes.sql,drop Sunwell Plateau Normal (Trash)
34348,Wand of Cleansing Light,module,154,154,Sunwell Plateau,Normal,stat MeleeHaste: 0 -> 8,,modules/mod-individual-progression/data/sql/world/base/tbc_item_changes.sql,drop Sunwell Plateau Normal (Trash)
34349,Blade of Life's Inevitability,module,154,154,Sunwell Plateau,Normal,weapon damage min: 155 -> 224; weapon damage max: 233 -> 337,,modules/mod-individual-progression/data/sql/world/base/tbc_item_changes.sql,drop Sunwell Plateau Normal (Trash)
34350,Gauntlets of the Ancient Shadowmoon,module,154,154,Sunwell Plateau,Normal,stat MeleeCrit: 0 -> 28; stat MeleeHaste: 0 -> 24,,modules/mod-individual-progression/data/sql/world/base/tbc_item_changes.sql,drop Sunwell Plateau Normal (Trash)
34352,Borderland Fortress Grips,module,156,156,Sunwell Plateau,Normal,stat Strength: 0 -> 29; stat Dodge: 36 -> 24; stat Parry: 29 -> 24,,modules/mod-individual-progression/data/sql/world/base/tbc_item_changes.sql,drop Sunwell Plateau Normal (Felmyst)
34353,Quad Deathblow X44 Goggles,module,159,159,other,,class allowlist:  -> Druid+Rogue,,modules/mod-individual-progression/data/sql/world/base/tbc_item_changes.sql,crafted Engineering (spell 46116)
34355,Lightning Etched Specs,module,159,159,other,,stat MeleeHit: 0 -> 25; stat MeleeCrit: 0 -> 53; class allowlist:  -> Shaman,,modules/mod-individual-progression/data/sql/world/base/tbc_item_changes.sql,crafted Engineering (spell 46112)
34357,Hard Khorium Goggles,module,159,159,other,,stat Strength: 0 -> 34; stat Defense: 51 -> 34,,modules/mod-individual-progression/data/sql/world/base/tbc_item_changes.sql,crafted Engineering (spell 46115)
34359,Pendant of Sunfire,module,159,159,other,,stat MeleeCrit: 0 -> 25; stat MeleeHaste: 0 -> 25,,modules/mod-individual-progression/data/sql/world/base/tbc_item_changes.sql,crafted Jewelcrafting (spell 46125)
34360,Amulet of Flowing Life,module,159,159,other,,stat MeleeHaste: 0 -> 25,,modules/mod-individual-progression/data/sql/world/base/tbc_item_changes.sql,crafted Jewelcrafting (spell 46126)
34362,Loop of Forged Power,module,159,159,other,,stat MeleeHit: 0 -> 19; stat MeleeHaste: 0 -> 30,,modules/mod-individual-progression/data/sql/world/base/tbc_item_changes.sql,crafted Jewelcrafting (spell 46122)
34363,Ring of Flowing Life,module,159,159,other,,stat MeleeHaste: 0 -> 30,,modules/mod-individual-progression/data/sql/world/base/tbc_item_changes.sql,crafted Jewelcrafting (spell 46123)
34364,Sunfire Robe,module,159,159,other,,stat MeleeCrit: 0 -> 40; stat MeleeHaste: 0 -> 40,,modules/mod-individual-progression/data/sql/world/base/tbc_item_changes.sql,crafted Tailoring (spell 46130)
34365,Robe of Eternal Light,module,159,159,other,,stat MeleeHaste: 0 -> 40,,modules/mod-individual-progression/data/sql/world/base/tbc_item_changes.sql,crafted Tailoring (spell 46131)
34366,Sunfire Handwraps,module,159,159,other,,stat MeleeCrit: 0 -> 37,,modules/mod-individual-progression/data/sql/world/base/tbc_item_changes.sql,crafted Tailoring (spell 46128)
34372,Leather Gauntlets of the Sun,module,159,159,other,,stat MeleeHaste: 0 -> 38,,modules/mod-individual-progression/data/sql/world/base/tbc_item_changes.sql,crafted Leatherworking (spell 46132)
34375,Sun-Drenched Scale Chestguard,module,159,159,other,,stat MeleeHaste: 0 -> 40,,modules/mod-individual-progression/data/sql/world/base/tbc_item_changes.sql,crafted Leatherworking (spell 46139)
34376,Sun-Drenched Scale Gloves,module,159,159,other,,stat MeleeHaste: 0 -> 32,,modules/mod-individual-progression/data/sql/world/base/tbc_item_changes.sql,crafted Leatherworking (spell 46135)
34379,Sunblessed Breastplate,module,159,159,other,,stat MeleeCrit: 0 -> 34,,modules/mod-individual-progression/data/sql/world/base/tbc_item_changes.sql,crafted Blacksmithing (spell 46142)
34380,Sunblessed Gauntlets,module,159,159,other,,stat MeleeCrit: 0 -> 36,,modules/mod-individual-progression/data/sql/world/base/tbc_item_changes.sql,crafted Blacksmithing (spell 46140)
34381,Felstrength Legplates,module,159,159,vendor: Yrma,,stat Strength: 0 -> 40; stat Expertise: 40 -> 34; stat Dodge: 50 -> 33,,modules/mod-individual-progression/data/sql/world/base/tbc_item_changes.sql,sold by Yrma (25977) in zone 4080
34382,Judicator's Legguards,module,159,159,vendor: Yrma,,stat Strength: 0 -> 50; stat Intellect: 22 -> 0; stat SpellPower: 47 -> 0,,modules/mod-individual-progression/data/sql/world/base/tbc_item_changes.sql,sold by Yrma (25977) in zone 4080
34383,Kilt of Spiritual Reconstruction,module,159,159,vendor: Yrma,,stat MeleeHaste: 0 -> 30,,modules/mod-individual-progression/data/sql/world/base/tbc_item_changes.sql,sold by Yrma (25977) in zone 4080
34385,Leggings of the Immortal Beast,module,159,159,vendor: Yrma,,stat Strength: 44 -> 56; stat Armor: 800 -> 436,,modules/mod-individual-progression/data/sql/world/base/tbc_item_changes.sql,sold by Yrma (25977) in zone 4080
34386,Pantaloons of Growing Strife,module,159,159,vendor: Yrma,,stat MeleeHaste: 0 -> 42,,modules/mod-individual-progression/data/sql/world/base/tbc_item_changes.sql,sold by Yrma (25977) in zone 4080
34389,Spaulders of the Thalassian Defender,module,159,159,vendor: Yrma,,stat Strength: 0 -> 44; stat Intellect: 24 -> 0; stat SpellPower: 37 -> 0,,modules/mod-individual-progression/data/sql/world/base/tbc_item_changes.sql,sold by Yrma (25977) in zone 4080
34390,Erupting Epaulets,module,159,159,vendor: Yrma,,stat MeleeCrit: 0 -> 30; stat MeleeHaste: 0 -> 24,,modules/mod-individual-progression/data/sql/world/base/tbc_item_changes.sql,sold by Yrma (25977) in zone 4080
34391,Spaulders of Devastation,module,159,159,vendor: Yrma,,stat MeleeHaste: 0 -> 30,,modules/mod-individual-progression/data/sql/world/base/tbc_item_changes.sql,sold by Yrma (25977) in zone 4080
34392,Demontooth Shoulderpads,module,159,159,vendor: Yrma,,stat Strength: 38 -> 42; stat Armor: 514 -> 374,,modules/mod-individual-progression/data/sql/world/base/tbc_item_changes.sql,sold by Yrma (25977) in zone 4080
34393,Shoulderpads of Knowledge's Pursuit,module,159,159,vendor: Yrma,,stat MeleeCrit: 0 -> 26,,modules/mod-individual-progression/data/sql/world/base/tbc_item_changes.sql,sold by Yrma (25977) in zone 4080
34394,Breastplate of Agony's Aversion,module,159,159,vendor: Yrma,,stat Strength: 0 -> 40; stat SpellHaste: 40 -> 0; stat MeleeHaste: 40 -> 0,,modules/mod-individual-progression/data/sql/world/base/tbc_item_changes.sql,sold by Yrma (25977) in zone 4080
34395,Noble Judicator's Chestguard,module,159,159,vendor: Yrma,,stat MeleeHaste: 0 -> 34,,modules/mod-individual-progression/data/sql/world/base/tbc_item_changes.sql,sold by Yrma (25977) in zone 4080
34396,Garments of Crashing Shores,module,159,159,vendor: Yrma,,stat MeleeCrit: 0 -> 25; stat MeleeHaste: 0 -> 40,,modules/mod-individual-progression/data/sql/world/base/tbc_item_changes.sql,sold by Yrma (25977) in zone 4080
34398,Utopian Tunic of Elune,module,159,159,vendor: Yrma,,stat MeleeHaste: 0 -> 33,,modules/mod-individual-progression/data/sql/world/base/tbc_item_changes.sql,sold by Yrma (25977) in zone 4080
34399,Robes of Ghostly Hatred,module,159,159,vendor: Yrma,,stat MeleeCrit: 0 -> 26; stat MeleeHaste: 0 -> 27,,modules/mod-individual-progression/data/sql/world/base/tbc_item_changes.sql,sold by Yrma (25977) in zone 4080
34400,Crown of Dath'Remar,module,159,159,vendor: Yrma,,stat Strength: 0 -> 36; stat Dodge: 53 -> 35,,modules/mod-individual-progression/data/sql/world/base/tbc_item_changes.sql,sold by Yrma (25977) in zone 4080
34401,Helm of Uther's Resolve,module,159,159,vendor: Yrma,,stat Strength: 0 -> 42; stat Intellect: 20 -> 0; stat SpellPower: 39 -> 0,,modules/mod-individual-progression/data/sql/world/base/tbc_item_changes.sql,sold by Yrma (25977) in zone 4080
34402,Shroud of Chieftain Ner'zhul,module,159,159,vendor: Yrma,,stat MeleeHaste: 0 -> 33,,modules/mod-individual-progression/data/sql/world/base/tbc_item_changes.sql,sold by Yrma (25977) in zone 4080
34403,Cover of Ursoc the Mighty,module,159,159,vendor: Yrma,,stat MeleeCrit: 0 -> 37,,modules/mod-individual-progression/data/sql/world/base/tbc_item_changes.sql,sold by Yrma (25977) in zone 4080
34404,Mask of the Fury Hunter,module,159,159,vendor: Yrma,,stat SpellCrit: 30 -> 38; stat MeleeCrit: 30 -> 38; stat Armor: 643 -> 405,,modules/mod-individual-progression/data/sql/world/base/tbc_item_changes.sql,sold by Yrma (25977) in zone 4080
34405,Helm of Arcane Purity,module,164,164,vendor: Yrma,,stat MeleeCrit: 0 -> 30,,modules/mod-individual-progression/data/sql/world/base/tbc_item_changes.sql,sold by Yrma (25977) in zone 4080
34406,Gloves of Tyri's Power,module,164,164,vendor: Yrma,,stat MeleeHaste: 0 -> 36,,modules/mod-individual-progression/data/sql/world/base/tbc_item_changes.sql,sold by Yrma (25977) in zone 4080
34407,Tranquil Moonlight Wraps,module,154,154,vendor: Yrma,,stat MeleeCrit: 0 -> 30,,modules/mod-individual-progression/data/sql/world/base/tbc_item_changes.sql,sold by Yrma (25977) in zone 4080
34408,Gloves of the Forest Drifter,module,159,159,vendor: Yrma,,stat Strength: 34 -> 42; stat Armor: 564 -> 312,,modules/mod-individual-progression/data/sql/world/base/tbc_item_changes.sql,sold by Yrma (25977) in zone 4080
34409,Gauntlets of the Ancient Frostwolf,module,159,159,vendor: Yrma,,stat MeleeHaste: 0 -> 28,,modules/mod-individual-progression/data/sql/world/base/tbc_item_changes.sql,sold by Yrma (25977) in zone 4080
34429,Shifting Naaru Sliver,module,154,154,Sunwell Plateau,Normal,stat MeleeHaste: 0 -> 54,,modules/mod-individual-progression/data/sql/world/base/tbc_item_changes.sql,drop Sunwell Plateau Normal (M'uru)
34432,Lightbringer Bracers,module,154,154,vendor: Theremis,,stat MeleeCrit: 0 -> 15,,modules/mod-individual-progression/data/sql/world/base/tbc_item_changes.sql,sold by Theremis (25976) in zone 4080
34433,Lightbringer Wristguards,module,154,154,vendor: Theremis,,stat Strength: 0 -> 21; stat SpellPower: 25 -> 0,,modules/mod-individual-progression/data/sql/world/base/tbc_item_changes.sql,sold by Theremis (25976) in zone 4080
34434,Bracers of Absolution,module,154,154,vendor: Theremis,,stat MeleeHaste: 0 -> 20,,modules/mod-individual-progression/data/sql/world/base/tbc_item_changes.sql,sold by Theremis (25976) in zone 4080
34435,Cuffs of Absolution,module,154,154,vendor: Theremis,,stat MeleeCrit: 0 -> 15; stat MeleeHaste: 0 -> 16,,modules/mod-individual-progression/data/sql/world/base/tbc_item_changes.sql,sold by Theremis (25976) in zone 4080
34436,Bracers of the Malefic,module,154,154,vendor: Theremis,,stat MeleeCrit: 0 -> 18; stat MeleeHaste: 0 -> 21,,modules/mod-individual-progression/data/sql/world/base/tbc_item_changes.sql,sold by Theremis (25976) in zone 4080
34437,Skyshatter Bands,module,154,154,vendor: Theremis,,stat MeleeCrit: 0 -> 28; stat MeleeHaste: 0 -> 11,,modules/mod-individual-progression/data/sql/world/base/tbc_item_changes.sql,sold by Theremis (25976) in zone 4080
34438,Skyshatter Bracers,module,154,154,vendor: Theremis,,stat MeleeHaste: 0 -> 11,,modules/mod-individual-progression/data/sql/world/base/tbc_item_changes.sql,sold by Theremis (25976) in zone 4080
34439,Skyshatter Wristguards,module,154,154,vendor: Theremis,,stat Strength: 32 -> 0; stat AttackPower: 0 -> 64; stat RangedAttackPower: 0 -> 64,,modules/mod-individual-progression/data/sql/world/base/tbc_item_changes.sql,sold by Theremis (25976) in zone 4080
34442,Onslaught Wristguards,module,154,154,vendor: Theremis,,stat Strength: 0 -> 19; stat Dodge: 24 -> 18; stat Parry: 22 -> 18,,modules/mod-individual-progression/data/sql/world/base/tbc_item_changes.sql,sold by Theremis (25976) in zone 4080
34444,Thunderheart Wristguards,module,154,154,vendor: Theremis,,stat Strength: 28 -> 29; stat Armor: 281 -> 211,,modules/mod-individual-progression/data/sql/world/base/tbc_item_changes.sql,sold by Theremis (25976) in zone 4080
34445,Thunderheart Bracers,module,154,154,vendor: Theremis,,stat MeleeHaste: 0 -> 12,,modules/mod-individual-progression/data/sql/world/base/tbc_item_changes.sql,sold by Theremis (25976) in zone 4080
34446,Thunderheart Bands,module,154,154,vendor: Theremis,,stat MeleeCrit: 0 -> 13; stat MeleeHaste: 0 -> 21,,modules/mod-individual-progression/data/sql/world/base/tbc_item_changes.sql,sold by Theremis (25976) in zone 4080
34447,Bracers of the Tempest,module,154,154,vendor: Theremis,,stat MeleeCrit: 0 -> 11; stat MeleeHaste: 0 -> 26,,modules/mod-individual-progression/data/sql/world/base/tbc_item_changes.sql,sold by Theremis (25976) in zone 4080
34485,Lightbringer Girdle,classic,154,154,vendor: Theremis,,socket bonus SpellCrit: 0 -> 2,,,sold by Theremis (25976) in zone 4080
34487,Lightbringer Belt,module,154,154,vendor: Theremis,,stat MeleeCrit: 0 -> 17; stat MeleeHaste: 0 -> 24,,modules/mod-individual-progression/data/sql/world/base/tbc_item_changes.sql,sold by Theremis (25976) in zone 4080
34488,Lightbringer Waistguard,module,154,154,vendor: Theremis,,stat Strength: 0 -> 30; stat SpellPower: 33 -> 0; stat Dodge: 30 -> 28,,modules/mod-individual-progression/data/sql/world/base/tbc_item_changes.sql,sold by Theremis (25976) in zone 4080
34527,Belt of Absolution,module,154,154,vendor: Theremis,,stat MeleeHaste: 0 -> 14,,modules/mod-individual-progression/data/sql/world/base/tbc_item_changes.sql,sold by Theremis (25976) in zone 4080
34528,Cord of Absolution,module,154,154,vendor: Theremis,,stat MeleeHit: 0 -> 14; stat MeleeHaste: 0 -> 29,,modules/mod-individual-progression/data/sql/world/base/tbc_item_changes.sql,sold by Theremis (25976) in zone 4080
34540,Vengeful Gladiator's Battle Staff,module,146,146,no source,,stat MeleeHit: 0 -> 28; stat MeleeCrit: 0 -> 46,,modules/mod-individual-progression/data/sql/world/base/tbc_item_changes.sql,
34541,Belt of the Malefic,module,154,154,vendor: Theremis,,stat MeleeHit: 0 -> 20; stat MeleeCrit: 0 -> 20; stat MeleeHaste: 0 -> 29,,modules/mod-individual-progression/data/sql/world/base/tbc_item_changes.sql,sold by Theremis (25976) in zone 4080
34542,Skyshatter Cord,module,154,154,vendor: Theremis,,stat MeleeCrit: 0 -> 29; stat MeleeHaste: 0 -> 27,,modules/mod-individual-progression/data/sql/world/base/tbc_item_changes.sql,sold by Theremis (25976) in zone 4080
34543,Skyshatter Belt,module,154,154,vendor: Theremis,,stat MeleeCrit: 0 -> 20; stat MeleeHaste: 0 -> 23,,modules/mod-individual-progression/data/sql/world/base/tbc_item_changes.sql,sold by Theremis (25976) in zone 4080
34545,Skyshatter Girdle,module,154,154,vendor: Theremis,,stat Strength: 43 -> 0; stat AttackPower: 0 -> 86; stat RangedAttackPower: 0 -> 86; socket bonus SpellCrit: 0 -> 2,,modules/mod-individual-progression/data/sql/world/base/tbc_item_changes.sql,sold by Theremis (25976) in zone 4080
34547,Onslaught Waistguard,module,154,154,vendor: Theremis,,stat Strength: 0 -> 28; stat Expertise: 28 -> 27; stat Dodge: 40 -> 26,,modules/mod-individual-progression/data/sql/world/base/tbc_item_changes.sql,sold by Theremis (25976) in zone 4080
34554,Thunderheart Belt,module,154,154,vendor: Theremis,,stat MeleeHaste: 0 -> 13,,modules/mod-individual-progression/data/sql/world/base/tbc_item_changes.sql,sold by Theremis (25976) in zone 4080
34555,Thunderheart Cord,module,154,154,vendor: Theremis,,stat MeleeHit: 0 -> 13; stat MeleeCrit: 0 -> 29; stat MeleeHaste: 0 -> 27,,modules/mod-individual-progression/data/sql/world/base/tbc_item_changes.sql,sold by Theremis (25976) in zone 4080
34556,Thunderheart Waistguard,module,154,154,vendor: Theremis,,stat Strength: 38 -> 39; stat Armor: 342 -> 272,,modules/mod-individual-progression/data/sql/world/base/tbc_item_changes.sql,sold by Theremis (25976) in zone 4080
34557,Belt of the Tempest,module,154,154,vendor: Theremis,,stat MeleeHit: 0 -> 14; stat MeleeCrit: 0 -> 17; stat MeleeHaste: 0 -> 29,,modules/mod-individual-progression/data/sql/world/base/tbc_item_changes.sql,sold by Theremis (25976) in zone 4080
34559,Lightbringer Treads,module,154,154,vendor: Theremis,,stat MeleeCrit: 0 -> 30; stat MeleeHaste: 0 -> 17,,modules/mod-individual-progression/data/sql/world/base/tbc_item_changes.sql,sold by Theremis (25976) in zone 4080
34560,Lightbringer Stompers,module,154,154,vendor: Theremis,,stat Strength: 0 -> 30; stat SpellPower: 22 -> 0; stat Defense: 23 -> 19; stat Dodge: 30 -> 23,,modules/mod-individual-progression/data/sql/world/base/tbc_item_changes.sql,sold by Theremis (25976) in zone 4080
34562,Boots of Absolution,module,154,154,vendor: Theremis,,stat MeleeHaste: 0 -> 19,,modules/mod-individual-progression/data/sql/world/base/tbc_item_changes.sql,sold by Theremis (25976) in zone 4080
34563,Treads of Absolution,module,154,154,vendor: Theremis,,stat MeleeCrit: 0 -> 16; stat MeleeHaste: 0 -> 30,,modules/mod-individual-progression/data/sql/world/base/tbc_item_changes.sql,sold by Theremis (25976) in zone 4080
34564,Boots of the Malefic,module,154,154,vendor: Theremis,,stat MeleeHit: 0 -> 28; stat MeleeCrit: 0 -> 16; stat MeleeHaste: 0 -> 29,,modules/mod-individual-progression/data/sql/world/base/tbc_item_changes.sql,sold by Theremis (25976) in zone 4080
34565,Skyshatter Boots,module,154,154,vendor: Theremis,,stat MeleeCrit: 0 -> 16; stat MeleeHaste: 0 -> 24,,modules/mod-individual-progression/data/sql/world/base/tbc_item_changes.sql,sold by Theremis (25976) in zone 4080
34566,Skyshatter Treads,module,154,154,vendor: Theremis,,stat MeleeCrit: 0 -> 23; stat MeleeHaste: 0 -> 30,,modules/mod-individual-progression/data/sql/world/base/tbc_item_changes.sql,sold by Theremis (25976) in zone 4080
34567,Skyshatter Greaves,module,154,154,vendor: Theremis,,stat Strength: 43 -> 0; stat AttackPower: 0 -> 86; stat RangedAttackPower: 0 -> 86,,modules/mod-individual-progression/data/sql/world/base/tbc_item_changes.sql,sold by Theremis (25976) in zone 4080
34568,Onslaught Boots,module,154,154,vendor: Theremis,,stat Strength: 0 -> 25; stat Dodge: 30 -> 20; stat Parry: 25 -> 20,,modules/mod-individual-progression/data/sql/world/base/tbc_item_changes.sql,sold by Theremis (25976) in zone 4080
34571,Thunderheart Boots,module,154,154,vendor: Theremis,,stat MeleeHaste: 0 -> 19,,modules/mod-individual-progression/data/sql/world/base/tbc_item_changes.sql,sold by Theremis (25976) in zone 4080
34572,Thunderheart Footwraps,module,154,154,vendor: Theremis,,stat MeleeCrit: 0 -> 28; stat MeleeHaste: 0 -> 13,,modules/mod-individual-progression/data/sql/world/base/tbc_item_changes.sql,sold by Theremis (25976) in zone 4080
34573,Thunderheart Treads,module,154,154,vendor: Theremis,,stat Expertise: 20 -> 27; stat Armor: 542 -> 332,,modules/mod-individual-progression/data/sql/world/base/tbc_item_changes.sql,sold by Theremis (25976) in zone 4080
34574,Boots of the Tempest,module,154,154,vendor: Theremis,,stat MeleeHit: 0 -> 15; stat MeleeCrit: 0 -> 20; stat MeleeHaste: 0 -> 25,,modules/mod-individual-progression/data/sql/world/base/tbc_item_changes.sql,sold by Theremis (25976) in zone 4080
34837,The 2 Ring,module,135,143,no source,,ilvl: 135 -> 143,,modules/mod-individual-progression/data/sql/world/base/tbc_item_changes.sql,
34847,Annihilator Holo-Gogs,module,159,159,other,,stat MeleeCrit: 0 -> 42; class allowlist:  -> Mage+Priest+Warlock,,modules/mod-individual-progression/data/sql/world/base/tbc_item_changes.sql,crafted Engineering (spell 46111)
34889,Fused Nethergon Band,module,141,141,no source,,stat MeleeHit: 0 -> 28,,modules/mod-individual-progression/data/sql/world/base/tbc_item_changes.sql,
34898,Staff of the Forest Lord,module,146,146,no source,,stat Strength: 50 -> 0; stat AttackPower: 1110 -> 100; stat RangedAttackPower: 0 -> 100; weapon damage min: 135.6 -> 321; weapon damage max: 297.6 -> 483,,modules/mod-individual-progression/data/sql/world/base/tbc_item_changes.sql,
34903,Embrace of Starlight,module,141,141,no source,,stat MeleeCrit: 0 -> 36,,modules/mod-individual-progression/data/sql/world/base/tbc_item_changes.sql,
34904,Barbed Gloves of the Sage,module,141,141,no source,,stat MeleeHit: 0 -> 15,,modules/mod-individual-progression/data/sql/world/base/tbc_item_changes.sql,
34905,Crystalwind Leggings,module,141,141,no source,,stat MeleeCrit: 0 -> 28,,modules/mod-individual-progression/data/sql/world/base/tbc_item_changes.sql,
34906,Embrace of Everlasting Prowess,module,141,141,no source,,stat Strength: 40 -> 48; stat Armor: 696 -> 444,,modules/mod-individual-progression/data/sql/world/base/tbc_item_changes.sql,
34910,Tameless Breeches,module,141,141,no source,,stat Strength: 39 -> 48; stat Armor: 654 -> 388,,modules/mod-individual-progression/data/sql/world/base/tbc_item_changes.sql,
34911,Handwraps of the Aggressor,module,141,141,no source,,stat Strength: 30 -> 36; stat Armor: 473 -> 277,,modules/mod-individual-progression/data/sql/world/base/tbc_item_changes.sql,
34917,Shroud of the Lore`nial,module,141,141,no source,,stat MeleeHit: 0 -> 29,,modules/mod-individual-progression/data/sql/world/base/tbc_item_changes.sql,
34918,Legwraps of Sweltering Flame,module,141,141,no source,,stat MeleeHit: 0 -> 25,,modules/mod-individual-progression/data/sql/world/base/tbc_item_changes.sql,
34919,Boots of Incantations,module,141,141,no source,,stat MeleeHit: 0 -> 17,,modules/mod-individual-progression/data/sql/world/base/tbc_item_changes.sql,
34921,Ecclesiastical Cuirass,module,141,141,no source,,stat MeleeCrit: 0 -> 43,,modules/mod-individual-progression/data/sql/world/base/tbc_item_changes.sql,
34923,Waistguard of Reparation,module,141,141,no source,,stat MeleeCrit: 0 -> 28,,modules/mod-individual-progression/data/sql/world/base/tbc_item_changes.sql,
34933,Hauberk of Whirling Fury,module,141,141,no source,,stat MeleeHaste: 0 -> 51,,modules/mod-individual-progression/data/sql/world/base/tbc_item_changes.sql,
34934,Rushing Storm Kilt,module,141,141,no source,,stat MeleeHaste: 0 -> 38,,modules/mod-individual-progression/data/sql/world/base/tbc_item_changes.sql,
34935,Aftershock Waistguard,module,141,141,no source,,stat MeleeHaste: 0 -> 34,,modules/mod-individual-progression/data/sql/world/base/tbc_item_changes.sql,
34936,Tormented Demonsoul Robes,module,141,141,no source,,stat MeleeCrit: 0 -> 50,,modules/mod-individual-progression/data/sql/world/base/tbc_item_changes.sql,
34937,Corrupted Soulcloth Pantaloons,module,141,141,no source,,stat MeleeCrit: 0 -> 43,,modules/mod-individual-progression/data/sql/world/base/tbc_item_changes.sql,
34938,Enslaved Doomguard Soulgrips,module,141,141,no source,,stat MeleeCrit: 0 -> 30,,modules/mod-individual-progression/data/sql/world/base/tbc_item_changes.sql,
34939,Chestplate of Stoicism,module,141,141,no source,,stat Strength: 0 -> 34; stat Defense: 51 -> 34,,modules/mod-individual-progression/data/sql/world/base/tbc_item_changes.sql,
34940,Sunguard Legplates,module,141,141,no source,,stat Strength: 0 -> 29; stat Defense: 43 -> 35; stat Dodge: 35 -> 28,,modules/mod-individual-progression/data/sql/world/base/tbc_item_changes.sql,
34941,Girdle of the Fearless,module,141,141,no source,,stat Strength: 0 -> 23; stat SpellHit: 23 -> 0; stat MeleeHit: 23 -> 0,,modules/mod-individual-progression/data/sql/world/base/tbc_item_changes.sql,
34945,Shattrath Protectorate's Breastplate,module,141,141,no source,,stat Strength: 0 -> 51; stat SpellPower: 60 -> 0; stat MeleeHit: 0 -> 34,,modules/mod-individual-progression/data/sql/world/base/tbc_item_changes.sql,
34946,Inscribed Legplates of the Aldor,module,141,141,no source,,stat Strength: 0 -> 32; stat SpellPower: 37 -> 0,,modules/mod-individual-progression/data/sql/world/base/tbc_item_changes.sql,
34947,Blue's Greaves of the Righteous Guardian,module,141,141,no source,,stat Strength: 0 -> 34; stat SpellPower: 26 -> 0; stat SpellHit: 23 -> 22; stat MeleeHit: 0 -> 22; stat Block: 34 -> 23,,modules/mod-individual-progression/data/sql/world/base/tbc_item_changes.sql,
34987,Brutal Gladiator's Battle Staff,module,154,154,no source,,stat MeleeHit: 0 -> 32; stat MeleeCrit: 0 -> 50,,modules/mod-individual-progression/data/sql/world/base/tbc_item_changes.sql,
34990,Brutal Gladiator's Chain Armor,classic,159,159,no source,,set name: Gladiator's Pursuit -> Brutal Gladiator's Pursuit,,,
34991,Brutal Gladiator's Chain Gauntlets,classic,159,159,no source,,set name: Gladiator's Pursuit -> Brutal Gladiator's Pursuit,,,
34992,Brutal Gladiator's Chain Helm,classic,159,159,no source,,set name: Gladiator's Pursuit -> Brutal Gladiator's Pursuit,,,
34993,Brutal Gladiator's Chain Leggings,classic,159,159,no source,,set name: Gladiator's Pursuit -> Brutal Gladiator's Pursuit,,,
34994,Brutal Gladiator's Chain Spaulders,classic,159,159,no source,,set name: Gladiator's Pursuit -> Brutal Gladiator's Pursuit,,,
34998,Brutal Gladiator's Dragonhide Gloves,module,159,159,no source,,set name: Gladiator's Sanctuary -> Brutal Gladiator's Sanctuary,,modules/mod-individual-progression/data/sql/world/base/tbc_item_changes.sql,
34999,Brutal Gladiator's Dragonhide Helm,classic,159,159,no source,,set name: Gladiator's Sanctuary -> Brutal Gladiator's Sanctuary,,,
35000,Brutal Gladiator's Dragonhide Legguards,classic,159,159,no source,,set name: Gladiator's Sanctuary -> Brutal Gladiator's Sanctuary,,,
35001,Brutal Gladiator's Dragonhide Spaulders,classic,159,159,no source,,set name: Gladiator's Sanctuary -> Brutal Gladiator's Sanctuary,,,
35002,Brutal Gladiator's Dragonhide Tunic,classic,159,159,no source,,set name: Gladiator's Sanctuary -> Brutal Gladiator's Sanctuary,,,
35003,Brutal Gladiator's Dreadweave Gloves,classic,159,159,no source,,set name: Gladiator's Dreadgear -> Brutal Gladiator's Dreadgear,,,
35004,Brutal Gladiator's Dreadweave Hood,classic,159,159,no source,,set name: Gladiator's Dreadgear -> Brutal Gladiator's Dreadgear,,,
35005,Brutal Gladiator's Dreadweave Leggings,classic,159,159,no source,,set name: Gladiator's Dreadgear -> Brutal Gladiator's Dreadgear,,,
35006,Brutal Gladiator's Dreadweave Mantle,module,159,159,no source,,stat MeleeHit: 0 -> 20; set name: Gladiator's Dreadgear -> Brutal Gladiator's Dreadgear,,modules/mod-individual-progression/data/sql/world/base/tbc_item_changes.sql,
35007,Brutal Gladiator's Dreadweave Robe,classic,159,159,no source,,set name: Gladiator's Dreadgear -> Brutal Gladiator's Dreadgear,,,
35009,Brutal Gladiator's Felweave Amice,module,159,159,no source,,stat MeleeCrit: 0 -> 21; set name: Gladiator's Felshroud -> Brutal Gladiator's Felshroud,,modules/mod-individual-progression/data/sql/world/base/tbc_item_changes.sql,
35010,Brutal Gladiator's Felweave Cowl,module,159,159,no source,,stat MeleeCrit: 0 -> 28; set name: Gladiator's Felshroud -> Brutal Gladiator's Felshroud,,modules/mod-individual-progression/data/sql/world/base/tbc_item_changes.sql,
35011,Brutal Gladiator's Felweave Handguards,module,159,159,no source,,stat MeleeCrit: 0 -> 26; set name: Gladiator's Felshroud -> Brutal Gladiator's Felshroud,,modules/mod-individual-progression/data/sql/world/base/tbc_item_changes.sql,
35012,Brutal Gladiator's Felweave Raiment,module,159,159,no source,,stat MeleeCrit: 0 -> 39; set name: Gladiator's Felshroud -> Brutal Gladiator's Felshroud,,modules/mod-individual-progression/data/sql/world/base/tbc_item_changes.sql,
35013,Brutal Gladiator's Felweave Trousers,module,159,159,no source,,stat MeleeCrit: 0 -> 39; set name: Gladiator's Felshroud -> Brutal Gladiator's Felshroud,,modules/mod-individual-progression/data/sql/world/base/tbc_item_changes.sql,
35014,Brutal Gladiator's Gavel,module,154,154,no source,,stat MeleeHit: 0 -> 19,,modules/mod-individual-progression/data/sql/world/base/tbc_item_changes.sql,
35022,Brutal Gladiator's Kodohide Gloves,classic,159,159,no source,,set name: Gladiator's Refuge -> Brutal Gladiator's Refuge,,,
35023,Brutal Gladiator's Kodohide Helm,classic,159,159,no source,,set name: Gladiator's Refuge -> Brutal Gladiator's Refuge,,,
35024,Brutal Gladiator's Kodohide Legguards,classic,159,159,no source,,set name: Gladiator's Refuge -> Brutal Gladiator's Refuge,,,
35025,Brutal Gladiator's Kodohide Spaulders,classic,159,159,no source,,set name: Gladiator's Refuge -> Brutal Gladiator's Refuge,,,
35026,Brutal Gladiator's Kodohide Tunic,classic,159,159,no source,,set name: Gladiator's Refuge -> Brutal Gladiator's Refuge,,,
35027,Brutal Gladiator's Lamellar Chestpiece,module,159,159,no source,,stat MeleeCrit: 0 -> 44; set name: Gladiator's Aegis -> Brutal Gladiator's Aegis,,modules/mod-individual-progression/data/sql/world/base/tbc_item_changes.sql,
35028,Brutal Gladiator's Lamellar Gauntlets,module,159,159,no source,,stat MeleeCrit: 0 -> 34; set name: Gladiator's Aegis -> Brutal Gladiator's Aegis,,modules/mod-individual-progression/data/sql/world/base/tbc_item_changes.sql,
35029,Brutal Gladiator's Lamellar Helm,module,159,159,no source,,stat MeleeCrit: 0 -> 34; set name: Gladiator's Aegis -> Brutal Gladiator's Aegis,,modules/mod-individual-progression/data/sql/world/base/tbc_item_changes.sql,
35030,Brutal Gladiator's Lamellar Legguards,module,159,159,no source,,stat MeleeCrit: 0 -> 45; set name: Gladiator's Aegis -> Brutal Gladiator's Aegis,,modules/mod-individual-progression/data/sql/world/base/tbc_item_changes.sql,
35031,Brutal Gladiator's Lamellar Shoulders,module,159,159,no source,,stat MeleeCrit: 0 -> 32; set name: Gladiator's Aegis -> Brutal Gladiator's Aegis,,modules/mod-individual-progression/data/sql/world/base/tbc_item_changes.sql,
35032,Brutal Gladiator's Leather Gloves,module,159,159,no source,,set name: Gladiator's Vestments -> Brutal Gladiator's Vestments,,modules/mod-individual-progression/data/sql/world/base/tbc_item_changes.sql,
35033,Brutal Gladiator's Leather Helm,classic,159,159,no source,,set name: Gladiator's Vestments -> Brutal Gladiator's Vestments,,,
35034,Brutal Gladiator's Leather Legguards,classic,159,159,no source,,set name: Gladiator's Vestments -> Brutal Gladiator's Vestments,,,
35035,Brutal Gladiator's Leather Spaulders,classic,159,159,no source,,set name: Gladiator's Vestments -> Brutal Gladiator's Vestments,,,
35036,Brutal Gladiator's Leather Tunic,classic,159,159,no source,,set name: Gladiator's Vestments -> Brutal Gladiator's Vestments,,,
35042,Brutal Gladiator's Linked Armor,module,159,159,no source,,stat Strength: 32 -> 0; stat AttackPower: 0 -> 64; stat RangedAttackPower: 0 -> 64; set name: Gladiator's Earthshaker -> Brutal Gladiator's Earthshaker,,modules/mod-individual-progression/data/sql/world/base/tbc_item_changes.sql,
35043,Brutal Gladiator's Linked Gauntlets,module,159,159,no source,,stat Strength: 38 -> 0; stat AttackPower: 0 -> 76; stat RangedAttackPower: 0 -> 76; set name: Gladiator's Earthshaker -> Brutal Gladiator's Earthshaker,,modules/mod-individual-progression/data/sql/world/base/tbc_item_changes.sql,
35044,Brutal Gladiator's Linked Helm,module,159,159,no source,,stat Strength: 40 -> 0; stat AttackPower: 0 -> 80; stat RangedAttackPower: 0 -> 80; set name: Gladiator's Earthshaker -> Brutal Gladiator's Earthshaker,,modules/mod-individual-progression/data/sql/world/base/tbc_item_changes.sql,
35045,Brutal Gladiator's Linked Leggings,module,159,159,no source,,stat Strength: 43 -> 0; stat AttackPower: 0 -> 86; stat RangedAttackPower: 0 -> 86; set name: Gladiator's Earthshaker -> Brutal Gladiator's Earthshaker,,modules/mod-individual-progression/data/sql/world/base/tbc_item_changes.sql,
35046,Brutal Gladiator's Linked Spaulders,module,159,159,no source,,stat Strength: 30 -> 0; stat AttackPower: 0 -> 60; stat RangedAttackPower: 0 -> 60; set name: Gladiator's Earthshaker -> Brutal Gladiator's Earthshaker,,modules/mod-individual-progression/data/sql/world/base/tbc_item_changes.sql,
35048,Brutal Gladiator's Mail Armor,module,159,159,no source,,stat MeleeCrit: 0 -> 34; set name: Gladiator's Thunderfist -> Brutal Gladiator's Thunderfist,,modules/mod-individual-progression/data/sql/world/base/tbc_item_changes.sql,
35049,Brutal Gladiator's Mail Gauntlets,module,159,159,no source,,stat MeleeCrit: 0 -> 32; set name: Gladiator's Thunderfist -> Brutal Gladiator's Thunderfist,,modules/mod-individual-progression/data/sql/world/base/tbc_item_changes.sql,
35050,Brutal Gladiator's Mail Helm,module,159,159,no source,,stat MeleeCrit: 0 -> 32; set name: Gladiator's Thunderfist -> Brutal Gladiator's Thunderfist,,modules/mod-individual-progression/data/sql/world/base/tbc_item_changes.sql,
35051,Brutal Gladiator's Mail Leggings,module,159,159,no source,,stat MeleeCrit: 0 -> 34; set name: Gladiator's Thunderfist -> Brutal Gladiator's Thunderfist,,modules/mod-individual-progression/data/sql/world/base/tbc_item_changes.sql,
35052,Brutal Gladiator's Mail Spaulders,module,159,159,no source,,stat MeleeCrit: 0 -> 26; set name: Gladiator's Thunderfist -> Brutal Gladiator's Thunderfist,,modules/mod-individual-progression/data/sql/world/base/tbc_item_changes.sql,
35053,Brutal Gladiator's Mooncloth Gloves,classic,159,159,no source,,set name: Gladiator's Investiture -> Brutal Gladiator's Investiture,,,
35054,Brutal Gladiator's Mooncloth Hood,classic,159,159,no source,,set name: Gladiator's Investiture -> Brutal Gladiator's Investiture,,,
35055,Brutal Gladiator's Mooncloth Leggings,classic,159,159,no source,,set name: Gladiator's Investiture -> Brutal Gladiator's Investiture,,,
35056,Brutal Gladiator's Mooncloth Mantle,classic,159,159,no source,,set name: Gladiator's Investiture -> Brutal Gladiator's Investiture,,,
35057,Brutal Gladiator's Mooncloth Robe,classic,159,159,no source,,set name: Gladiator's Investiture -> Brutal Gladiator's Investiture,,,
35059,Brutal Gladiator's Ornamented Chestguard,module,159,159,no source,,stat MeleeCrit: 0 -> 42; set name: Gladiator's Redemption -> Brutal Gladiator's Redemption,,modules/mod-individual-progression/data/sql/world/base/tbc_item_changes.sql,
35060,Brutal Gladiator's Ornamented Gloves,module,159,159,no source,,stat MeleeCrit: 0 -> 33; set name: Gladiator's Redemption -> Brutal Gladiator's Redemption,,modules/mod-individual-progression/data/sql/world/base/tbc_item_changes.sql,
35061,Brutal Gladiator's Ornamented Headcover,module,159,159,no source,,stat MeleeCrit: 0 -> 32; set name: Gladiator's Redemption -> Brutal Gladiator's Redemption,,modules/mod-individual-progression/data/sql/world/base/tbc_item_changes.sql,
35062,Brutal Gladiator's Ornamented Legplates,module,159,159,no source,,stat MeleeCrit: 0 -> 46; set name: Gladiator's Redemption -> Brutal Gladiator's Redemption,,modules/mod-individual-progression/data/sql/world/base/tbc_item_changes.sql,
35063,Brutal Gladiator's Ornamented Spaulders,module,159,159,no source,,stat MeleeCrit: 0 -> 32; set name: Gladiator's Redemption -> Brutal Gladiator's Redemption,,modules/mod-individual-progression/data/sql/world/base/tbc_item_changes.sql,
35066,Brutal Gladiator's Plate Chestpiece,classic,159,159,no source,,set name: Gladiator's Battlegear -> Brutal Gladiator's Battlegear,,,
35067,Brutal Gladiator's Plate Gauntlets,classic,159,159,no source,,set name: Gladiator's Battlegear -> Brutal Gladiator's Battlegear,,,
35068,Brutal Gladiator's Plate Helm,classic,159,159,no source,,set name: Gladiator's Battlegear -> Brutal Gladiator's Battlegear,,,
35069,Brutal Gladiator's Plate Legguards,classic,159,159,no source,,set name: Gladiator's Battlegear -> Brutal Gladiator's Battlegear,,,
35070,Brutal Gladiator's Plate Shoulders,classic,159,159,no source,,set name: Gladiator's Battlegear -> Brutal Gladiator's Battlegear,,,
35077,Brutal Gladiator's Ringmail Armor,module,159,159,no source,,stat MeleeCrit: 0 -> 36; set name: Gladiator's Wartide -> Brutal Gladiator's Wartide,,modules/mod-individual-progression/data/sql/world/base/tbc_item_changes.sql,
35078,Brutal Gladiator's Ringmail Gauntlets,module,159,159,no source,,stat MeleeCrit: 0 -> 29; set name: Gladiator's Wartide -> Brutal Gladiator's Wartide,,modules/mod-individual-progression/data/sql/world/base/tbc_item_changes.sql,
35079,Brutal Gladiator's Ringmail Helm,module,159,159,no source,,stat MeleeCrit: 0 -> 31; set name: Gladiator's Wartide -> Brutal Gladiator's Wartide,,modules/mod-individual-progression/data/sql/world/base/tbc_item_changes.sql,
35080,Brutal Gladiator's Ringmail Leggings,module,159,159,no source,,stat MeleeCrit: 0 -> 34; set name: Gladiator's Wartide -> Brutal Gladiator's Wartide,,modules/mod-individual-progression/data/sql/world/base/tbc_item_changes.sql,
35081,Brutal Gladiator's Ringmail Spaulders,module,159,159,no source,,stat MeleeCrit: 0 -> 24; set name: Gladiator's Wartide -> Brutal Gladiator's Wartide,,modules/mod-individual-progression/data/sql/world/base/tbc_item_changes.sql,
35083,Brutal Gladiator's Satin Gloves,classic,159,159,no source,,set name: Gladiator's Raiment -> Brutal Gladiator's Raiment,,,
35084,Brutal Gladiator's Satin Hood,classic,159,159,no source,,set name: Gladiator's Raiment -> Brutal Gladiator's Raiment,,,
35085,Brutal Gladiator's Satin Leggings,classic,159,159,no source,,set name: Gladiator's Raiment -> Brutal Gladiator's Raiment,,,
35086,Brutal Gladiator's Satin Mantle,classic,159,159,no source,,set name: Gladiator's Raiment -> Brutal Gladiator's Raiment,,,
35087,Brutal Gladiator's Satin Robe,classic,159,159,no source,,set name: Gladiator's Raiment -> Brutal Gladiator's Raiment,,,
35088,Brutal Gladiator's Scaled Chestpiece,classic,159,159,no source,,set name: Gladiator's Vindication -> Brutal Gladiator's Vindication,,,
35089,Brutal Gladiator's Scaled Gauntlets,classic,159,159,no source,,set name: Gladiator's Vindication -> Brutal Gladiator's Vindication,,,
35090,Brutal Gladiator's Scaled Helm,classic,159,159,no source,,set name: Gladiator's Vindication -> Brutal Gladiator's Vindication,,,
35091,Brutal Gladiator's Scaled Legguards,classic,159,159,no source,,set name: Gladiator's Vindication -> Brutal Gladiator's Vindication,,,
35092,Brutal Gladiator's Scaled Shoulders,classic,159,159,no source,,set name: Gladiator's Vindication -> Brutal Gladiator's Vindication,,,
35096,Brutal Gladiator's Silk Amice,module,159,159,no source,,stat MeleeCrit: 0 -> 21; set name: Gladiator's Regalia -> Brutal Gladiator's Regalia,,modules/mod-individual-progression/data/sql/world/base/tbc_item_changes.sql,
35097,Brutal Gladiator's Silk Cowl,module,159,159,no source,,stat MeleeCrit: 0 -> 30; set name: Gladiator's Regalia -> Brutal Gladiator's Regalia,,modules/mod-individual-progression/data/sql/world/base/tbc_item_changes.sql,
35098,Brutal Gladiator's Silk Handguards,module,159,159,no source,,stat MeleeCrit: 0 -> 26; set name: Gladiator's Regalia -> Brutal Gladiator's Regalia,,modules/mod-individual-progression/data/sql/world/base/tbc_item_changes.sql,
35099,Brutal Gladiator's Silk Raiment,module,159,159,no source,,stat MeleeCrit: 0 -> 39; set name: Gladiator's Regalia -> Brutal Gladiator's Regalia,,modules/mod-individual-progression/data/sql/world/base/tbc_item_changes.sql,
35100,Brutal Gladiator's Silk Trousers,module,159,159,no source,,stat MeleeCrit: 0 -> 39; set name: Gladiator's Regalia -> Brutal Gladiator's Regalia,,modules/mod-individual-progression/data/sql/world/base/tbc_item_changes.sql,
35102,Brutal Gladiator's Spellblade,module,154,154,no source,,stat MeleeHit: 0 -> 19,,modules/mod-individual-progression/data/sql/world/base/tbc_item_changes.sql,
35103,Brutal Gladiator's Staff,module,154,154,no source,,stat Strength: 50 -> 0; stat AttackPower: 1197 -> 100; stat RangedAttackPower: 0 -> 100; weapon damage min: 86.4 -> 224; weapon damage max: 199.4 -> 337,,modules/mod-individual-progression/data/sql/world/base/tbc_item_changes.sql,
35108,Brutal Gladiator's War Edge,module,154,154,no source,,weapon damage min: 147 -> 213; weapon damage max: 222 -> 320,,modules/mod-individual-progression/data/sql/world/base/tbc_item_changes.sql,
35109,Brutal Gladiator's War Staff,module,154,154,no source,,stat MeleeCrit: 0 -> 50,,modules/mod-individual-progression/data/sql/world/base/tbc_item_changes.sql,
35111,Brutal Gladiator's Wyrmhide Gloves,module,159,159,no source,,stat MeleeCrit: 0 -> 16; set name: Gladiator's Wildhide -> Brutal Gladiator's Wildhide,,modules/mod-individual-progression/data/sql/world/base/tbc_item_changes.sql,
35112,Brutal Gladiator's Wyrmhide Helm,module,159,159,no source,,stat MeleeCrit: 0 -> 22; set name: Gladiator's Wildhide -> Brutal Gladiator's Wildhide,,modules/mod-individual-progression/data/sql/world/base/tbc_item_changes.sql,
35113,Brutal Gladiator's Wyrmhide Legguards,module,159,159,no source,,stat MeleeCrit: 0 -> 27; set name: Gladiator's Wildhide -> Brutal Gladiator's Wildhide,,modules/mod-individual-progression/data/sql/world/base/tbc_item_changes.sql,
35114,Brutal Gladiator's Wyrmhide Spaulders,module,159,159,no source,,stat MeleeCrit: 0 -> 13; set name: Gladiator's Wildhide -> Brutal Gladiator's Wildhide,,modules/mod-individual-progression/data/sql/world/base/tbc_item_changes.sql,
35115,Brutal Gladiator's Wyrmhide Tunic,module,159,159,no source,,stat MeleeCrit: 0 -> 18; set name: Gladiator's Wildhide -> Brutal Gladiator's Wildhide,,modules/mod-individual-progression/data/sql/world/base/tbc_item_changes.sql,
35129,Guardian's Band of Dominance,module,154,154,no source,,stat MeleeHaste: 0 -> 14,,modules/mod-individual-progression/data/sql/world/base/tbc_item_changes.sql,
35132,Guardian's Pendant of Conquest,module,154,154,no source,,stat MeleeCrit: 0 -> 24,,modules/mod-individual-progression/data/sql/world/base/tbc_item_changes.sql,
35140,Guardian's Lamellar Greaves,module,159,159,no source,,stat MeleeCrit: 0 -> 34,,modules/mod-individual-progression/data/sql/world/base/tbc_item_changes.sql,
35142,Guardian's Linked Sabatons,module,159,159,no source,,stat Strength: 38 -> 0; stat AttackPower: 0 -> 76; stat RangedAttackPower: 0 -> 76,,modules/mod-individual-progression/data/sql/world/base/tbc_item_changes.sql,
35143,Guardian's Mail Sabatons,module,159,159,no source,,stat MeleeCrit: 0 -> 34,,modules/mod-individual-progression/data/sql/world/base/tbc_item_changes.sql,
35145,Guardian's Ornamented Greaves,module,159,159,no source,,stat MeleeCrit: 0 -> 34,,modules/mod-individual-progression/data/sql/world/base/tbc_item_changes.sql,
35147,Guardian's Ringmail Sabatons,module,159,159,no source,,stat MeleeCrit: 0 -> 34,,modules/mod-individual-progression/data/sql/world/base/tbc_item_changes.sql,
35149,Guardian's Silk Footguards,module,159,159,no source,,stat MeleeCrit: 0 -> 32,,modules/mod-individual-progression/data/sql/world/base/tbc_item_changes.sql,
35155,Guardian's Lamellar Belt,module,159,159,no source,,stat MeleeCrit: 0 -> 34,,modules/mod-individual-progression/data/sql/world/base/tbc_item_changes.sql,
35157,Guardian's Linked Girdle,module,159,159,no source,,stat Strength: 38 -> 0; stat AttackPower: 0 -> 76; stat RangedAttackPower: 0 -> 76,,modules/mod-individual-progression/data/sql/world/base/tbc_item_changes.sql,
35158,Guardian's Mail Girdle,module,159,159,no source,,stat MeleeCrit: 0 -> 34,,modules/mod-individual-progression/data/sql/world/base/tbc_item_changes.sql,
35160,Guardian's Ornamented Belt,module,159,159,no source,,stat MeleeCrit: 0 -> 34,,modules/mod-individual-progression/data/sql/world/base/tbc_item_changes.sql,
35162,Guardian's Ringmail Girdle,module,159,159,no source,,stat MeleeCrit: 0 -> 34,,modules/mod-individual-progression/data/sql/world/base/tbc_item_changes.sql,
35164,Guardian's Silk Belt,module,159,159,no source,,stat MeleeCrit: 0 -> 32,,modules/mod-individual-progression/data/sql/world/base/tbc_item_changes.sql,
35169,Guardian's Kodohide Bracers,module,154,154,no source,,stat Stamina: 43 -> 31,,modules/mod-individual-progression/data/sql/world/base/tbc_item_changes.sql,
35170,Guardian's Lamellar Bracers,module,154,154,no source,,stat MeleeCrit: 0 -> 23,,modules/mod-individual-progression/data/sql/world/base/tbc_item_changes.sql,
35172,Guardian's Linked Bracers,module,154,154,no source,,stat Strength: 28 -> 0; stat AttackPower: 0 -> 56; stat RangedAttackPower: 0 -> 56,,modules/mod-individual-progression/data/sql/world/base/tbc_item_changes.sql,
35173,Guardian's Mail Bracers,module,154,154,no source,,stat MeleeCrit: 0 -> 24,,modules/mod-individual-progression/data/sql/world/base/tbc_item_changes.sql,
35175,Guardian's Ornamented Bracers,module,154,154,no source,,stat MeleeCrit: 0 -> 23,,modules/mod-individual-progression/data/sql/world/base/tbc_item_changes.sql,
35177,Guardian's Ringmail Bracers,module,154,154,no source,,stat MeleeCrit: 0 -> 24,,modules/mod-individual-progression/data/sql/world/base/tbc_item_changes.sql,
35179,Guardian's Silk Cuffs,module,154,154,no source,,stat MeleeCrit: 0 -> 18,,modules/mod-individual-progression/data/sql/world/base/tbc_item_changes.sql,
35182,Hyper-Magnified Moon Specs,module,159,159,other,,stat MeleeCrit: 0 -> 54; class allowlist:  -> Druid,,modules/mod-individual-progression/data/sql/world/base/tbc_item_changes.sql,crafted Engineering (spell 46109)
35185,Justicebringer 3000 Specs,module,159,159,other,,stat MeleeCrit: 0 -> 52,,modules/mod-individual-progression/data/sql/world/base/tbc_item_changes.sql,crafted Engineering (spell 46107)
35282,Sin'dorei Band of Dominance,module,141,141,Sunwell Plateau,Normal,stat MeleeCrit: 0 -> 28,,modules/mod-individual-progression/data/sql/world/base/tbc_item_changes.sql,drop Sunwell Plateau Normal (M'uru)
35290,Sin'dorei Pendant of Conquest,module,141,141,Sunwell Plateau,Normal,stat MeleeCrit: 0 -> 19,,modules/mod-individual-progression/data/sql/world/base/tbc_item_changes.sql,drop Sunwell Plateau Normal (Eredar Twins)
35317,Vindicator's Pendant of Reprieve,module,141,141,no source,,stat MeleeHaste: 0 -> 23,,modules/mod-individual-progression/data/sql/world/base/tbc_item_changes.sql,
35319,Vindicator's Pendant of Subjugation,module,141,141,no source,,stat MeleeHaste: 0 -> 21,,modules/mod-individual-progression/data/sql/world/base/tbc_item_changes.sql,
35320,Vindicator's Band of Subjugation,module,141,141,no source,,stat MeleeHaste: 0 -> 30,,modules/mod-individual-progression/data/sql/world/base/tbc_item_changes.sql,
37174,Rippling Azure Cloak,unobtainable,200,200,no source,,stat Stamina: 64 -> 24; stat Intellect: 43 -> 41; stat SpellPower: 0 -> 50; stat Armor: 0 -> 145,,,
37175,Glassy Silver Bracers,unobtainable,200,200,no source,,stat Armor: 0 -> 948; stat Defense: 0 -> 25; stat BlockValue: 0 -> 93; stat Dodge: 25 -> 0; stat Parry: 31 -> 0,,,
37176,Cavern Leather Treads,unobtainable,200,200,no source,,stat Stamina: 68 -> 33; stat Intellect: 50 -> 38; stat SpellPower: 0 -> 59; stat Armor: 0 -> 375,,,
37244,Fungi-Coated Boots,unobtainable,200,200,no source,,stat Stamina: 82 -> 43; stat Intellect: 50 -> 44; stat Spirit: 50 -> 0; stat SpellPower: 0 -> 59; stat MP5: 0 -> 25; stat Armor: 0 -> 833,,,
37245,Tangled Web Bindings,unobtainable,200,200,no source,,stat Stamina: 60 -> 31; stat Intellect: 43 -> 33; stat SpellPower: 0 -> 50; stat Armor: 0 -> 127,,,
37379,Skadi's Iron Belt,classic,200,200,Utgarde Pinnacle,Heroic,socket bonus BlockValue: 12 -> 0,,,drop Utgarde Pinnacle Heroic (Skadi the Ruthless) | drop Utgarde Pinnacle TitanRuneAlpha (Skadi the Ruthless)
37611,Epic Bland Dagger,unobtainable,146,146,no source,,weapon damage min: 0 -> 185; weapon damage max: 0 -> 186; weapon speed: 0 -> 1.8,,,
37649,Quarry Chisel,unobtainable,200,200,no source,,weapon damage min: 0 -> 145; weapon damage max: 0 -> 219; weapon speed: 0 -> 1.4,,,
37697,Trade District Knife,unobtainable,200,200,no source,,stat Stamina: 58 -> 28; stat AttackPower: 0 -> 66; stat RangedAttackPower: 0 -> 66; weapon damage min: 0 -> 187; weapon damage max: 0 -> 281; weapon speed: 0 -> 1.8,,,
37698,Spaulders of Elder's Square,unobtainable,200,200,no source,,stat Armor: 0 -> 1625,,,
37699,Festival Lane Girdle,unobtainable,200,200,no source,,stat Stamina: 86 -> 57; stat Intellect: 58 -> 38; stat Spirit: 58 -> 0; stat SpellPower: 0 -> 68; stat MP5: 0 -> 29; stat Armor: 0 -> 1218,,,
37739,Brutal Gladiator's Blade of Alacrity,unobtainable,154,154,no source,,stat MeleeHit: 0 -> 18; stat MeleeHaste: 0 -> 227,,,
37740,Brutal Gladiator's Swift Judgement,unobtainable,154,154,no source,,stat MeleeHaste: 0 -> 227,,,
37927,Guardian's Band of Subjugation,module,154,154,no source,,stat MeleeHaste: 0 -> 34,,modules/mod-individual-progression/data/sql/world/base/tbc_item_changes.sql,
37928,Guardian's Pendant of Subjugation,module,154,154,no source,,stat MeleeHaste: 0 -> 24,,modules/mod-individual-progression/data/sql/world/base/tbc_item_changes.sql,
37929,Guardian's Pendant of Reprieve,module,154,154,no source,,stat MeleeHaste: 0 -> 26,,modules/mod-individual-progression/data/sql/world/base/tbc_item_changes.sql,
38387,Grizzled Hat,classic,154,154,no source,,stat Armor: 0 -> 791,,,
38388,Cap of the North,classic,154,154,no source,,stat Armor: 0 -> 791,,,
38389,Comfy Raccoonskin Hat,classic,154,154,no source,,stat Armor: 0 -> 791,,,
38390,The Rugged Marksman,classic,154,154,no source,,stat Armor: 0 -> 791,,,
38442,Mail Melee Leatherworking Chest,unobtainable,187,187,no source,,stat Armor: 0 -> 1171,,,
38443,Mail Melee Leatherworking Shoulders,unobtainable,187,187,no source,,stat Armor: 0 -> 878,,,
38444,Mail Melee Leatherworking Bracer,unobtainable,187,187,no source,,stat Armor: 0 -> 512,,,
38445,Mail Caster Leatherworking Helm,unobtainable,187,187,no source,,stat Armor: 0 -> 952,,,
39263,Dissevered Leggings,unobtainable,200,200,Ahn'kahet: The Old Kingdom,TitanRuneAlpha,stat Agility: 73 -> 64; stat Stamina: 134 -> 78; stat Intellect: 0 -> 47; stat SpellHit: 44 -> 35; stat SpellCrit: 60 -> 38; stat AttackPower: 0 -> 148; stat MeleeHit: 44 -> 35; stat MeleeCrit: 60 -> 38; stat Armor: 0 -> 1097; stat RangedAttackPower: 0 -> 148,,,drop Ahn'kahet: The Old Kingdom TitanRuneAlpha (Elder Nadox) | drop Ahn'kahet: The Old Kingdom TitanRuneBeta (Elder Nadox)
39364,Hood of the Titan Defender,unobtainable,162,162,no source,,stat Intellect: 58 -> 0; stat SpellPower: 0 -> 68; stat Armor: 0 -> 160,,,
39410,Gauntlets of Rampant Destruction,unobtainable,162,162,no source,,stat Intellect: 44 -> 0; stat SpellPower: 0 -> 51; stat Armor: 0 -> 232,,,
39440,Greaves of the Titan Protectorate,unobtainable,162,162,no source,,stat Stamina: 59 -> 0; stat Intellect: 63 -> 39; stat Spirit: 32 -> 0; stat SpellPower: 0 -> 74; stat MP5: 0 -> 16; stat Armor: 0 -> 722,,,
39460,Sabatons of the Rampaging Construct,unobtainable,162,162,no source,,stat Stamina: 64 -> 39; stat Intellect: 46 -> 31; stat SpellPower: 0 -> 54; stat Armor: 0 -> 1013,,,
39641,Heroes' Redemption Legguards,classic,200,200,vendor: Griselda Hunderland,,socket bonus BlockValue: 27 -> 0,,,sold by Griselda Hunderland (28997) in zone 4395
39707,Verdant Tundra Cap,classic,155,155,no source,,stat SpellPower: 0 -> 60,,,
39708,Verdant Tundra Shoulderpads,classic,155,155,no source,,stat SpellPower: 0 -> 44,,,
39709,Verdant Tundra Boots,classic,151,151,no source,,stat SpellPower: 0 -> 44,,,
39710,Verdant Tundra Belt,classic,151,151,no source,,stat SpellPower: 0 -> 47,,,
39711,Verdant Tundra Bracers,classic,151,151,no source,,stat SpellPower: 0 -> 36,,,
39819,Bloodbinder's Runestone,unobtainable,158,158,no source,,stat Intellect: 38 -> 0; stat SpellPower: 0 -> 44,,,
39828,Punisher's Cloak,unobtainable,158,158,no source,,stat Stamina: 56 -> 27; stat AttackPower: 0 -> 64; stat Armor: 0 -> 96; stat RangedAttackPower: 0 -> 64,,,
40440,Brutal Gladiator's Dreadplate Chestpiece,unobtainable,159,159,no source,,stat SpellHaste: 12 -> 0; stat MeleeHaste: 12 -> 0; stat ArmorPenetration: 0 -> 12; set name: Gladiator's Dreadplate -> Brutal Gladiator's Dreadplate,,,
40441,Brutal Gladiator's Dreadplate Gauntlets,unobtainable,159,159,no source,,set name: Gladiator's Dreadplate -> Brutal Gladiator's Dreadplate,,,
40442,Brutal Gladiator's Dreadplate Helm,unobtainable,159,159,no source,,stat SpellHaste: 12 -> 0; stat MeleeHaste: 12 -> 0; stat ArmorPenetration: 0 -> 12; set name: Gladiator's Dreadplate -> Brutal Gladiator's Dreadplate,,,
40443,Brutal Gladiator's Dreadplate Legguards,unobtainable,159,159,no source,,stat SpellHaste: 12 -> 0; stat MeleeHaste: 12 -> 0; stat ArmorPenetration: 0 -> 12; set name: Gladiator's Dreadplate -> Brutal Gladiator's Dreadplate,,,
40444,Brutal Gladiator's Dreadplate Shoulders,unobtainable,159,159,no source,,set name: Gladiator's Dreadplate -> Brutal Gladiator's Dreadplate,,,
40553,Electrified Blade,unobtainable,200,200,no source,,weapon damage min: 0 -> 291; weapon damage max: 0 -> 541; weapon speed: 0 -> 2.9,,,
40583,Valorous Redemption Legguards,classic,213,213,vendor: Griselda Hunderland,,socket bonus BlockValue: 27 -> 0,,,sold by Griselda Hunderland (28997) in zone 4395
40787,Furious Gladiator's Dreadplate Chestpiece,classic,232,238,no source,,ilvl: 232 -> 238; stat Strength: 105 -> 112; stat Stamina: 180 -> 191; stat SpellCrit: 64 -> 68; stat MeleeCrit: 64 -> 68; stat Armor: 2369 -> 2429; stat Resilience: 80 -> 85,,,
40788,Furious Gladiator's Scaled Chestpiece,classic,232,238,no source,,ilvl: 232 -> 238; stat Strength: 105 -> 112; stat Stamina: 180 -> 191; stat SpellCrit: 64 -> 68; stat MeleeCrit: 64 -> 68; stat Armor: 2369 -> 2429; stat Resilience: 80 -> 85,,,
40789,Furious Gladiator's Plate Chestpiece,classic,232,238,no source,,ilvl: 232 -> 238; stat Strength: 105 -> 112; stat Stamina: 180 -> 191; stat SpellCrit: 64 -> 68; stat MeleeCrit: 64 -> 68; stat Armor: 2369 -> 2429; stat Resilience: 80 -> 85,,,
40807,Furious Gladiator's Plate Gauntlets,classic,232,238,no source,,ilvl: 232 -> 238; stat Strength: 82 -> 87; stat Stamina: 133 -> 141; stat SpellCrit: 39 -> 41; stat MeleeCrit: 39 -> 41; stat Armor: 1480 -> 1517; stat Resilience: 47 -> 50,,,
40808,Furious Gladiator's Scaled Gauntlets,classic,232,238,no source,,ilvl: 232 -> 238; stat Strength: 82 -> 87; stat Stamina: 133 -> 141; stat SpellCrit: 39 -> 41; stat MeleeCrit: 39 -> 41; stat Armor: 1480 -> 1517; stat Resilience: 47 -> 50,,,
40809,Furious Gladiator's Dreadplate Gauntlets,classic,232,238,no source,,ilvl: 232 -> 238; stat Strength: 82 -> 87; stat Stamina: 133 -> 141; stat SpellCrit: 39 -> 41; stat MeleeCrit: 39 -> 41; stat Armor: 1480 -> 1517; stat Resilience: 47 -> 50,,,
40826,Furious Gladiator's Plate Helm,classic,232,238,no source,,ilvl: 232 -> 238; stat Strength: 105 -> 112; stat Stamina: 180 -> 191; stat SpellCrit: 64 -> 68; stat MeleeCrit: 64 -> 68; stat Armor: 1925 -> 1974; stat Resilience: 64 -> 68,,,
40827,Furious Gladiator's Dreadplate Helm,classic,232,238,no source,,ilvl: 232 -> 238; stat Strength: 105 -> 112; stat Stamina: 180 -> 191; stat SpellCrit: 64 -> 68; stat MeleeCrit: 64 -> 68; stat Armor: 1925 -> 1974; stat Resilience: 64 -> 68,,,
40828,Furious Gladiator's Scaled Helm,classic,232,238,no source,,ilvl: 232 -> 238; stat Strength: 105 -> 112; stat Stamina: 180 -> 191; stat SpellCrit: 64 -> 68; stat MeleeCrit: 64 -> 68; stat Armor: 1925 -> 1974; stat Resilience: 64 -> 68,,,
40832,Sigil of Pestilential Touch,unobtainable,150,150,no source,,stat Strength: 15 -> 0; stat Stamina: 23 -> 0; stat SpellHit: 10 -> 0; stat SpellCrit: 10 -> 0; stat MeleeHit: 10 -> 0; stat MeleeCrit: 10 -> 0; sockets: Unknown -> ; class allowlist: Deathknight+Paladin -> ,,,
40839,Sigil of the Glorious Mistake,unobtainable,150,150,no source,,sockets: Unknown -> ,,,
40847,Furious Gladiator's Plate Legguards,classic,232,238,no source,,ilvl: 232 -> 238; stat Strength: 105 -> 112; stat Stamina: 180 -> 191; stat SpellCrit: 64 -> 68; stat MeleeCrit: 64 -> 68; stat Armor: 2073 -> 2125; stat Resilience: 80 -> 85,,,
40848,Furious Gladiator's Dreadplate Legguards,classic,232,238,no source,,ilvl: 232 -> 238; stat Strength: 105 -> 112; stat Stamina: 180 -> 191; stat SpellCrit: 64 -> 68; stat MeleeCrit: 64 -> 68; stat Armor: 2073 -> 2125; stat Resilience: 80 -> 85,,,
40849,Furious Gladiator's Scaled Legguards,classic,232,238,no source,,ilvl: 232 -> 238; stat Strength: 105 -> 112; stat Stamina: 180 -> 191; stat SpellCrit: 64 -> 68; stat MeleeCrit: 64 -> 68; stat Armor: 2073 -> 2125; stat Resilience: 80 -> 85,,,
40866,Furious Gladiator's Plate Shoulders,classic,232,238,no source,,ilvl: 232 -> 238; stat Strength: 82 -> 87; stat Stamina: 133 -> 141; stat SpellCrit: 52 -> 55; stat MeleeCrit: 52 -> 55; stat Armor: 1777 -> 1822; stat Resilience: 59 -> 63,,,
40868,Furious Gladiator's Dreadplate Shoulders,classic,232,238,no source,,ilvl: 232 -> 238; stat Strength: 82 -> 87; stat Stamina: 133 -> 141; stat SpellCrit: 52 -> 55; stat MeleeCrit: 52 -> 55; stat Armor: 1777 -> 1822; stat Resilience: 59 -> 63,,,
40869,Furious Gladiator's Scaled Shoulders,classic,232,238,no source,,ilvl: 232 -> 238; stat Strength: 82 -> 87; stat Stamina: 133 -> 141; stat SpellCrit: 52 -> 55; stat MeleeCrit: 52 -> 55; stat Armor: 1777 -> 1822; stat Resilience: 59 -> 63,,,
40881,Furious Gladiator's Girdle of Triumph,classic,226,232,no source,,ilvl: 226 -> 232; stat Strength: 77 -> 82; stat Stamina: 126 -> 134; stat SpellCrit: 49 -> 52; stat MeleeCrit: 49 -> 52; stat Armor: 1321 -> 1355; stat Resilience: 56 -> 59,,,
40882,Furious Gladiator's Greaves of Triumph,classic,226,232,no source,,ilvl: 226 -> 232; stat Strength: 77 -> 82; stat Stamina: 126 -> 134; stat SpellCrit: 49 -> 52; stat MeleeCrit: 49 -> 52; stat Armor: 1614 -> 1656; stat Resilience: 56 -> 59,,,
40889,Furious Gladiator's Bracers of Triumph,classic,226,232,no source,,ilvl: 226 -> 232; stat Strength: 63 -> 67; stat Stamina: 94 -> 99; stat SpellCrit: 42 -> 44; stat MeleeCrit: 42 -> 44; stat Armor: 1027 -> 1054; stat Resilience: 42 -> 44,,,
40907,Furious Gladiator's Ornamented Chestguard,classic,232,238,no source,,ilvl: 232 -> 238; stat Stamina: 138 -> 147; stat Intellect: 60 -> 64; stat SpellPower: 123 -> 131; stat SpellCrit: 64 -> 68; stat MeleeCrit: 64 -> 68; stat Armor: 2369 -> 2429; stat Resilience: 80 -> 85,,,
40927,Furious Gladiator's Ornamented Gloves,classic,232,238,no source,,ilvl: 232 -> 238; stat Stamina: 102 -> 108; stat Intellect: 45 -> 48; stat SpellPower: 96 -> 102; stat SpellCrit: 39 -> 41; stat MeleeCrit: 39 -> 41; stat Armor: 1480 -> 1517; stat Resilience: 47 -> 50,,,
40933,Furious Gladiator's Ornamented Headcover,classic,232,238,no source,,ilvl: 232 -> 238; stat Stamina: 138 -> 147; stat Intellect: 60 -> 64; stat SpellPower: 123 -> 131; stat SpellCrit: 64 -> 68; stat MeleeCrit: 64 -> 68; stat Armor: 1925 -> 1974; stat Resilience: 64 -> 68,,,
40939,Furious Gladiator's Ornamented Legplates,classic,232,238,no source,,ilvl: 232 -> 238; stat Stamina: 138 -> 147; stat Intellect: 60 -> 64; stat SpellPower: 123 -> 131; stat SpellCrit: 64 -> 68; stat MeleeCrit: 64 -> 68; stat Armor: 2073 -> 2125; stat Resilience: 80 -> 85,,,
40963,Furious Gladiator's Ornamented Spaulders,classic,232,238,no source,,ilvl: 232 -> 238; stat Stamina: 102 -> 108; stat Intellect: 45 -> 48; stat SpellPower: 96 -> 102; stat SpellCrit: 51 -> 54; stat MeleeCrit: 51 -> 54; stat Armor: 1777 -> 1822; stat Resilience: 60 -> 64,,,
40976,Furious Gladiator's Girdle of Salvation,classic,226,232,no source,,ilvl: 226 -> 232; stat Stamina: 96 -> 102; stat Intellect: 42 -> 45; stat SpellPower: 90 -> 95; stat MP5: 25 -> 27; stat Armor: 1321 -> 1355; stat Resilience: 56 -> 59,,,
40977,Furious Gladiator's Greaves of Salvation,classic,226,232,no source,,ilvl: 226 -> 232; stat Stamina: 96 -> 102; stat Intellect: 42 -> 45; stat SpellPower: 90 -> 95; stat MP5: 25 -> 27; stat Armor: 1614 -> 1656; stat Resilience: 56 -> 59,,,
40983,Furious Gladiator's Bracers of Salvation,classic,226,232,no source,,ilvl: 226 -> 232; stat Stamina: 73 -> 77; stat Intellect: 31 -> 33; stat SpellPower: 73 -> 77; stat MP5: 21 -> 22; stat Armor: 1027 -> 1054; stat Resilience: 42 -> 44,,,
40992,Furious Gladiator's Ringmail Armor,classic,232,238,no source,,ilvl: 232 -> 238; stat Stamina: 138 -> 147; stat Intellect: 60 -> 64; stat SpellPower: 123 -> 131; stat MP5: 33 -> 35; stat Armor: 1325 -> 1359; stat Resilience: 80 -> 85,,,
40993,Furious Gladiator's Mail Armor,classic,232,238,no source,,ilvl: 232 -> 238; stat Stamina: 138 -> 147; stat Intellect: 60 -> 64; stat SpellPower: 123 -> 131; stat SpellCrit: 64 -> 68; stat MeleeCrit: 64 -> 68; stat Armor: 1325 -> 1359; stat Resilience: 80 -> 85,,,
41001,Furious Gladiator's Ringmail Gauntlets,classic,232,238,no source,,ilvl: 232 -> 238; stat Stamina: 102 -> 108; stat Intellect: 45 -> 48; stat SpellPower: 96 -> 102; stat MP5: 20 -> 21; stat Armor: 828 -> 849; stat Resilience: 47 -> 50,,,
41007,Furious Gladiator's Mail Gauntlets,classic,232,238,no source,,ilvl: 232 -> 238; stat Stamina: 102 -> 108; stat Intellect: 45 -> 48; stat SpellPower: 96 -> 102; stat SpellCrit: 39 -> 41; stat MeleeCrit: 39 -> 41; stat Armor: 828 -> 849; stat Resilience: 47 -> 50,,,
41013,Furious Gladiator's Ringmail Helm,classic,232,238,no source,,ilvl: 232 -> 238; stat Stamina: 138 -> 147; stat Intellect: 60 -> 64; stat SpellPower: 123 -> 131; stat MP5: 33 -> 35; stat Armor: 1077 -> 1104; stat Resilience: 64 -> 68,,,
41019,Furious Gladiator's Mail Helm,classic,232,238,no source,,ilvl: 232 -> 238; stat Stamina: 138 -> 147; stat Intellect: 60 -> 64; stat SpellPower: 123 -> 131; stat SpellCrit: 64 -> 68; stat MeleeCrit: 64 -> 68; stat Armor: 1077 -> 1104; stat Resilience: 64 -> 68,,,
41027,Furious Gladiator's Ringmail Leggings,classic,232,238,no source,,ilvl: 232 -> 238; stat Stamina: 138 -> 147; stat Intellect: 60 -> 64; stat SpellPower: 123 -> 131; stat MP5: 33 -> 35; stat Armor: 1160 -> 1189; stat Resilience: 80 -> 85,,,
41033,Furious Gladiator's Mail Leggings,classic,232,238,no source,,ilvl: 232 -> 238; stat Stamina: 138 -> 147; stat Intellect: 60 -> 64; stat SpellPower: 123 -> 131; stat SpellCrit: 64 -> 68; stat MeleeCrit: 64 -> 68; stat Armor: 1160 -> 1189; stat Resilience: 80 -> 85,,,
41038,Furious Gladiator's Ringmail Spaulders,classic,232,238,no source,,ilvl: 232 -> 238; stat Stamina: 102 -> 108; stat Intellect: 45 -> 48; stat SpellPower: 96 -> 102; stat MP5: 25 -> 27; stat Armor: 994 -> 1019; stat Resilience: 60 -> 64,,,
41044,Furious Gladiator's Mail Spaulders,classic,232,238,no source,,ilvl: 232 -> 238; stat Stamina: 102 -> 108; stat Intellect: 45 -> 48; stat SpellPower: 96 -> 102; stat SpellCrit: 51 -> 54; stat MeleeCrit: 51 -> 54; stat Armor: 994 -> 1019; stat Resilience: 60 -> 64,,,
41051,Furious Gladiator's Waistguard of Salvation,classic,226,232,no source,,ilvl: 226 -> 232; stat Stamina: 96 -> 102; stat Intellect: 42 -> 45; stat SpellPower: 90 -> 95; stat MP5: 25 -> 27; stat Armor: 739 -> 758; stat Resilience: 56 -> 59,,,
41055,Furious Gladiator's Sabatons of Salvation,classic,226,232,no source,,ilvl: 226 -> 232; stat Stamina: 96 -> 102; stat Intellect: 42 -> 45; stat SpellPower: 90 -> 95; stat MP5: 25 -> 27; stat Armor: 903 -> 926; stat Resilience: 56 -> 59,,,
41060,Furious Gladiator's Wristguards of Salvation,classic,226,232,no source,,ilvl: 226 -> 232; stat Stamina: 76 -> 80; stat Intellect: 31 -> 33; stat SpellPower: 73 -> 77; stat MP5: 21 -> 22; stat Armor: 575 -> 590; stat Resilience: 42 -> 44,,,
41065,Furious Gladiator's Wristguards of Dominance,classic,226,232,no source,,ilvl: 226 -> 232; stat Stamina: 73 -> 77; stat Intellect: 31 -> 33; stat SpellPower: 73 -> 77; stat SpellCrit: 42 -> 44; stat MeleeCrit: 42 -> 44; stat Armor: 575 -> 590; stat Resilience: 42 -> 44,,,
41070,Furious Gladiator's Waistguard of Dominance,classic,226,232,no source,,ilvl: 226 -> 232; stat Stamina: 96 -> 102; stat Intellect: 42 -> 45; stat SpellPower: 90 -> 95; stat SpellCrit: 48 -> 51; stat MeleeCrit: 48 -> 51; stat Armor: 739 -> 758; stat Resilience: 56 -> 59,,,
41075,Furious Gladiator's Sabatons of Dominance,classic,226,232,no source,,ilvl: 226 -> 232; stat Stamina: 96 -> 102; stat Intellect: 42 -> 45; stat SpellPower: 90 -> 95; stat SpellCrit: 48 -> 51; stat MeleeCrit: 48 -> 51; stat Armor: 903 -> 926; stat Resilience: 56 -> 59,,,
41081,Furious Gladiator's Linked Armor,classic,232,238,no source,,ilvl: 232 -> 238; stat Agility: 80 -> 85; stat Stamina: 138 -> 147; stat Intellect: 60 -> 64; stat SpellCrit: 64 -> 68; stat AttackPower: 130 -> 138; stat MeleeCrit: 64 -> 68; stat Armor: 1325 -> 1359; stat RangedAttackPower: 130 -> 138; stat Resilience: 80 -> 85,,,
41087,Furious Gladiator's Chain Armor,classic,232,238,no source,,ilvl: 232 -> 238; stat Agility: 80 -> 85; stat Stamina: 138 -> 147; stat Intellect: 60 -> 64; stat SpellCrit: 64 -> 68; stat AttackPower: 130 -> 138; stat MeleeCrit: 64 -> 68; stat Armor: 1325 -> 1359; stat RangedAttackPower: 130 -> 138; stat Resilience: 80 -> 85,,,
41137,Furious Gladiator's Linked Gauntlets,classic,232,238,no source,,ilvl: 232 -> 238; stat Agility: 60 -> 64; stat Stamina: 102 -> 108; stat Intellect: 45 -> 48; stat SpellCrit: 39 -> 41; stat AttackPower: 104 -> 110; stat MeleeCrit: 39 -> 41; stat Armor: 828 -> 849; stat RangedAttackPower: 104 -> 110; stat Resilience: 47 -> 50,,,
41143,Furious Gladiator's Chain Gauntlets,classic,232,238,no source,,ilvl: 232 -> 238; stat Agility: 60 -> 64; stat Stamina: 102 -> 108; stat Intellect: 45 -> 48; stat SpellCrit: 39 -> 41; stat AttackPower: 104 -> 110; stat MeleeCrit: 39 -> 41; stat Armor: 828 -> 849; stat RangedAttackPower: 104 -> 110; stat Resilience: 47 -> 50,,,
41151,Furious Gladiator's Linked Helm,classic,232,238,no source,,ilvl: 232 -> 238; stat Agility: 80 -> 85; stat Stamina: 138 -> 147; stat Intellect: 60 -> 64; stat SpellCrit: 64 -> 68; stat AttackPower: 130 -> 138; stat MeleeCrit: 64 -> 68; stat Armor: 1077 -> 1104; stat RangedAttackPower: 130 -> 138; stat Resilience: 64 -> 68,,,
41157,Furious Gladiator's Chain Helm,classic,232,238,no source,,ilvl: 232 -> 238; stat Agility: 80 -> 85; stat Stamina: 138 -> 147; stat Intellect: 60 -> 64; stat SpellCrit: 64 -> 68; stat AttackPower: 130 -> 138; stat MeleeCrit: 64 -> 68; stat Armor: 1077 -> 1104; stat RangedAttackPower: 130 -> 138; stat Resilience: 64 -> 68,,,
41199,Furious Gladiator's Linked Leggings,classic,232,238,no source,,ilvl: 232 -> 238; stat Agility: 81 -> 86; stat Stamina: 138 -> 147; stat Intellect: 60 -> 64; stat SpellCrit: 64 -> 68; stat AttackPower: 128 -> 136; stat MeleeCrit: 64 -> 68; stat Armor: 1160 -> 1189; stat RangedAttackPower: 128 -> 136; stat Resilience: 80 -> 85,,,
41205,Furious Gladiator's Chain Leggings,classic,232,238,no source,,ilvl: 232 -> 238; stat Agility: 81 -> 86; stat Stamina: 138 -> 147; stat Intellect: 60 -> 64; stat SpellCrit: 64 -> 68; stat AttackPower: 128 -> 136; stat MeleeCrit: 64 -> 68; stat Armor: 1160 -> 1189; stat RangedAttackPower: 128 -> 136; stat Resilience: 80 -> 85,,,
41211,Furious Gladiator's Linked Spaulders,classic,232,238,no source,,ilvl: 232 -> 238; stat Agility: 60 -> 64; stat Stamina: 102 -> 108; stat Intellect: 45 -> 48; stat SpellCrit: 51 -> 54; stat AttackPower: 102 -> 108; stat MeleeCrit: 51 -> 54; stat Armor: 994 -> 1019; stat RangedAttackPower: 102 -> 108; stat Resilience: 60 -> 64,,,
41217,Furious Gladiator's Chain Spaulders,classic,232,238,no source,,ilvl: 232 -> 238; stat Agility: 60 -> 64; stat Stamina: 102 -> 108; stat Intellect: 45 -> 48; stat SpellCrit: 51 -> 54; stat AttackPower: 102 -> 108; stat MeleeCrit: 51 -> 54; stat Armor: 994 -> 1019; stat RangedAttackPower: 102 -> 108; stat Resilience: 60 -> 64,,,
41225,Furious Gladiator's Wristguards of Triumph,classic,226,232,no source,,ilvl: 226 -> 232; stat Agility: 42 -> 44; stat Stamina: 73 -> 77; stat Intellect: 31 -> 33; stat SpellCrit: 43 -> 45; stat AttackPower: 84 -> 89; stat MeleeCrit: 43 -> 45; stat Armor: 575 -> 590; stat RangedAttackPower: 84 -> 89; stat Resilience: 41 -> 43,,,
41230,Furious Gladiator's Sabatons of Triumph,classic,226,232,no source,,ilvl: 226 -> 232; stat Agility: 57 -> 60; stat Stamina: 97 -> 103; stat Intellect: 35 -> 37; stat SpellCrit: 56 -> 59; stat AttackPower: 96 -> 102; stat MeleeCrit: 56 -> 59; stat Armor: 903 -> 926; stat RangedAttackPower: 96 -> 102; stat Resilience: 56 -> 59,,,
41235,Furious Gladiator's Waistguard of Triumph,classic,226,232,no source,,ilvl: 226 -> 232; stat Agility: 57 -> 60; stat Stamina: 97 -> 103; stat Intellect: 35 -> 37; stat SpellCrit: 56 -> 59; stat AttackPower: 96 -> 102; stat MeleeCrit: 56 -> 59; stat Armor: 739 -> 758; stat RangedAttackPower: 96 -> 102; stat Resilience: 56 -> 59,,,
41275,Furious Gladiator's Kodohide Spaulders,classic,232,238,no source,,ilvl: 232 -> 238; stat Stamina: 102 -> 108; stat Intellect: 45 -> 48; stat Spirit: 51 -> 54; stat SpellPower: 96 -> 102; stat Armor: 447 -> 458; stat Resilience: 60 -> 64,,,
41281,Furious Gladiator's Wyrmhide Spaulders,classic,232,238,no source,,ilvl: 232 -> 238; stat Stamina: 102 -> 108; stat Intellect: 45 -> 48; stat SpellPower: 96 -> 102; stat SpellCrit: 51 -> 54; stat MeleeCrit: 51 -> 54; stat Armor: 447 -> 458; stat Resilience: 60 -> 64,,,
41287,Furious Gladiator's Kodohide Gloves,classic,232,238,no source,,ilvl: 232 -> 238; stat Stamina: 102 -> 108; stat Intellect: 45 -> 48; stat Spirit: 39 -> 41; stat SpellPower: 96 -> 102; stat Armor: 373 -> 382; stat Resilience: 47 -> 50,,,
41293,Furious Gladiator's Wyrmhide Gloves,classic,232,238,no source,,ilvl: 232 -> 238; stat Stamina: 102 -> 108; stat Intellect: 45 -> 48; stat SpellPower: 96 -> 102; stat SpellCrit: 39 -> 41; stat MeleeCrit: 39 -> 41; stat Armor: 373 -> 382; stat Resilience: 47 -> 50,,,
41298,Furious Gladiator's Kodohide Legguards,classic,232,238,no source,,ilvl: 232 -> 238; stat Stamina: 138 -> 147; stat Intellect: 60 -> 64; stat Spirit: 64 -> 68; stat SpellPower: 123 -> 131; stat Armor: 522 -> 535; stat Resilience: 80 -> 85,,,
41304,Furious Gladiator's Wyrmhide Legguards,classic,232,238,no source,,ilvl: 232 -> 238; stat Stamina: 138 -> 147; stat Intellect: 60 -> 64; stat SpellPower: 123 -> 131; stat SpellCrit: 64 -> 68; stat MeleeCrit: 64 -> 68; stat Armor: 522 -> 535; stat Resilience: 80 -> 85,,,
41310,Furious Gladiator's Kodohide Robes,classic,232,238,no source,,ilvl: 232 -> 238; stat Stamina: 138 -> 147; stat Intellect: 60 -> 64; stat Spirit: 64 -> 68; stat SpellPower: 123 -> 131; stat Armor: 596 -> 611; stat Resilience: 80 -> 85,,,
41316,Furious Gladiator's Wyrmhide Robes,classic,232,238,no source,,ilvl: 232 -> 238; stat Stamina: 138 -> 147; stat Intellect: 60 -> 64; stat SpellPower: 123 -> 131; stat SpellCrit: 64 -> 68; stat MeleeCrit: 64 -> 68; stat Armor: 596 -> 611; stat Resilience: 80 -> 85,,,
41321,Furious Gladiator's Kodohide Helm,classic,232,238,no source,,ilvl: 232 -> 238; stat Stamina: 138 -> 147; stat Intellect: 60 -> 64; stat Spirit: 64 -> 68; stat SpellPower: 123 -> 131; stat Armor: 485 -> 497; stat Resilience: 64 -> 68,,,
41327,Furious Gladiator's Wyrmhide Helm,classic,232,238,no source,,ilvl: 232 -> 238; stat Stamina: 138 -> 147; stat Intellect: 60 -> 64; stat SpellPower: 123 -> 131; stat SpellCrit: 64 -> 68; stat MeleeCrit: 64 -> 68; stat Armor: 485 -> 497; stat Resilience: 64 -> 68,,,
41617,Furious Gladiator's Belt of Salvation,classic,226,232,no source,,ilvl: 226 -> 232; stat Stamina: 96 -> 102; stat Intellect: 42 -> 45; stat Spirit: 48 -> 51; stat SpellPower: 90 -> 95; stat Armor: 333 -> 342; stat Resilience: 56 -> 59,,,
41621,Furious Gladiator's Boots of Salvation,classic,226,232,no source,,ilvl: 226 -> 232; stat Stamina: 96 -> 102; stat Intellect: 42 -> 45; stat Spirit: 48 -> 51; stat SpellPower: 90 -> 95; stat Armor: 406 -> 417; stat Resilience: 56 -> 59,,,
41625,Furious Gladiator's Armwraps of Salvation,classic,226,232,no source,,ilvl: 226 -> 232; stat Stamina: 73 -> 77; stat Intellect: 31 -> 33; stat Spirit: 42 -> 44; stat SpellPower: 73 -> 77; stat Armor: 259 -> 266; stat Resilience: 42 -> 44,,,
41630,Furious Gladiator's Belt of Dominance,classic,226,232,no source,,ilvl: 226 -> 232; stat Stamina: 96 -> 102; stat Intellect: 42 -> 45; stat SpellPower: 90 -> 95; stat SpellCrit: 48 -> 51; stat MeleeCrit: 48 -> 51; stat Armor: 333 -> 342; stat Resilience: 56 -> 59,,,
41635,Furious Gladiator's Boots of Dominance,classic,226,232,no source,,ilvl: 226 -> 232; stat Stamina: 96 -> 102; stat Intellect: 42 -> 45; stat SpellPower: 90 -> 95; stat SpellCrit: 48 -> 51; stat MeleeCrit: 48 -> 51; stat Armor: 406 -> 417; stat Resilience: 56 -> 59,,,
41640,Furious Gladiator's Armwraps of Dominance,classic,226,232,no source,,ilvl: 226 -> 232; stat Stamina: 73 -> 77; stat Intellect: 31 -> 33; stat SpellPower: 73 -> 77; stat SpellCrit: 42 -> 44; stat MeleeCrit: 42 -> 44; stat Armor: 259 -> 266; stat Resilience: 42 -> 44,,,
41650,Furious Gladiator's Leather Tunic,classic,232,238,no source,,ilvl: 232 -> 238; stat Agility: 105 -> 112; stat Stamina: 138 -> 147; stat SpellCrit: 64 -> 68; stat AttackPower: 120 -> 128; stat MeleeCrit: 64 -> 68; stat Armor: 596 -> 611; stat RangedAttackPower: 120 -> 128; stat Resilience: 80 -> 85,,,
41655,Furious Gladiator's Leather Legguards,classic,232,238,no source,,ilvl: 232 -> 238; stat Agility: 105 -> 112; stat Stamina: 138 -> 147; stat SpellCrit: 64 -> 68; stat AttackPower: 120 -> 128; stat MeleeCrit: 64 -> 68; stat Armor: 522 -> 535; stat RangedAttackPower: 120 -> 128; stat Resilience: 80 -> 85,,,
41661,Furious Gladiator's Dragonhide Robes,classic,232,238,no source,,ilvl: 232 -> 238; stat Agility: 105 -> 112; stat Stamina: 138 -> 147; stat SpellCrit: 64 -> 68; stat AttackPower: 120 -> 128; stat MeleeCrit: 64 -> 68; stat Armor: 596 -> 611; stat RangedAttackPower: 120 -> 128; stat Resilience: 80 -> 85,,,
41667,Furious Gladiator's Dragonhide Legguards,classic,232,238,no source,,ilvl: 232 -> 238; stat Agility: 105 -> 112; stat Stamina: 138 -> 147; stat SpellCrit: 64 -> 68; stat AttackPower: 120 -> 128; stat MeleeCrit: 64 -> 68; stat Armor: 522 -> 535; stat RangedAttackPower: 120 -> 128; stat Resilience: 80 -> 85,,,
41672,Furious Gladiator's Leather Helm,classic,232,238,no source,,ilvl: 232 -> 238; stat Agility: 105 -> 112; stat Stamina: 138 -> 147; stat SpellCrit: 64 -> 68; stat AttackPower: 120 -> 128; stat MeleeCrit: 64 -> 68; stat Armor: 485 -> 497; stat RangedAttackPower: 120 -> 128; stat Resilience: 64 -> 68,,,
41678,Furious Gladiator's Dragonhide Helm,classic,232,238,no source,,ilvl: 232 -> 238; stat Agility: 105 -> 112; stat Stamina: 138 -> 147; stat SpellCrit: 64 -> 68; stat AttackPower: 120 -> 128; stat MeleeCrit: 64 -> 68; stat Armor: 485 -> 497; stat RangedAttackPower: 120 -> 128; stat Resilience: 64 -> 68,,,
41683,Furious Gladiator's Leather Spaulders,classic,232,238,no source,,ilvl: 232 -> 238; stat Agility: 82 -> 87; stat Stamina: 102 -> 108; stat SpellCrit: 51 -> 54; stat AttackPower: 90 -> 95; stat MeleeCrit: 51 -> 54; stat Armor: 447 -> 458; stat RangedAttackPower: 90 -> 95; stat Resilience: 60 -> 64,,,
41715,Furious Gladiator's Dragonhide Spaulders,classic,232,238,no source,,ilvl: 232 -> 238; stat Agility: 82 -> 87; stat Stamina: 102 -> 108; stat SpellCrit: 51 -> 54; stat AttackPower: 90 -> 95; stat MeleeCrit: 51 -> 54; stat Armor: 447 -> 458; stat RangedAttackPower: 90 -> 95; stat Resilience: 60 -> 64,,,
41756,Heart's Blood Signet,unobtainable,158,158,no source,,stat SpellPower: 0 -> 37,,,
41759,Shackles of Perpetual Friendship,unobtainable,158,158,no source,,stat ArmorPenetration: 0 -> 34,,,
41767,Furious Gladiator's Leather Gloves,classic,232,238,no source,,ilvl: 232 -> 238; stat Agility: 82 -> 87; stat Stamina: 102 -> 108; stat SpellCrit: 39 -> 41; stat AttackPower: 90 -> 95; stat MeleeCrit: 39 -> 41; stat Armor: 373 -> 382; stat RangedAttackPower: 90 -> 95; stat Resilience: 47 -> 50,,,
41773,Furious Gladiator's Dragonhide Gloves,classic,232,238,no source,,ilvl: 232 -> 238; stat Agility: 82 -> 87; stat Stamina: 102 -> 108; stat SpellCrit: 39 -> 41; stat AttackPower: 90 -> 95; stat MeleeCrit: 39 -> 41; stat Armor: 373 -> 382; stat RangedAttackPower: 90 -> 95; stat Resilience: 47 -> 50,,,
41832,Furious Gladiator's Belt of Triumph,classic,226,232,no source,,ilvl: 226 -> 232; stat Agility: 77 -> 82; stat Stamina: 96 -> 102; stat SpellCrit: 48 -> 51; stat AttackPower: 84 -> 89; stat MeleeCrit: 48 -> 51; stat Armor: 333 -> 342; stat RangedAttackPower: 84 -> 89; stat Resilience: 56 -> 59,,,
41836,Furious Gladiator's Boots of Triumph,classic,226,232,no source,,ilvl: 226 -> 232; stat Agility: 77 -> 82; stat Stamina: 96 -> 102; stat SpellCrit: 48 -> 51; stat AttackPower: 84 -> 89; stat MeleeCrit: 48 -> 51; stat Armor: 406 -> 417; stat RangedAttackPower: 84 -> 89; stat Resilience: 56 -> 59,,,
41840,Furious Gladiator's Armwraps of Triumph,classic,226,232,no source,,ilvl: 226 -> 232; stat Agility: 63 -> 67; stat Stamina: 73 -> 77; stat SpellCrit: 43 -> 45; stat AttackPower: 62 -> 66; stat MeleeCrit: 43 -> 45; stat Armor: 259 -> 266; stat RangedAttackPower: 62 -> 66; stat Resilience: 41 -> 43,,,
41854,Furious Gladiator's Mooncloth Hood,classic,232,238,no source,,ilvl: 232 -> 238; stat Stamina: 138 -> 147; stat Intellect: 60 -> 64; stat Spirit: 64 -> 68; stat SpellPower: 123 -> 131; stat Armor: 258 -> 265; stat Resilience: 64 -> 68,,,
41859,Furious Gladiator's Mooncloth Robe,classic,232,238,no source,,ilvl: 232 -> 238; stat Stamina: 138 -> 147; stat Intellect: 60 -> 64; stat Spirit: 64 -> 68; stat SpellPower: 123 -> 131; stat Armor: 317 -> 325; stat Resilience: 80 -> 85,,,
41864,Furious Gladiator's Mooncloth Leggings,classic,232,238,no source,,ilvl: 232 -> 238; stat Stamina: 138 -> 147; stat Intellect: 60 -> 64; stat Spirit: 64 -> 68; stat SpellPower: 123 -> 131; stat Armor: 278 -> 285; stat Resilience: 80 -> 85,,,
41869,Furious Gladiator's Mooncloth Mantle,classic,232,238,no source,,ilvl: 232 -> 238; stat Stamina: 102 -> 108; stat Intellect: 45 -> 48; stat Spirit: 51 -> 54; stat SpellPower: 96 -> 102; stat Armor: 238 -> 244; stat Resilience: 60 -> 64,,,
41874,Furious Gladiator's Mooncloth Gloves,classic,232,238,no source,,ilvl: 232 -> 238; stat Stamina: 102 -> 108; stat Intellect: 45 -> 48; stat Spirit: 39 -> 41; stat SpellPower: 96 -> 102; stat Armor: 198 -> 203; stat Resilience: 47 -> 50,,,
41881,Furious Gladiator's Cord of Salvation,classic,226,232,no source,,ilvl: 226 -> 232; stat Stamina: 96 -> 102; stat Intellect: 42 -> 45; stat Spirit: 48 -> 51; stat SpellPower: 90 -> 95; stat Armor: 177 -> 182; stat Resilience: 56 -> 59,,,
41885,Furious Gladiator's Slippers of Salvation,classic,226,232,no source,,ilvl: 226 -> 232; stat Stamina: 96 -> 102; stat Intellect: 42 -> 45; stat Spirit: 48 -> 51; stat SpellPower: 90 -> 95; stat Armor: 216 -> 222; stat Resilience: 56 -> 59,,,
41893,Furious Gladiator's Cuffs of Salvation,classic,226,232,no source,,ilvl: 226 -> 232; stat Stamina: 73 -> 77; stat Intellect: 31 -> 33; stat Spirit: 42 -> 44; stat SpellPower: 73 -> 77; stat Armor: 138 -> 142; stat Resilience: 42 -> 44,,,
41898,Furious Gladiator's Cord of Dominance,classic,226,232,no source,,ilvl: 226 -> 232; stat Stamina: 96 -> 102; stat Intellect: 42 -> 45; stat SpellPower: 90 -> 95; stat SpellCrit: 48 -> 51; stat MeleeCrit: 48 -> 51; stat Armor: 177 -> 182; stat Resilience: 56 -> 59,,,
41903,Furious Gladiator's Slippers of Dominance,classic,226,232,no source,,ilvl: 226 -> 232; stat Stamina: 96 -> 102; stat Intellect: 42 -> 45; stat SpellPower: 90 -> 95; stat SpellCrit: 48 -> 51; stat MeleeCrit: 48 -> 51; stat Armor: 216 -> 222; stat Resilience: 56 -> 59,,,
41909,Furious Gladiator's Cuffs of Dominance,classic,226,232,no source,,ilvl: 226 -> 232; stat Stamina: 73 -> 77; stat Intellect: 31 -> 33; stat SpellPower: 73 -> 77; stat SpellCrit: 42 -> 44; stat MeleeCrit: 42 -> 44; stat Armor: 138 -> 142; stat Resilience: 42 -> 44,,,
41915,Furious Gladiator's Satin Hood,classic,232,238,no source,,ilvl: 232 -> 238; stat Stamina: 138 -> 147; stat Intellect: 60 -> 64; stat SpellPower: 123 -> 131; stat SpellCrit: 64 -> 68; stat MeleeCrit: 64 -> 68; stat Armor: 258 -> 265; stat Resilience: 64 -> 68,,,
41921,Furious Gladiator's Satin Robe,classic,232,238,no source,,ilvl: 232 -> 238; stat Stamina: 138 -> 147; stat Intellect: 60 -> 64; stat SpellPower: 123 -> 131; stat SpellCrit: 64 -> 68; stat MeleeCrit: 64 -> 68; stat Armor: 317 -> 325; stat Resilience: 80 -> 85,,,
41927,Furious Gladiator's Satin Leggings,classic,232,238,no source,,ilvl: 232 -> 238; stat Stamina: 138 -> 147; stat Intellect: 60 -> 64; stat SpellPower: 123 -> 131; stat SpellCrit: 64 -> 68; stat MeleeCrit: 64 -> 68; stat Armor: 278 -> 285; stat Resilience: 80 -> 85,,,
41934,Furious Gladiator's Satin Mantle,classic,232,238,no source,,ilvl: 232 -> 238; stat Stamina: 102 -> 108; stat Intellect: 45 -> 48; stat SpellPower: 96 -> 102; stat SpellCrit: 51 -> 54; stat MeleeCrit: 51 -> 54; stat Armor: 238 -> 244; stat Resilience: 60 -> 64,,,
41940,Furious Gladiator's Satin Gloves,classic,232,238,no source,,ilvl: 232 -> 238; stat Stamina: 102 -> 108; stat Intellect: 45 -> 48; stat SpellPower: 96 -> 102; stat SpellCrit: 39 -> 41; stat MeleeCrit: 39 -> 41; stat Armor: 198 -> 203; stat Resilience: 47 -> 50,,,
41946,Furious Gladiator's Silk Cowl,classic,232,238,no source,,ilvl: 232 -> 238; stat Stamina: 138 -> 147; stat Intellect: 60 -> 64; stat SpellPower: 123 -> 131; stat SpellCrit: 64 -> 68; stat MeleeCrit: 64 -> 68; stat Armor: 258 -> 265; stat Resilience: 64 -> 68,,,
41953,Furious Gladiator's Silk Raiment,classic,232,238,no source,,ilvl: 232 -> 238; stat Stamina: 138 -> 147; stat Intellect: 60 -> 64; stat SpellPower: 123 -> 131; stat SpellCrit: 64 -> 68; stat MeleeCrit: 64 -> 68; stat Armor: 317 -> 325; stat Resilience: 80 -> 85,,,
41959,Furious Gladiator's Silk Trousers,classic,232,238,no source,,ilvl: 232 -> 238; stat Stamina: 138 -> 147; stat Intellect: 60 -> 64; stat SpellPower: 123 -> 131; stat SpellCrit: 64 -> 68; stat MeleeCrit: 64 -> 68; stat Armor: 278 -> 285; stat Resilience: 80 -> 85,,,
41965,Furious Gladiator's Silk Amice,classic,232,238,no source,,ilvl: 232 -> 238; stat Stamina: 102 -> 108; stat Intellect: 45 -> 48; stat SpellPower: 96 -> 102; stat SpellCrit: 51 -> 54; stat MeleeCrit: 51 -> 54; stat Armor: 238 -> 244; stat Resilience: 60 -> 64,,,
41971,Furious Gladiator's Silk Handguards,classic,232,238,no source,,ilvl: 232 -> 238; stat Stamina: 102 -> 108; stat Intellect: 45 -> 48; stat SpellPower: 96 -> 102; stat SpellCrit: 39 -> 41; stat MeleeCrit: 39 -> 41; stat Armor: 198 -> 203; stat Resilience: 47 -> 50,,,
41993,Furious Gladiator's Felweave Cowl,classic,232,238,no source,,ilvl: 232 -> 238; stat Stamina: 138 -> 147; stat Intellect: 60 -> 64; stat SpellPower: 123 -> 131; stat SpellCrit: 64 -> 68; stat MeleeCrit: 64 -> 68; stat Armor: 258 -> 265; stat Resilience: 64 -> 68,,,
41998,Furious Gladiator's Felweave Raiment,classic,232,238,no source,,ilvl: 232 -> 238; stat Stamina: 138 -> 147; stat Intellect: 60 -> 64; stat SpellPower: 123 -> 131; stat SpellCrit: 64 -> 68; stat MeleeCrit: 64 -> 68; stat Armor: 317 -> 325; stat Resilience: 80 -> 85,,,
42005,Furious Gladiator's Felweave Trousers,classic,232,238,no source,,ilvl: 232 -> 238; stat Stamina: 138 -> 147; stat Intellect: 60 -> 64; stat SpellPower: 123 -> 131; stat SpellCrit: 64 -> 68; stat MeleeCrit: 64 -> 68; stat Armor: 278 -> 285; stat Resilience: 80 -> 85,,,
42011,Furious Gladiator's Felweave Amice,classic,232,238,no source,,ilvl: 232 -> 238; stat Stamina: 102 -> 108; stat Intellect: 45 -> 48; stat SpellPower: 96 -> 102; stat SpellCrit: 51 -> 54; stat MeleeCrit: 51 -> 54; stat Armor: 238 -> 244; stat Resilience: 60 -> 64,,,
42017,Furious Gladiator's Felweave Handguards,classic,232,238,no source,,ilvl: 232 -> 238; stat Stamina: 102 -> 108; stat Intellect: 45 -> 48; stat SpellPower: 96 -> 102; stat SpellCrit: 39 -> 41; stat MeleeCrit: 39 -> 41; stat Armor: 198 -> 203; stat Resilience: 47 -> 50,,,
42034,Furious Gladiator's Pendant of Triumph,classic,226,232,no source,,ilvl: 226 -> 232; stat Stamina: 94 -> 99; stat SpellCrit: 42 -> 44; stat AttackPower: 126 -> 133; stat MeleeCrit: 42 -> 44; stat RangedAttackPower: 126 -> 133; stat Resilience: 42 -> 44,,,
42035,Furious Gladiator's Pendant of Victory,classic,226,232,no source,,ilvl: 226 -> 232; stat Stamina: 94 -> 99; stat SpellHit: 42 -> 44; stat AttackPower: 126 -> 133; stat MeleeHit: 42 -> 44; stat RangedAttackPower: 126 -> 133; stat Resilience: 42 -> 44,,,
42036,Furious Gladiator's Pendant of Dominance,classic,226,232,no source,,ilvl: 226 -> 232; stat Stamina: 73 -> 77; stat Intellect: 31 -> 33; stat SpellPower: 73 -> 77; stat SpellCrit: 42 -> 44; stat MeleeCrit: 42 -> 44; stat Resilience: 42 -> 44,,,
42037,Furious Gladiator's Pendant of Ascendancy,classic,226,232,no source,,ilvl: 226 -> 232; stat Stamina: 73 -> 77; stat Intellect: 31 -> 33; stat SpellPower: 73 -> 77; stat SpellHit: 42 -> 44; stat MeleeHit: 42 -> 44; stat Resilience: 42 -> 44,,,
42038,Furious Gladiator's Pendant of Subjugation,classic,226,232,no source,,ilvl: 226 -> 232; stat Stamina: 73 -> 77; stat Intellect: 31 -> 33; stat SpellPower: 73 -> 77; stat SpellHaste: 42 -> 44; stat MeleeHaste: 42 -> 44; stat Resilience: 42 -> 44,,,
42039,Furious Gladiator's Pendant of Deliverance,classic,226,232,no source,,ilvl: 226 -> 232; stat Stamina: 73 -> 77; stat Intellect: 31 -> 33; stat Spirit: 42 -> 44; stat SpellPower: 73 -> 77; stat Resilience: 42 -> 44,,,
42040,Furious Gladiator's Pendant of Salvation,classic,226,232,no source,,ilvl: 226 -> 232; stat Stamina: 73 -> 77; stat Intellect: 31 -> 33; stat SpellPower: 73 -> 77; stat MP5: 21 -> 22; stat Resilience: 42 -> 44,,,
42069,Furious Gladiator's Cloak of Dominance,classic,226,232,no source,,ilvl: 226 -> 232; stat Stamina: 73 -> 77; stat Intellect: 31 -> 33; stat SpellPower: 73 -> 77; stat SpellCrit: 42 -> 44; stat MeleeCrit: 42 -> 44; stat Armor: 157 -> 161; stat Resilience: 42 -> 44,,,
42070,Furious Gladiator's Cloak of Subjugation,classic,226,232,no source,,ilvl: 226 -> 232; stat Stamina: 73 -> 77; stat Intellect: 31 -> 33; stat SpellPower: 73 -> 77; stat SpellHaste: 42 -> 44; stat MeleeHaste: 42 -> 44; stat Armor: 157 -> 161; stat Resilience: 42 -> 44,,,
42071,Furious Gladiator's Cloak of Ascendancy,classic,226,232,no source,,ilvl: 226 -> 232; stat Stamina: 73 -> 77; stat Intellect: 31 -> 33; stat SpellPower: 73 -> 77; stat SpellHit: 42 -> 44; stat MeleeHit: 42 -> 44; stat Armor: 157 -> 161; stat Resilience: 42 -> 44,,,
42072,Furious Gladiator's Cloak of Salvation,classic,226,232,no source,,ilvl: 226 -> 232; stat Stamina: 73 -> 77; stat Intellect: 31 -> 33; stat SpellPower: 73 -> 77; stat MP5: 21 -> 22; stat Armor: 157 -> 161; stat Resilience: 42 -> 44,,,
42073,Furious Gladiator's Cloak of Deliverance,classic,226,232,no source,,ilvl: 226 -> 232; stat Stamina: 73 -> 77; stat Intellect: 31 -> 33; stat Spirit: 42 -> 44; stat SpellPower: 73 -> 77; stat Armor: 157 -> 161; stat Resilience: 42 -> 44,,,
42074,Furious Gladiator's Cloak of Triumph,classic,226,232,no source,,ilvl: 226 -> 232; stat Stamina: 94 -> 99; stat SpellCrit: 42 -> 44; stat AttackPower: 126 -> 133; stat MeleeCrit: 42 -> 44; stat Armor: 157 -> 161; stat RangedAttackPower: 126 -> 133; stat Resilience: 42 -> 44,,,
42075,Furious Gladiator's Cloak of Victory,classic,226,232,no source,,ilvl: 226 -> 232; stat Stamina: 94 -> 99; stat SpellHit: 42 -> 44; stat AttackPower: 126 -> 133; stat MeleeHit: 42 -> 44; stat Armor: 157 -> 161; stat RangedAttackPower: 126 -> 133; stat Resilience: 42 -> 44,,,
42116,Furious Gladiator's Band of Dominance,classic,226,232,no source,,ilvl: 226 -> 232; stat Stamina: 73 -> 77; stat Intellect: 31 -> 33; stat SpellPower: 73 -> 77; stat SpellCrit: 42 -> 44; stat MeleeCrit: 42 -> 44; stat Resilience: 42 -> 44,,,
42117,Furious Gladiator's Band of Triumph,classic,226,232,no source,,ilvl: 226 -> 232; stat Stamina: 94 -> 99; stat SpellCrit: 42 -> 44; stat AttackPower: 126 -> 133; stat MeleeCrit: 42 -> 44; stat RangedAttackPower: 126 -> 133; stat Resilience: 42 -> 44,,,
42209,Furious Gladiator's Cleaver,classic,232,238,no source,,ilvl: 232 -> 238; stat Stamina: 78 -> 83; stat SpellCrit: 26 -> 28; stat AttackPower: 86 -> 91; stat MeleeCrit: 26 -> 28; stat RangedAttackPower: 86 -> 91; stat Resilience: 34 -> 36; weapon damage min: 325 -> 339; weapon damage max: 605 -> 632,,,
42228,Furious Gladiator's Hacker,classic,232,238,no source,,ilvl: 232 -> 238; stat Stamina: 78 -> 83; stat SpellCrit: 26 -> 28; stat AttackPower: 86 -> 91; stat MeleeCrit: 26 -> 28; stat RangedAttackPower: 86 -> 91; stat Resilience: 34 -> 36; weapon damage min: 187 -> 195; weapon damage max: 349 -> 364,,,
42233,Furious Gladiator's Chopper,classic,232,238,no source,,ilvl: 232 -> 238; stat Stamina: 78 -> 82; stat SpellCrit: 26 -> 27; stat AttackPower: 86 -> 91; stat MeleeCrit: 26 -> 27; stat RangedAttackPower: 86 -> 91; stat Resilience: 34 -> 36; weapon damage min: 325 -> 339; weapon damage max: 605 -> 632,,,
42238,Furious Gladiator's Waraxe,unobtainable,232,238,no source,,ilvl: 232 -> 238; stat Stamina: 78 -> 83; stat SpellCrit: 26 -> 28; stat AttackPower: 86 -> 91; stat MeleeCrit: 26 -> 28; stat RangedAttackPower: 86 -> 91; stat Resilience: 34 -> 36,,,
42243,Furious Gladiator's Shanker,classic,232,238,no source,,ilvl: 232 -> 238; stat Stamina: 78 -> 83; stat SpellCrit: 26 -> 28; stat AttackPower: 86 -> 91; stat MeleeCrit: 26 -> 28; stat RangedAttackPower: 86 -> 91; stat Resilience: 34 -> 36; weapon damage min: 257 -> 268; weapon damage max: 387 -> 404,,,
42249,Furious Gladiator's Shiv,classic,232,238,no source,,ilvl: 232 -> 238; stat Stamina: 78 -> 83; stat SpellCrit: 26 -> 28; stat AttackPower: 86 -> 91; stat MeleeCrit: 26 -> 28; stat RangedAttackPower: 86 -> 91; stat Resilience: 34 -> 36; weapon damage min: 175 -> 183; weapon damage max: 326 -> 340,,,
42256,Furious Gladiator's Mutilator,classic,232,238,no source,,ilvl: 232 -> 238; stat Stamina: 78 -> 83; stat SpellCrit: 26 -> 28; stat AttackPower: 86 -> 91; stat MeleeCrit: 26 -> 28; stat RangedAttackPower: 86 -> 91; stat Resilience: 34 -> 36; weapon damage min: 225 -> 235; weapon damage max: 419 -> 438,,,
42261,Furious Gladiator's Right Ripper,classic,232,238,no source,,ilvl: 232 -> 238; stat Stamina: 78 -> 83; stat SpellCrit: 26 -> 28; stat AttackPower: 86 -> 91; stat MeleeCrit: 26 -> 28; stat RangedAttackPower: 86 -> 91; stat Resilience: 34 -> 36; weapon damage min: 325 -> 339; weapon damage max: 605 -> 632,,,
42266,Furious Gladiator's Left Render,classic,232,238,no source,,ilvl: 232 -> 238; stat Stamina: 78 -> 82; stat SpellCrit: 26 -> 27; stat AttackPower: 86 -> 91; stat MeleeCrit: 26 -> 27; stat RangedAttackPower: 86 -> 91; stat Resilience: 34 -> 36; weapon damage min: 325 -> 339; weapon damage max: 605 -> 632,,,
42271,Furious Gladiator's Left Ripper,classic,232,238,no source,,ilvl: 232 -> 238; stat Stamina: 78 -> 83; stat SpellCrit: 26 -> 28; stat AttackPower: 86 -> 91; stat MeleeCrit: 26 -> 28; stat RangedAttackPower: 86 -> 91; stat Resilience: 34 -> 36; weapon damage min: 187 -> 195; weapon damage max: 349 -> 364,,,
42276,Furious Gladiator's Pummeler,classic,232,238,no source,,ilvl: 232 -> 238; stat Stamina: 78 -> 83; stat SpellCrit: 26 -> 28; stat AttackPower: 86 -> 91; stat MeleeCrit: 26 -> 28; stat RangedAttackPower: 86 -> 91; stat Resilience: 34 -> 36; weapon damage min: 325 -> 339; weapon damage max: 605 -> 632,,,
42281,Furious Gladiator's Bonecracker,classic,232,238,no source,,ilvl: 232 -> 238; stat Stamina: 78 -> 83; stat SpellCrit: 26 -> 28; stat AttackPower: 86 -> 91; stat MeleeCrit: 26 -> 28; stat RangedAttackPower: 86 -> 91; stat Resilience: 34 -> 36; weapon damage min: 187 -> 195; weapon damage max: 349 -> 364,,,
42286,Furious Gladiator's Slicer,classic,232,238,no source,,ilvl: 232 -> 238; stat Stamina: 78 -> 83; stat SpellCrit: 26 -> 28; stat AttackPower: 86 -> 91; stat MeleeCrit: 26 -> 28; stat RangedAttackPower: 86 -> 91; stat Resilience: 34 -> 36; weapon damage min: 372 -> 388; weapon damage max: 558 -> 583,,,
42291,Furious Gladiator's Quickblade,classic,232,238,no source,,ilvl: 232 -> 238; stat Stamina: 78 -> 82; stat SpellCrit: 26 -> 27; stat AttackPower: 86 -> 91; stat MeleeCrit: 26 -> 27; stat RangedAttackPower: 86 -> 91; stat Resilience: 34 -> 36; weapon damage min: 187 -> 195; weapon damage max: 349 -> 364,,,
42318,Furious Gladiator's Decapitator,classic,232,238,no source,,ilvl: 232 -> 238; stat Stamina: 180 -> 191; stat SpellCrit: 64 -> 68; stat AttackPower: 210 -> 223; stat MeleeCrit: 64 -> 68; stat RangedAttackPower: 210 -> 223; stat Resilience: 80 -> 85; weapon damage min: 670 -> 700; weapon damage max: 1005 -> 1049,,,
42323,Furious Gladiator's Bonegrinder,classic,232,238,no source,,ilvl: 232 -> 238; stat Stamina: 180 -> 191; stat SpellCrit: 64 -> 68; stat AttackPower: 210 -> 223; stat MeleeCrit: 64 -> 68; stat RangedAttackPower: 210 -> 223; stat Resilience: 80 -> 85; weapon damage min: 670 -> 700; weapon damage max: 1005 -> 1049,,,
42328,Furious Gladiator's Pike,classic,232,238,no source,,ilvl: 232 -> 238; stat Stamina: 180 -> 191; stat SpellCrit: 64 -> 68; stat AttackPower: 210 -> 223; stat MeleeCrit: 64 -> 68; stat RangedAttackPower: 210 -> 223; stat Resilience: 80 -> 85; weapon damage min: 670 -> 700; weapon damage max: 1005 -> 1049,,,
42333,Furious Gladiator's Greatsword,classic,232,238,no source,,ilvl: 232 -> 238; stat Stamina: 180 -> 191; stat SpellCrit: 64 -> 68; stat AttackPower: 210 -> 223; stat MeleeCrit: 64 -> 68; stat RangedAttackPower: 210 -> 223; stat Resilience: 80 -> 85; weapon damage min: 670 -> 700; weapon damage max: 1005 -> 1049,,,
42347,Furious Gladiator's Spellblade,classic,232,238,no source,,ilvl: 232 -> 238; stat Stamina: 66 -> 70; stat Intellect: 44 -> 47; stat SpellPower: 550 -> 583; stat SpellCrit: 36 -> 38; stat MeleeCrit: 36 -> 38; stat Resilience: 36 -> 38; weapon damage min: 79 -> 83; weapon damage max: 251 -> 262,,,
42353,Furious Gladiator's Gavel,classic,232,238,no source,,ilvl: 232 -> 238; stat Stamina: 66 -> 70; stat Intellect: 44 -> 47; stat SpellPower: 550 -> 583; stat MP5: 18 -> 19; stat Resilience: 36 -> 38; weapon damage min: 79 -> 83; weapon damage max: 251 -> 262,,,
42364,Furious Gladiator's Battle Staff,classic,232,238,no source,,ilvl: 232 -> 238; stat Stamina: 175 -> 186; stat Intellect: 77 -> 82; stat SpellPower: 550 -> 584; stat SpellCrit: 86 -> 91; stat MeleeCrit: 86 -> 91; stat Resilience: 86 -> 91; weapon damage min: 221 -> 237; weapon damage max: 407 -> 432,,,
42385,Furious Gladiator's Energy Staff,classic,232,238,no source,,ilvl: 232 -> 238; stat Stamina: 175 -> 186; stat Intellect: 77 -> 82; stat Spirit: 86 -> 91; stat SpellPower: 550 -> 584; stat Resilience: 86 -> 91; weapon damage min: 221 -> 237; weapon damage max: 407 -> 432,,,
42388,Savage Gladiator's Staff,unobtainable,200,200,no source,,weapon damage min: 160 -> 270; weapon damage max: 296 -> 406,,,
42389,Hateful Gladiator's Staff,unobtainable,200,200,no source,,weapon damage min: 176 -> 298; weapon damage max: 327 -> 448,,,
42391,Furious Gladiator's Staff,classic,232,238,no source,,ilvl: 232 -> 238; stat Agility: 105 -> 112; stat Stamina: 180 -> 191; stat SpellCrit: 64 -> 68; stat MeleeCrit: 64 -> 68; stat Resilience: 80 -> 85; weapon damage min: 372 -> 388; weapon damage max: 558 -> 583,,,
42444,Savage Gladiator's War Edge,unobtainable,200,200,no source,,weapon damage min: 178 -> 257; weapon damage max: 267 -> 386,,,
42449,Hateful Gladiator's War Edge,unobtainable,200,200,no source,,weapon damage min: 196 -> 283; weapon damage max: 295 -> 425,,,
42451,Furious Gladiator's War Edge,classic,232,238,no source,,ilvl: 232 -> 238; stat Stamina: 55 -> 58; stat SpellCrit: 26 -> 27; stat AttackPower: 76 -> 80; stat MeleeCrit: 26 -> 27; stat RangedAttackPower: 76 -> 80; stat Resilience: 25 -> 26; weapon damage min: 353 -> 369; weapon damage max: 531 -> 554,,,
42486,Furious Gladiator's Rifle,classic,232,238,no source,,ilvl: 232 -> 238; stat Stamina: 55 -> 58; stat SpellCrit: 26 -> 27; stat AttackPower: 76 -> 80; stat MeleeCrit: 26 -> 27; stat RangedAttackPower: 76 -> 80; stat Resilience: 25 -> 26; weapon damage min: 464 -> 487; weapon damage max: 658 -> 693,,,
42491,Furious Gladiator's Longbow,classic,232,238,no source,,ilvl: 232 -> 238; stat Stamina: 55 -> 58; stat SpellCrit: 26 -> 27; stat AttackPower: 76 -> 80; stat MeleeCrit: 26 -> 27; stat RangedAttackPower: 76 -> 80; stat Resilience: 25 -> 26; weapon damage min: 464 -> 487; weapon damage max: 658 -> 693,,,
42496,Furious Gladiator's Heavy Crossbow,classic,232,238,no source,,ilvl: 232 -> 238; stat Stamina: 55 -> 58; stat SpellCrit: 26 -> 27; stat AttackPower: 76 -> 80; stat MeleeCrit: 26 -> 27; stat RangedAttackPower: 76 -> 80; stat Resilience: 25 -> 26; weapon damage min: 464 -> 487; weapon damage max: 658 -> 693,,,
42503,Furious Gladiator's Touch of Defeat,classic,232,238,no source,,ilvl: 232 -> 238; stat Stamina: 43 -> 45; stat Intellect: 19 -> 20; stat SpellPower: 44 -> 47; stat SpellCrit: 25 -> 26; stat MeleeCrit: 25 -> 26; stat Resilience: 24 -> 25; weapon damage min: 437 -> 463; weapon damage max: 812 -> 861,,,
42514,Furious Gladiator's Baton of Light,classic,232,238,no source,,ilvl: 232 -> 238; stat Stamina: 43 -> 45; stat Intellect: 19 -> 20; stat Spirit: 25 -> 26; stat SpellPower: 44 -> 47; stat Resilience: 24 -> 25; weapon damage min: 437 -> 463; weapon damage max: 812 -> 861,,,
42520,Furious Gladiator's Piercing Touch,classic,232,238,no source,,ilvl: 232 -> 238; stat Stamina: 43 -> 45; stat Intellect: 19 -> 20; stat SpellPower: 44 -> 47; stat Resilience: 24 -> 25; weapon damage min: 437 -> 463; weapon damage max: 812 -> 861,,,
42521,Relentless Gladiator's Piercing Touch,classic,245,245,no source,,stat SpellPenetration: 35 -> 0,,,
42526,Furious Gladiator's Endgame,classic,232,238,no source,,ilvl: 232 -> 238; stat Stamina: 78 -> 82; stat Intellect: 33 -> 35; stat SpellPower: 78 -> 82; stat SpellCrit: 44 -> 47; stat MeleeCrit: 44 -> 47; stat Resilience: 44 -> 47,,,
42532,Furious Gladiator's Reprieve,classic,232,238,no source,,ilvl: 232 -> 238; stat Stamina: 78 -> 82; stat Intellect: 33 -> 35; stat Spirit: 44 -> 47; stat SpellPower: 78 -> 82; stat Resilience: 44 -> 47,,,
42538,Furious Gladiator's Grimoire,classic,232,238,no source,,ilvl: 232 -> 238; stat Stamina: 78 -> 82; stat Intellect: 33 -> 35; stat SpellPower: 78 -> 82; stat Resilience: 44 -> 47,,,
42539,Relentless Gladiator's Grimoire,classic,251,251,no source,,stat SpellPenetration: 67 -> 0,,,
42560,Furious Gladiator's Shield Wall,classic,232,238,no source,,ilvl: 232 -> 238; stat Stamina: 126 -> 133; stat Armor: 7960 -> 8161; stat BlockValue: 223 -> 227; stat Resilience: 84 -> 89,,,
42565,Furious Gladiator's Barrier,classic,232,238,no source,,ilvl: 232 -> 238; stat Stamina: 78 -> 82; stat Intellect: 33 -> 35; stat SpellPower: 78 -> 82; stat SpellCrit: 44 -> 47; stat MeleeCrit: 44 -> 47; stat Armor: 7960 -> 8161; stat BlockValue: 223 -> 227; stat Resilience: 44 -> 47,,,
42571,Furious Gladiator's Redoubt,classic,232,238,no source,,ilvl: 232 -> 238; stat Stamina: 78 -> 82; stat Intellect: 33 -> 35; stat SpellPower: 78 -> 82; stat MP5: 23 -> 24; stat Armor: 7960 -> 8161; stat BlockValue: 223 -> 227; stat Resilience: 44 -> 47,,,
42579,Furious Gladiator's Idol of Tenacity,classic,232,238,no source,,ilvl: 232 -> 238,,,
42584,Furious Gladiator's Idol of Steadfastness,classic,232,238,no source,,ilvl: 232 -> 238,,,
42589,Furious Gladiator's Idol of Resolve,classic,232,238,no source,,ilvl: 232 -> 238,,,
42598,Furious Gladiator's Totem of the Third Wind,classic,232,238,no source,,ilvl: 232 -> 238,,,
42603,Furious Gladiator's Totem of Survival,classic,232,238,no source,,ilvl: 232 -> 238,,,
42608,Furious Gladiator's Totem of Indomitability,classic,232,238,no source,,ilvl: 232 -> 238,,,
42615,Furious Gladiator's Libram of Justice,classic,232,238,no source,,ilvl: 232 -> 238,,,
42621,Furious Gladiator's Sigil of Strife,classic,232,238,no source,,ilvl: 232 -> 238,,,
42853,Furious Gladiator's Libram of Fortitude,classic,232,238,no source,,ilvl: 232 -> 238,,,
42856,Frosthowl Amulet,unobtainable,0,174,no source,,ilvl: 0 -> 174; quality: ItemQualityJunk -> ItemQualityUncommon; stat Stamina: 0 -> 33; stat Intellect: 0 -> 29; stat SpellPower: 0 -> 41,,,
42875,Worg-hide Pants,unobtainable,174,174,no source,,stat Agility: 56 -> 0; stat AttackPower: 0 -> 112; stat Armor: 0 -> 348; stat RangedAttackPower: 0 -> 112,,,
42885,Mountaineer's Helm,unobtainable,174,174,no source,,stat Armor: 0 -> 1284,,,
42886,Gloves of the Howling Peaks,unobtainable,174,174,no source,,stat Agility: 40 -> 39; stat Stamina: 87 -> 58; stat AttackPower: 0 -> 80; stat Armor: 0 -> 553; stat RangedAttackPower: 0 -> 80,,,
43460,Giantmaim Girdle,unobtainable,200,200,no source,,stat Stamina: 92 -> 66; stat Intellect: 0 -> 38; stat SpellCrit: 44 -> 0; stat SpellHaste: 50 -> 0; stat AttackPower: 0 -> 100; stat MeleeCrit: 44 -> 0; stat MeleeHaste: 50 -> 0; stat ArmorPenetration: 0 -> 44; stat Armor: 0 -> 705; stat RangedAttackPower: 0 -> 100,,,
43475,Grips of the Chilling Revenant,unobtainable,200,200,no source,,stat Stamina: 81 -> 42; stat Intellect: 58 -> 44; stat SpellPower: 0 -> 68; stat Armor: 0 -> 758,,,
43476,Trollwoven Breastplate,unobtainable,200,200,no source,,stat Stamina: 98 -> 66; stat AttackPower: 0 -> 86; stat Armor: 0 -> 545; stat RangedAttackPower: 0 -> 86,,,
43848,Bracers of Icy Resolve,unobtainable,174,174,no source,,stat Armor: 0 -> 691,,,
43878,Mantle of Unholy Power,unobtainable,174,174,no source,,stat Stamina: 82 -> 55; stat Intellect: 43 -> 36; stat SpellPower: 0 -> 50; stat Armor: 0 -> 159,,,
43895,Leggings of Silent Echoes,unobtainable,174,174,no source,,stat Stamina: 112 -> 79; stat Intellect: 43 -> 47; stat SpellPower: 0 -> 50; stat Armor: 0 -> 348,,,
43922,Honed Lightblade,unobtainable,174,174,no source,,stat Stamina: 45 -> 0; stat AttackPower: 0 -> 60; stat RangedAttackPower: 0 -> 60; weapon damage min: 0 -> 114; weapon damage max: 0 -> 212; weapon speed: 0 -> 1.6,,,
43936,Battlesurgeon's Gauntlets,unobtainable,174,174,no source,,stat Stamina: 51 -> 37; stat Intellect: 53 -> 21; stat SpellPower: 0 -> 62; stat Armor: 0 -> 553,,,
43938,Belt of Rising Hope,unobtainable,174,174,no source,,stat Stamina: 47 -> 20; stat Intellect: 55 -> 28; stat SpellPower: 0 -> 64; stat Armor: 0 -> 889,,,
43999,Ring of the Empty Horizon,unobtainable,0,213,no source,,ilvl: 0 -> 213; quality: ItemQualityJunk -> ItemQualityEpic; stat Stamina: 0 -> 48; stat Intellect: 0 -> 41; stat Spirit: 0 -> 38; stat SpellPower: 0 -> 56; stat SpellHaste: 0 -> 29; stat MeleeHaste: 0 -> 29; sockets:  -> Blue; socket bonus SpellPower: 0 -> 5,,,
44191,Ice-Rimed Chopper,unobtainable,200,200,no source,,weapon damage min: 0 -> 487; weapon damage max: 0 -> 731; weapon speed: 0 -> 3.6,,,
44333,Ghostcrawler's Greaves,unobtainable,200,200,no source,,stat Stamina: 77 -> 37; stat Intellect: 66 -> 44; stat SpellPower: 0 -> 77; stat Armor: 0 -> 388,,,
44389,Curative Necklace,unobtainable,0,174,no source,,ilvl: 0 -> 174; quality: ItemQualityJunk -> ItemQualityRare; stat Intellect: 0 -> 34; stat SpellPower: 0 -> 27; stat MP5: 0 -> 18; stat SpellHaste: 0 -> 22; stat MeleeHaste: 0 -> 22,,,
44390,Venomous Pendant,unobtainable,0,174,no source,,ilvl: 0 -> 174; quality: ItemQualityJunk -> ItemQualityRare; stat SpellCrit: 0 -> 20; stat SpellHaste: 0 -> 27; stat AttackPower: 0 -> 96; stat MeleeCrit: 0 -> 20; stat MeleeHaste: 0 -> 27; stat RangedAttackPower: 0 -> 96,,,
44421,Furious Gladiator's War Staff,classic,232,238,no source,,ilvl: 232 -> 238; stat Stamina: 175 -> 186; stat Intellect: 77 -> 82; stat SpellPower: 550 -> 584; stat SpellHaste: 86 -> 91; stat MeleeHaste: 86 -> 91; stat Resilience: 86 -> 91; weapon damage min: 221 -> 237; weapon damage max: 407 -> 432,,,
44422,Furious Gladiator's Focus Staff,classic,232,238,no source,,ilvl: 232 -> 238; stat Stamina: 175 -> 186; stat Intellect: 77 -> 82; stat SpellPower: 550 -> 584; stat SpellHit: 86 -> 91; stat MeleeHit: 86 -> 91; stat Resilience: 86 -> 91; weapon damage min: 221 -> 237; weapon damage max: 407 -> 432,,,
45086,Rising Sun,classic,232,238,Ulduar,Raid10,ilvl: 232 -> 238; stat Agility: 26 -> 27; stat Stamina: 40 -> 42; stat SpellHit: 25 -> 26; stat SpellHaste: 21 -> 22; stat AttackPower: 76 -> 80; stat MeleeHit: 25 -> 26; stat MeleeHaste: 21 -> 22; stat RangedAttackPower: 76 -> 80; weapon damage min: 335 -> 350; weapon damage max: 503 -> 525,,,drop Ulduar Raid10 (Flame Leviathan) | drop Ulduar Raid25 (Flame Leviathan)
45106,Strength of the Automaton,classic,226,232,Ulduar,Raid10,ilvl: 226 -> 232; stat Strength: 72 -> 76; stat Stamina: 72 -> 76; stat SpellCrit: 46 -> 49; stat MeleeCrit: 46 -> 49; stat ArmorPenetration: 36 -> 38,,,drop Ulduar Raid10 (Flame Leviathan) | drop Ulduar Raid25 (Flame Leviathan)
45107,Iron Riveted War Helm,classic,226,232,Ulduar,Raid10,ilvl: 226 -> 232; stat Strength: 105 -> 112; stat Stamina: 129 -> 137; stat SpellHit: 60 -> 64; stat SpellHaste: 68 -> 72; stat MeleeHit: 60 -> 64; stat MeleeHaste: 68 -> 72; stat Armor: 1908 -> 1958,,,drop Ulduar Raid10 (Flame Leviathan) | drop Ulduar Raid25 (Flame Leviathan)
45108,Mechanist's Bindings,classic,226,232,Ulduar,Raid10,ilvl: 226 -> 232; stat Agility: 63 -> 67; stat Stamina: 63 -> 67; stat SpellCrit: 39 -> 41; stat SpellHaste: 44 -> 47; stat AttackPower: 84 -> 89; stat MeleeCrit: 39 -> 41; stat MeleeHaste: 44 -> 47; stat Armor: 259 -> 266; stat RangedAttackPower: 84 -> 89,,,drop Ulduar Raid10 (Flame Leviathan) | drop Ulduar Raid25 (Flame Leviathan)
45109,Gloves of the Fiery Behemoth,classic,226,232,Ulduar,Raid10,ilvl: 226 -> 232; stat Agility: 84 -> 89; stat Stamina: 67 -> 71; stat Intellect: 44 -> 47; stat SpellHaste: 56 -> 59; stat AttackPower: 114 -> 121; stat MeleeHaste: 56 -> 59; stat ArmorPenetration: 45 -> 48; stat Armor: 821 -> 842; stat RangedAttackPower: 114 -> 121,,,drop Ulduar Raid10 (Flame Leviathan) | drop Ulduar Raid25 (Flame Leviathan)
45110,Titanguard,classic,232,238,Ulduar,Raid10,ilvl: 232 -> 238; stat Strength: 37 -> 39; stat Stamina: 78 -> 82; stat SpellHit: 29 -> 31; stat MeleeHit: 29 -> 31; stat Defense: 35 -> 37; stat Parry: 33 -> 35; weapon damage min: 200 -> 209; weapon damage max: 372 -> 388,,,drop Ulduar Raid10 (Flame Leviathan) | drop Ulduar Raid25 (Flame Leviathan)
45111,Mimiron's Inferno Couplings,classic,226,232,Ulduar,Raid10,ilvl: 226 -> 232; stat Strength: 46 -> 49; stat Stamina: 94 -> 99; stat SpellHit: 36 -> 38; stat MeleeHit: 36 -> 38; stat Armor: 1027 -> 1054; stat Defense: 39 -> 41; stat Dodge: 44 -> 47,,,drop Ulduar Raid10 (Flame Leviathan) | drop Ulduar Raid25 (Flame Leviathan)
45112,The Leviathan's Coil,classic,226,232,Ulduar,Raid10,ilvl: 226 -> 232; stat Strength: 63 -> 67; stat Stamina: 94 -> 99; stat Defense: 32 -> 34; stat Dodge: 34 -> 36; stat BonusArmor: 448 -> 460,,,drop Ulduar Raid10 (Flame Leviathan) | drop Ulduar Raid25 (Flame Leviathan)
45113,Glowing Ring of Reclamation,classic,226,232,Ulduar,Raid10,ilvl: 226 -> 232; stat Stamina: 46 -> 49; stat Intellect: 49 -> 52; stat Spirit: 44 -> 47; stat SpellPower: 74 -> 78; stat SpellCrit: 39 -> 41; stat MeleeCrit: 39 -> 41,,,drop Ulduar Raid10 (Flame Leviathan) | drop Ulduar Raid25 (Flame Leviathan)
45114,Steamcaller's Totem,classic,226,232,Ulduar,Raid10,ilvl: 226 -> 232,,,sold by  (0) in zone 4395 | drop Ulduar Raid10 (Flame Leviathan) | drop Ulduar Raid25 (Flame Leviathan)
45115,Leviathan Fueling Manual,classic,226,232,Ulduar,Raid10,ilvl: 226 -> 232; stat Stamina: 49 -> 52; stat Intellect: 46 -> 49; stat Spirit: 42 -> 44; stat SpellPower: 75 -> 79; stat SpellHit: 41 -> 43; stat MeleeHit: 41 -> 43,,,drop Ulduar Raid10 (Flame Leviathan) | drop Ulduar Raid25 (Flame Leviathan)
45116,Freya's Choker of Warding,classic,226,232,Ulduar,Raid10,ilvl: 226 -> 232; stat Stamina: 49 -> 52; stat Intellect: 46 -> 49; stat SpellPower: 74 -> 78; stat MP5: 23 -> 24; stat SpellHaste: 39 -> 41; stat MeleeHaste: 39 -> 41,,,drop Ulduar Raid10 (Flame Leviathan) | drop Ulduar Raid25 (Flame Leviathan)
45117,Constructor's Handwraps,classic,226,232,Ulduar,Raid10,ilvl: 226 -> 232; stat Stamina: 73 -> 77; stat Intellect: 62 -> 66; stat Spirit: 53 -> 56; stat SpellPower: 99 -> 105; stat SpellCrit: 58 -> 61; stat MeleeCrit: 58 -> 61; stat Armor: 197 -> 202,,,drop Ulduar Raid10 (Flame Leviathan) | drop Ulduar Raid25 (Flame Leviathan)
45118,Steamworker's Goggles,classic,226,232,Ulduar,Raid10,ilvl: 226 -> 232; stat Stamina: 85 -> 90; stat Intellect: 86 -> 91; stat SpellPower: 113 -> 120; stat MP5: 28 -> 30; stat SpellCrit: 60 -> 64; stat MeleeCrit: 60 -> 64; stat Armor: 1067 -> 1095,,,drop Ulduar Raid10 (Flame Leviathan) | drop Ulduar Raid25 (Flame Leviathan)
45119,Embrace of the Leviathan,classic,226,232,Ulduar,Raid10,ilvl: 226 -> 232; stat Stamina: 63 -> 67; stat Intellect: 64 -> 68; stat Spirit: 62 -> 66; stat SpellPower: 99 -> 105; stat SpellHaste: 49 -> 52; stat MeleeHaste: 49 -> 52; stat Armor: 177 -> 182,,,drop Ulduar Raid10 (Flame Leviathan) | drop Ulduar Raid25 (Flame Leviathan)
45132,Golden Saronite Dragon,classic,239,252,Ulduar,Raid25,ilvl: 239 -> 252; stat Agility: 32 -> 36; stat Stamina: 48 -> 54; stat SpellHit: 40 -> 45; stat SpellHaste: 32 -> 36; stat AttackPower: 94 -> 107; stat MeleeHit: 40 -> 45; stat MeleeHaste: 32 -> 36; stat RangedAttackPower: 94 -> 107; weapon damage min: 406 -> 447; weapon damage max: 610 -> 671,,,drop Ulduar Raid25 (Flame Leviathan) [Hard Mode]
45133,Pendant of Fiery Havoc,classic,239,252,Ulduar,Raid25,ilvl: 239 -> 252; stat Stamina: 61 -> 69; stat Intellect: 51 -> 58; stat SpellPower: 75 -> 85; stat SpellHit: 46 -> 52; stat SpellHaste: 41 -> 46; stat MeleeHit: 46 -> 52; stat MeleeHaste: 41 -> 46,,,sold by  (0) in zone 4395 | drop Ulduar Raid25 (Flame Leviathan) [Hard Mode]
45134,Plated Leggings of Ruination,classic,239,252,Ulduar,Raid25,ilvl: 239 -> 252; stat Strength: 122 -> 140; stat Stamina: 145 -> 166; stat SpellCrit: 85 -> 97; stat SpellHaste: 62 -> 71; stat MeleeCrit: 85 -> 97; stat MeleeHaste: 62 -> 71; stat Armor: 2117 -> 2230,,,drop Ulduar Raid25 (Flame Leviathan) [Hard Mode]
45135,Boots of Fiery Resolution,classic,239,252,Ulduar,Raid25,ilvl: 239 -> 252; stat Stamina: 72 -> 82; stat Intellect: 72 -> 82; stat Spirit: 64 -> 73; stat SpellPower: 102 -> 116; stat SpellHaste: 55 -> 63; stat MeleeHaste: 55 -> 63; stat Armor: 223 -> 235,,,drop Ulduar Raid25 (Flame Leviathan) [Hard Mode]
45136,Shoulderpads of Dormant Energies,classic,239,252,Ulduar,Raid25,ilvl: 239 -> 252; stat Stamina: 82 -> 93; stat Intellect: 69 -> 79; stat Spirit: 56 -> 64; stat SpellPower: 93 -> 106; stat SpellCrit: 55 -> 63; stat MeleeCrit: 55 -> 63; stat Armor: 457 -> 481,,,drop Ulduar Raid25 (Flame Leviathan) [Hard Mode]
45137,Veranus' Bane,classic,232,238,Ulduar,Raid10,ilvl: 232 -> 238; stat Strength: 27 -> 29; stat Stamina: 57 -> 60; stat SpellHit: 21 -> 22; stat MeleeHit: 21 -> 22; stat Defense: 26 -> 27; stat Dodge: 25 -> 26; weapon damage min: 402 -> 421; weapon damage max: 684 -> 720,,,drop Ulduar Raid10 (Razorscale) | drop Ulduar Raid25 (Razorscale)
45138,Drape of the Drakerider,classic,226,232,Ulduar,Raid10,ilvl: 226 -> 232; stat Strength: 72 -> 76; stat Stamina: 72 -> 76; stat SpellCrit: 46 -> 49; stat MeleeCrit: 46 -> 49; stat ArmorPenetration: 36 -> 38; stat Armor: 157 -> 161,,,drop Ulduar Raid10 (Razorscale) | drop Ulduar Raid25 (Razorscale)
45139,Dragonslayer's Brace,classic,226,232,Ulduar,Raid10,ilvl: 226 -> 232; stat Strength: 84 -> 89; stat Stamina: 127 -> 134; stat Armor: 1321 -> 1355; stat Defense: 44 -> 47; stat Block: 45 -> 48; stat BlockValue: 135 -> 143,,,drop Ulduar Raid10 (Razorscale) | drop Ulduar Raid25 (Razorscale)
45140,Razorscale Shoulderguards,classic,226,232,Ulduar,Raid10,ilvl: 226 -> 232; stat Stamina: 64 -> 68; stat Intellect: 65 -> 69; stat SpellPower: 99 -> 105; stat MP5: 25 -> 26; stat SpellHaste: 60 -> 63; stat MeleeHaste: 60 -> 63; stat Armor: 1761 -> 1807,,,drop Ulduar Raid10 (Razorscale) | drop Ulduar Raid25 (Razorscale)
45141,Proto-hide Leggings,classic,226,232,Ulduar,Raid10,ilvl: 226 -> 232; stat Agility: 105 -> 111; stat Stamina: 99 -> 105; stat SpellCrit: 86 -> 91; stat AttackPower: 148 -> 157; stat MeleeCrit: 86 -> 91; stat Expertise: 57 -> 60; stat Armor: 517 -> 530; stat RangedAttackPower: 148 -> 157,,,drop Ulduar Raid10 (Razorscale) | drop Ulduar Raid25 (Razorscale)
45142,Remorse,classic,232,238,Ulduar,Raid10,ilvl: 232 -> 238; stat Agility: 52 -> 55; stat Stamina: 51 -> 54; stat SpellHaste: 34 -> 36; stat AttackPower: 74 -> 78; stat MeleeHaste: 34 -> 36; stat Expertise: 29 -> 31; stat RangedAttackPower: 74 -> 78; weapon damage min: 187 -> 195; weapon damage max: 349 -> 364,,,drop Ulduar Raid10 (Razorscale) | drop Ulduar Raid25 (Razorscale)
45143,Saronite Mesh Legguards,classic,226,232,Ulduar,Raid10,ilvl: 226 -> 232; stat Agility: 97 -> 103; stat Stamina: 118 -> 125; stat Intellect: 59 -> 63; stat SpellCrit: 58 -> 62; stat AttackPower: 146 -> 155; stat MeleeCrit: 58 -> 62; stat ArmorPenetration: 60 -> 64; stat Armor: 1150 -> 1180; stat RangedAttackPower: 146 -> 155,,,drop Ulduar Raid10 (Razorscale) | drop Ulduar Raid25 (Razorscale)
45144,Sigil of Deflection,classic,226,232,Ulduar,Raid10,ilvl: 226 -> 232,,,sold by  (0) in zone 4395 | drop Ulduar Raid10 (Razorscale) | drop Ulduar Raid25 (Razorscale)
45145,Libram of the Sacred Shield,classic,226,232,Ulduar,Raid10,ilvl: 226 -> 232,,,sold by  (0) in zone 4395 | drop Ulduar Raid10 (General Vezax) | drop Ulduar Raid25 (General Vezax)
45146,Shackles of the Odalisque,classic,226,232,Ulduar,Raid10,ilvl: 226 -> 232; stat Stamina: 46 -> 49; stat Intellect: 42 -> 44; stat Spirit: 49 -> 52; stat SpellPower: 74 -> 78; stat SpellCrit: 42 -> 44; stat MeleeCrit: 42 -> 44; stat Armor: 138 -> 142,,,drop Ulduar Raid10 (Razorscale) | drop Ulduar Raid25 (Razorscale)
45147,Guiding Star,classic,232,238,Ulduar,Raid10,ilvl: 232 -> 238; stat Stamina: 36 -> 38; stat Intellect: 48 -> 51; stat SpellPower: 550 -> 582; stat MP5: 19 -> 20; stat SpellHaste: 49 -> 52; stat MeleeHaste: 49 -> 52; weapon damage min: 89 -> 93; weapon damage max: 283 -> 296,,,drop Ulduar Raid10 (Razorscale) | drop Ulduar Raid25 (Razorscale)
45148,Living Flame,classic,226,232,Ulduar,Raid10,ilvl: 226 -> 232; stat SpellHit: 107 -> 113; stat MeleeHit: 107 -> 113,,,drop Ulduar Raid10 (Razorscale) | drop Ulduar Raid25 (Razorscale)
45149,Bracers of the Broodmother,classic,226,232,Ulduar,Raid10,ilvl: 226 -> 232; stat Stamina: 54 -> 57; stat Intellect: 46 -> 49; stat Spirit: 46 -> 49; stat SpellPower: 74 -> 78; stat SpellHaste: 36 -> 38; stat MeleeHaste: 36 -> 38; stat Armor: 259 -> 266,,,drop Ulduar Raid10 (Razorscale) | drop Ulduar Raid25 (Razorscale)
45150,Collar of the Wyrmhunter,classic,226,232,Ulduar,Raid10,ilvl: 226 -> 232; stat Stamina: 85 -> 90; stat Intellect: 87 -> 92; stat SpellPower: 114 -> 121; stat SpellHit: 51 -> 54; stat SpellHaste: 68 -> 72; stat MeleeHit: 51 -> 54; stat MeleeHaste: 68 -> 72; stat Armor: 256 -> 263,,,drop Ulduar Raid10 (Razorscale) | drop Ulduar Raid25 (Razorscale)
45151,Belt of the Fallen Wyrm,classic,226,232,Ulduar,Raid10,ilvl: 226 -> 232; stat Stamina: 73 -> 77; stat Intellect: 60 -> 63; stat SpellPower: 99 -> 105; stat SpellCrit: 49 -> 52; stat SpellHaste: 62 -> 66; stat MeleeCrit: 49 -> 52; stat MeleeHaste: 62 -> 66; stat Armor: 739 -> 758,,,drop Ulduar Raid10 (Razorscale) | drop Ulduar Raid25 (Razorscale)
45157,Cindershard Ring,classic,226,232,Ulduar,Raid10,ilvl: 226 -> 232; stat Agility: 63 -> 67; stat Stamina: 54 -> 57; stat SpellHit: 42 -> 44; stat AttackPower: 84 -> 89; stat MeleeHit: 42 -> 44; stat ArmorPenetration: 46 -> 49; stat RangedAttackPower: 84 -> 89,,,drop Ulduar Raid10 (Ignis the Furnace Master) | drop Ulduar Raid25 (Ignis the Furnace Master)
45158,Heart of Iron,classic,226,232,Ulduar,Raid10,ilvl: 226 -> 232; stat Stamina: 162 -> 171,,,drop Ulduar Raid10 (Ignis the Furnace Master) | drop Ulduar Raid25 (Ignis the Furnace Master)
45161,Girdle of Embers,classic,226,232,Ulduar,Raid10,ilvl: 226 -> 232; stat Strength: 98 -> 104; stat Stamina: 96 -> 102; stat SpellCrit: 60 -> 63; stat MeleeCrit: 60 -> 63; stat ArmorPenetration: 49 -> 52; stat Armor: 1321 -> 1355,,,drop Ulduar Raid10 (Ignis the Furnace Master) | drop Ulduar Raid25 (Ignis the Furnace Master)
45162,Flamestalker Boots,classic,226,232,Ulduar,Raid10,ilvl: 226 -> 232; stat Agility: 85 -> 90; stat Stamina: 73 -> 77; stat SpellCrit: 62 -> 66; stat SpellHaste: 56 -> 59; stat AttackPower: 112 -> 118; stat MeleeCrit: 62 -> 66; stat MeleeHaste: 56 -> 59; stat Armor: 406 -> 417; stat RangedAttackPower: 112 -> 118,,,drop Ulduar Raid10 (Ignis the Furnace Master) | drop Ulduar Raid25 (Ignis the Furnace Master)
45164,Helm of the Furnace Master,classic,226,232,Ulduar,Raid10,ilvl: 226 -> 232; stat Agility: 67 -> 71; stat Stamina: 88 -> 94; stat Intellect: 60 -> 64; stat SpellCrit: 60 -> 64; stat SpellHaste: 51 -> 54; stat AttackPower: 194 -> 206; stat MeleeCrit: 60 -> 64; stat MeleeHaste: 51 -> 54; stat Armor: 1067 -> 1095; stat RangedAttackPower: 194 -> 206,,,drop Ulduar Raid10 (Ignis the Furnace Master) | drop Ulduar Raid25 (Ignis the Furnace Master)
45165,Worldcarver,classic,232,238,Ulduar,Raid10,ilvl: 232 -> 238; stat Strength: 137 -> 145; stat Stamina: 136 -> 144; stat SpellHaste: 70 -> 74; stat MeleeHaste: 70 -> 74; stat Expertise: 87 -> 92; weapon damage min: 632 -> 660; weapon damage max: 949 -> 991,,,drop Ulduar Raid10 (Ignis the Furnace Master) | drop Ulduar Raid25 (Ignis the Furnace Master)
45166,Charred Saronite Greaves,classic,226,232,Ulduar,Raid10,ilvl: 226 -> 232; stat Strength: 62 -> 66; stat Stamina: 127 -> 134; stat SpellHit: 49 -> 52; stat MeleeHit: 49 -> 52; stat Armor: 1614 -> 1656; stat Defense: 55 -> 58; stat Dodge: 57 -> 60,,,drop Ulduar Raid10 (Ignis the Furnace Master) | drop Ulduar Raid25 (Ignis the Furnace Master)
45167,Lifeforge Breastplate,classic,226,232,Ulduar,Raid10,ilvl: 226 -> 232; stat Stamina: 99 -> 105; stat Intellect: 84 -> 89; stat SpellPower: 123 -> 130; stat MP5: 38 -> 40; stat SpellCrit: 68 -> 72; stat MeleeCrit: 68 -> 72; stat Armor: 2348 -> 2409,,,drop Ulduar Raid10 (Ignis the Furnace Master) | drop Ulduar Raid25 (Ignis the Furnace Master)
45168,Pyrelight Circle,classic,226,232,Ulduar,Raid10,ilvl: 226 -> 232; stat Stamina: 63 -> 67; stat Intellect: 42 -> 44; stat SpellPower: 74 -> 78; stat SpellCrit: 46 -> 49; stat SpellHaste: 36 -> 38; stat MeleeCrit: 46 -> 49; stat MeleeHaste: 36 -> 38,,,drop Ulduar Raid10 (Ignis the Furnace Master) | drop Ulduar Raid25 (Ignis the Furnace Master)
45169,Totem of the Dancing Flame,classic,226,232,Ulduar,Raid10,ilvl: 226 -> 232,,,sold by  (0) in zone 4395 | drop Ulduar Raid10 (Ignis the Furnace Master) | drop Ulduar Raid25 (Ignis the Furnace Master)
45170,Scepter of Creation,classic,232,238,Ulduar,Raid10,ilvl: 232 -> 238; stat Stamina: 39 -> 41; stat Intellect: 26 -> 27; stat Spirit: 25 -> 26; stat SpellPower: 44 -> 47; stat SpellCrit: 24 -> 25; stat MeleeCrit: 24 -> 25; weapon damage min: 460 -> 487; weapon damage max: 855 -> 906,,,drop Ulduar Raid10 (Ignis the Furnace Master) | drop Ulduar Raid25 (Ignis the Furnace Master)
45171,Intensity,classic,232,238,Ulduar,Raid10,ilvl: 232 -> 238; stat Stamina: 105 -> 111; stat Intellect: 121 -> 128; stat Spirit: 86 -> 91; stat SpellPower: 550 -> 582; stat SpellHit: 120 -> 127; stat MeleeHit: 120 -> 127; weapon damage min: 231 -> 248; weapon damage max: 427 -> 453,,,drop Ulduar Raid10 (Ignis the Furnace Master) | drop Ulduar Raid25 (Ignis the Furnace Master)
45185,Flamewrought Cinch,classic,226,232,Ulduar,Raid10,ilvl: 226 -> 232; stat Stamina: 73 -> 77; stat Intellect: 57 -> 60; stat Spirit: 62 -> 66; stat SpellPower: 99 -> 105; stat SpellCrit: 55 -> 58; stat MeleeCrit: 55 -> 58; stat Armor: 333 -> 342,,,drop Ulduar Raid10 (Ignis the Furnace Master) | drop Ulduar Raid25 (Ignis the Furnace Master)
45186,Soot-Covered Mantle,classic,226,232,Ulduar,Raid10,ilvl: 226 -> 232; stat Stamina: 64 -> 68; stat Intellect: 65 -> 69; stat Spirit: 49 -> 52; stat SpellPower: 90 -> 95; stat SpellHit: 52 -> 55; stat MeleeHit: 52 -> 55; stat Armor: 236 -> 242,,,drop Ulduar Raid10 (Ignis the Furnace Master) | drop Ulduar Raid25 (Ignis the Furnace Master)
45187,Wristguards of the Firetender,classic,226,232,Ulduar,Raid10,ilvl: 226 -> 232; stat Stamina: 54 -> 57; stat Intellect: 46 -> 49; stat SpellPower: 74 -> 78; stat MP5: 18 -> 19; stat SpellCrit: 46 -> 49; stat MeleeCrit: 46 -> 49; stat Armor: 575 -> 590,,,drop Ulduar Raid10 (Ignis the Furnace Master) | drop Ulduar Raid25 (Ignis the Furnace Master)
45193,Insurmountable Fervor,classic,226,232,Ulduar,Raid10,ilvl: 226 -> 232; stat Strength: 72 -> 76; stat Stamina: 72 -> 76; stat SpellCrit: 46 -> 49; stat SpellHaste: 36 -> 38; stat MeleeCrit: 46 -> 49; stat MeleeHaste: 36 -> 38,,,drop Ulduar Raid10 (The Iron Council) | drop Ulduar Raid25 (The Iron Council)
45224,Drape of the Lithe,classic,226,232,Ulduar,Raid10,ilvl: 226 -> 232; stat Agility: 63 -> 67; stat Stamina: 63 -> 67; stat SpellHit: 36 -> 38; stat SpellHaste: 46 -> 49; stat AttackPower: 84 -> 89; stat MeleeHit: 36 -> 38; stat MeleeHaste: 46 -> 49; stat Armor: 157 -> 161; stat RangedAttackPower: 84 -> 89,,,drop Ulduar Raid10 (The Iron Council) | drop Ulduar Raid25 (The Iron Council)
45225,Steelbreaker's Embrace,classic,226,232,Ulduar,Raid10,ilvl: 226 -> 232; stat Strength: 121 -> 128; stat Stamina: 129 -> 137; stat SpellCrit: 82 -> 87; stat MeleeCrit: 82 -> 87; stat Expertise: 58 -> 61; stat Armor: 2348 -> 2409,,,drop Ulduar Raid10 (The Iron Council) | drop Ulduar Raid25 (The Iron Council)
45226,Ancient Iron Heaume,classic,226,232,Ulduar,Raid10,ilvl: 226 -> 232; stat Stamina: 99 -> 105; stat Intellect: 81 -> 86; stat SpellPower: 115 -> 122; stat SpellCrit: 67 -> 71; stat SpellHaste: 60 -> 64; stat MeleeCrit: 67 -> 71; stat MeleeHaste: 60 -> 64; stat Armor: 1908 -> 1958,,,drop Ulduar Raid10 (The Iron Council) | drop Ulduar Raid25 (The Iron Council)
45227,Iron-studded Mantle,classic,226,232,Ulduar,Raid10,ilvl: 226 -> 232; stat Agility: 60 -> 63; stat Stamina: 73 -> 77; stat Intellect: 44 -> 47; stat SpellHit: 44 -> 47; stat AttackPower: 170 -> 180; stat MeleeHit: 44 -> 47; stat ArmorPenetration: 46 -> 49; stat Armor: 985 -> 1011; stat RangedAttackPower: 170 -> 180,,,drop Ulduar Raid10 (The Iron Council) | drop Ulduar Raid25 (The Iron Council)
45228,Handguards of the Enclave,classic,226,232,Ulduar,Raid10,ilvl: 226 -> 232; stat Strength: 84 -> 89; stat Stamina: 127 -> 134; stat Armor: 1467 -> 1505; stat Defense: 45 -> 48; stat Block: 44 -> 47; stat BlockValue: 135 -> 143,,,drop Ulduar Raid10 (The Iron Council) | drop Ulduar Raid25 (The Iron Council)
45232,Runed Ironhide Boots,classic,226,232,Ulduar,Raid10,ilvl: 226 -> 232; stat Agility: 77 -> 82; stat Stamina: 90 -> 95; stat AttackPower: 98 -> 104; stat ArmorPenetration: 49 -> 52; stat Expertise: 56 -> 59; stat Armor: 406 -> 417; stat RangedAttackPower: 98 -> 104,,,drop Ulduar Raid10 (The Iron Council) | drop Ulduar Raid25 (The Iron Council)
45233,Stormrune Edge,classic,232,238,Ulduar,Raid10,ilvl: 232 -> 238; stat Agility: 121 -> 128; stat Stamina: 120 -> 127; stat SpellCrit: 86 -> 91; stat AttackPower: 160 -> 169; stat MeleeCrit: 86 -> 91; stat ArmorPenetration: 70 -> 74; stat RangedAttackPower: 160 -> 169; weapon damage min: 632 -> 660; weapon damage max: 949 -> 991,,,drop Ulduar Raid10 (The Iron Council) | drop Ulduar Raid25 (The Iron Council)
45234,Rapture,classic,232,238,Ulduar,Raid10,ilvl: 232 -> 238; stat Stamina: 120 -> 127; stat Intellect: 119 -> 126; stat Spirit: 121 -> 128; stat SpellPower: 550 -> 582; stat SpellCrit: 81 -> 86; stat MeleeCrit: 81 -> 86; weapon damage min: 231 -> 248; weapon damage max: 427 -> 453,,,drop Ulduar Raid10 (The Iron Council) | drop Ulduar Raid25 (The Iron Council)
45235,Radiant Seal,classic,226,232,Ulduar,Raid10,ilvl: 226 -> 232; stat Stamina: 63 -> 67; stat Intellect: 42 -> 44; stat SpellPower: 74 -> 78; stat MP5: 18 -> 19; stat SpellHaste: 46 -> 49; stat MeleeHaste: 46 -> 49,,,drop Ulduar Raid10 (The Iron Council) | drop Ulduar Raid25 (The Iron Council)
45236,Unblinking Eye,classic,226,232,Ulduar,Raid10,ilvl: 226 -> 232; stat Stamina: 46 -> 49; stat Intellect: 43 -> 45; stat Spirit: 41 -> 43; stat SpellPower: 74 -> 78; stat SpellCrit: 49 -> 52; stat MeleeCrit: 49 -> 52,,,drop Ulduar Raid10 (The Iron Council) | drop Ulduar Raid25 (The Iron Council)
45237,Phaelia's Vestments of the Sprouting Seed,classic,226,232,Ulduar,Raid10,ilvl: 226 -> 232; stat Stamina: 85 -> 90; stat Intellect: 86 -> 91; stat Spirit: 75 -> 80; stat SpellPower: 124 -> 131; stat SpellCrit: 68 -> 72; stat MeleeCrit: 68 -> 72; stat Armor: 591 -> 606,,,drop Ulduar Raid10 (The Iron Council) | drop Ulduar Raid25 (The Iron Council)
45238,Overload Legwraps,classic,226,232,Ulduar,Raid10,ilvl: 226 -> 232; stat Stamina: 85 -> 90; stat Intellect: 86 -> 91; stat SpellPower: 132 -> 140; stat SpellHit: 81 -> 86; stat SpellHaste: 66 -> 70; stat MeleeHit: 81 -> 86; stat MeleeHaste: 66 -> 70; stat Armor: 275 -> 282,,,drop Ulduar Raid10 (The Iron Council) | drop Ulduar Raid25 (The Iron Council)
45239,Runeshaper's Gloves,classic,226,232,Ulduar,Raid10,ilvl: 226 -> 232; stat Stamina: 73 -> 77; stat Intellect: 62 -> 66; stat SpellPower: 90 -> 95; stat SpellCrit: 41 -> 43; stat SpellHaste: 64 -> 68; stat MeleeCrit: 41 -> 43; stat MeleeHaste: 64 -> 68; stat Armor: 821 -> 842,,,drop Ulduar Raid10 (The Iron Council) | drop Ulduar Raid25 (The Iron Council)
45240,Raiments of the Iron Council,classic,226,232,Ulduar,Raid10,ilvl: 226 -> 232; stat Stamina: 99 -> 105; stat Intellect: 81 -> 86; stat Spirit: 57 -> 61; stat SpellPower: 115 -> 122; stat SpellHaste: 70 -> 74; stat MeleeHaste: 70 -> 74; stat Armor: 314 -> 322,,,drop Ulduar Raid10 (The Iron Council) | drop Ulduar Raid25 (The Iron Council)
45241,Belt of Colossal Rage,classic,239,252,Ulduar,Raid25,ilvl: 239 -> 252; stat Strength: 93 -> 106; stat Stamina: 108 -> 123; stat SpellHit: 47 -> 54; stat SpellCrit: 64 -> 73; stat MeleeHit: 47 -> 54; stat MeleeCrit: 64 -> 73; stat Armor: 1361 -> 1434,,,drop Ulduar Raid25 (The Iron Council) [Hard Mode]
45242,Drape of Mortal Downfall,classic,239,252,Ulduar,Raid25,ilvl: 239 -> 252; stat Stamina: 61 -> 69; stat Intellect: 51 -> 58; stat SpellPower: 75 -> 85; stat SpellHit: 41 -> 46; stat SpellCrit: 43 -> 49; stat MeleeHit: 41 -> 46; stat MeleeCrit: 43 -> 49; stat Armor: 162 -> 171,,,sold by  (0) in zone 4395 | drop Ulduar Raid25 (The Iron Council) [Hard Mode]
45243,Sapphire Amulet of Renewal,classic,239,252,Ulduar,Raid25,ilvl: 239 -> 252; stat Stamina: 70 -> 79; stat Intellect: 48 -> 54; stat Spirit: 47 -> 53; stat SpellPower: 75 -> 85; stat SpellHaste: 35 -> 40; stat MeleeHaste: 35 -> 40,,,sold by  (0) in zone 4395 | drop Ulduar Raid25 (The Iron Council) [Hard Mode]
45244,Greaves of Swift Vengeance,classic,239,252,Ulduar,Raid25,ilvl: 239 -> 252; stat Agility: 69 -> 79; stat Stamina: 55 -> 63; stat Intellect: 49 -> 56; stat SpellHit: 42 -> 48; stat SpellCrit: 42 -> 48; stat AttackPower: 114 -> 130; stat MeleeHit: 42 -> 48; stat MeleeCrit: 42 -> 48; stat Armor: 931 -> 981; stat RangedAttackPower: 114 -> 130,,,drop Ulduar Raid25 (The Iron Council) [Hard Mode]
45245,Shoulderpads of the Intruder,classic,239,252,Ulduar,Raid25,ilvl: 239 -> 252; stat Agility: 87 -> 99; stat Stamina: 96 -> 109; stat SpellHit: 55 -> 63; stat AttackPower: 122 -> 139; stat MeleeHit: 55 -> 63; stat Expertise: 47 -> 54; stat Armor: 457 -> 481; stat RangedAttackPower: 122 -> 139,,,drop Ulduar Raid25 (The Iron Council) [Hard Mode]
45246,Golem-Shard Sticker,classic,232,238,Ulduar,Raid10,ilvl: 232 -> 238; stat Agility: 52 -> 55; stat Stamina: 51 -> 54; stat SpellCrit: 34 -> 36; stat AttackPower: 74 -> 78; stat MeleeCrit: 34 -> 36; stat Expertise: 29 -> 31; stat RangedAttackPower: 74 -> 78; weapon damage min: 187 -> 195; weapon damage max: 349 -> 364,,,drop Ulduar Raid10 (XT-002 Deconstructor) | drop Ulduar Raid25 (XT-002 Deconstructor)
45247,Signet of the Earthshaker,classic,226,232,Ulduar,Raid10,ilvl: 226 -> 232; stat Strength: 63 -> 67; stat Stamina: 94 -> 99; stat Defense: 33 -> 35; stat Block: 32 -> 34,,,drop Ulduar Raid10 (XT-002 Deconstructor) | drop Ulduar Raid25 (XT-002 Deconstructor)
45248,Clockwork Legplates,classic,226,232,Ulduar,Raid10,ilvl: 226 -> 232; stat Strength: 121 -> 128; stat Stamina: 129 -> 137; stat SpellHit: 62 -> 66; stat MeleeHit: 62 -> 66; stat ArmorPenetration: 78 -> 83; stat Armor: 2054 -> 2107,,,drop Ulduar Raid10 (XT-002 Deconstructor) | drop Ulduar Raid25 (XT-002 Deconstructor)
45249,Brass-lined Boots,classic,226,232,Ulduar,Raid10,ilvl: 226 -> 232; stat Agility: 85 -> 90; stat Stamina: 66 -> 70; stat Intellect: 45 -> 48; stat SpellHaste: 43 -> 45; stat AttackPower: 114 -> 121; stat MeleeHaste: 43 -> 45; stat ArmorPenetration: 57 -> 60; stat Armor: 903 -> 926; stat RangedAttackPower: 114 -> 121,,,drop Ulduar Raid10 (XT-002 Deconstructor) | drop Ulduar Raid25 (XT-002 Deconstructor)
45250,Crazed Construct Ring,classic,226,232,Ulduar,Raid10,ilvl: 226 -> 232; stat Strength: 72 -> 76; stat Stamina: 72 -> 76; stat SpellHit: 41 -> 43; stat SpellHaste: 42 -> 44; stat MeleeHit: 41 -> 43; stat MeleeHaste: 42 -> 44,,,drop Ulduar Raid10 (XT-002 Deconstructor) | drop Ulduar Raid25 (XT-002 Deconstructor)
45251,Shoulderplates of the Deconstructor,classic,226,232,Ulduar,Raid10,ilvl: 226 -> 232; stat Strength: 84 -> 89; stat Stamina: 127 -> 134; stat SpellHit: 43 -> 45; stat MeleeHit: 43 -> 45; stat Armor: 1761 -> 1807; stat Defense: 47 -> 50; stat Dodge: 44 -> 47,,,drop Ulduar Raid10 (XT-002 Deconstructor) | drop Ulduar Raid25 (XT-002 Deconstructor)
45252,Horologist's Wristguards,classic,226,232,Ulduar,Raid10,ilvl: 226 -> 232; stat Stamina: 63 -> 67; stat Intellect: 42 -> 44; stat SpellPower: 74 -> 78; stat MP5: 23 -> 24; stat SpellCrit: 36 -> 38; stat MeleeCrit: 36 -> 38; stat Armor: 1027 -> 1054,,,drop Ulduar Raid10 (XT-002 Deconstructor) | drop Ulduar Raid25 (XT-002 Deconstructor)
45253,Mantle of Wavering Calm,classic,226,232,Ulduar,Raid10,ilvl: 226 -> 232; stat Stamina: 84 -> 89; stat Intellect: 56 -> 59; stat Spirit: 62 -> 66; stat SpellPower: 99 -> 105; stat SpellHaste: 49 -> 52; stat MeleeHaste: 49 -> 52; stat Armor: 236 -> 242,,,drop Ulduar Raid10 (XT-002 Deconstructor) | drop Ulduar Raid25 (XT-002 Deconstructor)
45254,Sigil of the Vengeful Heart,classic,226,232,Ulduar,Raid10,ilvl: 226 -> 232,,,sold by  (0) in zone 4395 | drop Ulduar Raid10 (XT-002 Deconstructor) | drop Ulduar Raid25 (XT-002 Deconstructor)
45255,Thunderfall Totem,classic,226,232,Ulduar,Raid10,ilvl: 226 -> 232,,,sold by  (0) in zone 4395 | drop Ulduar Raid10 (XT-002 Deconstructor) | drop Ulduar Raid25 (XT-002 Deconstructor)
45256,Twisted Visage,classic,232,238,Ulduar,Raid10,ilvl: 232 -> 238; stat Agility: 120 -> 127; stat Stamina: 121 -> 128; stat SpellHit: 70 -> 74; stat SpellCrit: 86 -> 91; stat AttackPower: 160 -> 169; stat MeleeHit: 70 -> 74; stat MeleeCrit: 86 -> 91; stat RangedAttackPower: 160 -> 169; weapon damage min: 446 -> 466; weapon damage max: 670 -> 700,,,drop Ulduar Raid10 (XT-002 Deconstructor) | drop Ulduar Raid25 (XT-002 Deconstructor)
45257,Quartz Crystal Wand,classic,232,238,Ulduar,Raid10,ilvl: 232 -> 238; stat Stamina: 33 -> 35; stat Intellect: 25 -> 26; stat Spirit: 24 -> 25; stat SpellPower: 44 -> 47; stat SpellHit: 27 -> 29; stat MeleeHit: 27 -> 29; weapon damage min: 414 -> 438; weapon damage max: 769 -> 815,,,drop Ulduar Raid10 (XT-002 Deconstructor) | drop Ulduar Raid25 (XT-002 Deconstructor)
45258,Sandals of Rash Temperament,classic,226,232,Ulduar,Raid10,ilvl: 226 -> 232; stat Stamina: 73 -> 77; stat Intellect: 60 -> 63; stat SpellPower: 99 -> 105; stat SpellHit: 57 -> 60; stat SpellCrit: 56 -> 59; stat MeleeHit: 57 -> 60; stat MeleeCrit: 56 -> 59; stat Armor: 216 -> 222,,,drop Ulduar Raid10 (XT-002 Deconstructor) | drop Ulduar Raid25 (XT-002 Deconstructor)
45259,Quartz-studded Harness,classic,226,232,Ulduar,Raid10,ilvl: 226 -> 232; stat Stamina: 99 -> 105; stat Intellect: 81 -> 86; stat SpellPower: 113 -> 120; stat MP5: 33 -> 35; stat SpellHaste: 66 -> 70; stat MeleeHaste: 66 -> 70; stat Armor: 1314 -> 1348,,,drop Ulduar Raid10 (XT-002 Deconstructor) | drop Ulduar Raid25 (XT-002 Deconstructor)
45260,Boots of Hasty Revival,classic,226,232,Ulduar,Raid10,ilvl: 226 -> 232; stat Stamina: 73 -> 77; stat Intellect: 62 -> 66; stat Spirit: 60 -> 64; stat SpellPower: 90 -> 95; stat SpellCrit: 41 -> 43; stat MeleeCrit: 41 -> 43; stat Armor: 406 -> 417,,,drop Ulduar Raid10 (XT-002 Deconstructor) | drop Ulduar Raid25 (XT-002 Deconstructor)
45261,Giant's Bane,classic,232,238,Ulduar,Raid10,ilvl: 232 -> 238; stat Agility: 38 -> 40; stat Stamina: 33 -> 35; stat SpellHaste: 27 -> 29; stat AttackPower: 54 -> 57; stat MeleeHaste: 27 -> 29; stat ArmorPenetration: 21 -> 22; stat RangedAttackPower: 54 -> 57; weapon damage min: 402 -> 421; weapon damage max: 684 -> 720,,,drop Ulduar Raid10 (Kologarn) | drop Ulduar Raid25 (Kologarn)
45262,Necklace of Unerring Mettle,classic,226,232,Ulduar,Raid10,ilvl: 226 -> 232; stat Strength: 63 -> 67; stat Stamina: 94 -> 99; stat Defense: 42 -> 44; stat Block: 28 -> 30; stat BlockValue: 84 -> 89,,,drop Ulduar Raid10 (Kologarn) | drop Ulduar Raid25 (Kologarn)
45263,Wrathstone,classic,226,232,Ulduar,Raid10,ilvl: 226 -> 232; stat SpellCrit: 108 -> 114; stat MeleeCrit: 108 -> 114,,,drop Ulduar Raid10 (Kologarn) | drop Ulduar Raid25 (Kologarn)
45264,Decimator's Armguards,classic,226,232,Ulduar,Raid10,ilvl: 226 -> 232; stat Strength: 72 -> 76; stat Stamina: 72 -> 76; stat SpellHit: 36 -> 38; stat MeleeHit: 36 -> 38; stat ArmorPenetration: 46 -> 49; stat Armor: 1027 -> 1054,,,drop Ulduar Raid10 (Kologarn) | drop Ulduar Raid25 (Kologarn)
45265,Shoulderpads of the Monolith,classic,226,232,Ulduar,Raid10,ilvl: 226 -> 232; stat Agility: 77 -> 82; stat Stamina: 73 -> 77; stat SpellCrit: 48 -> 51; stat SpellHaste: 62 -> 66; stat AttackPower: 112 -> 119; stat MeleeCrit: 48 -> 51; stat MeleeHaste: 62 -> 66; stat Armor: 443 -> 455; stat RangedAttackPower: 112 -> 119,,,drop Ulduar Raid10 (Kologarn) | drop Ulduar Raid25 (Kologarn)
45266,Malice,classic,232,238,Ulduar,Raid10,ilvl: 232 -> 238; stat Agility: 52 -> 55; stat Stamina: 51 -> 54; stat SpellCrit: 37 -> 39; stat SpellHaste: 29 -> 31; stat AttackPower: 76 -> 80; stat MeleeCrit: 37 -> 39; stat MeleeHaste: 29 -> 31; stat RangedAttackPower: 76 -> 80; weapon damage min: 313 -> 327; weapon damage max: 582 -> 608,,,drop Ulduar Raid10 (Kologarn) | drop Ulduar Raid25 (Kologarn)
45267,Saronite Plated Legguards,classic,226,232,Ulduar,Raid10,ilvl: 226 -> 232; stat Strength: 113 -> 120; stat Stamina: 147 -> 156; stat Armor: 2054 -> 2107; stat Defense: 52 -> 55; stat Dodge: 51 -> 54,,,drop Ulduar Raid10 (Kologarn) | drop Ulduar Raid25 (Kologarn)
45268,Gloves of the Pythonic Guardian,classic,226,232,Ulduar,Raid10,ilvl: 226 -> 232; stat Stamina: 64 -> 68; stat Intellect: 65 -> 69; stat SpellPower: 99 -> 105; stat MP5: 30 -> 32; stat SpellCrit: 49 -> 52; stat MeleeCrit: 49 -> 52; stat Armor: 1467 -> 1505,,,drop Ulduar Raid10 (Kologarn) | drop Ulduar Raid25 (Kologarn)
45269,Unfaltering Armguards,classic,226,232,Ulduar,Raid10,ilvl: 226 -> 232; stat Stamina: 46 -> 49; stat Intellect: 49 -> 52; stat SpellPower: 64 -> 68; stat MP5: 18 -> 19; stat SpellHaste: 28 -> 30; stat MeleeHaste: 28 -> 30; stat Armor: 1027 -> 1054,,,drop Ulduar Raid10 (Kologarn) | drop Ulduar Raid25 (Kologarn)
45270,Idol of the Crying Wind,classic,226,232,Ulduar,Raid10,ilvl: 226 -> 232,,,sold by  (0) in zone 4395 | drop Ulduar Raid10 (Kologarn) | drop Ulduar Raid25 (Kologarn)
45271,Ironmender,classic,226,232,Ulduar,Raid10,ilvl: 226 -> 232; stat Stamina: 54 -> 57; stat Intellect: 47 -> 50; stat Spirit: 45 -> 48; stat SpellPower: 74 -> 78; stat SpellHaste: 36 -> 38; stat MeleeHaste: 36 -> 38,,,drop Ulduar Raid10 (Kologarn) | drop Ulduar Raid25 (Kologarn)
45272,Robes of the Umbral Brute,classic,226,232,Ulduar,Raid10,ilvl: 226 -> 232; stat Stamina: 85 -> 90; stat Intellect: 86 -> 91; stat SpellPower: 123 -> 130; stat SpellCrit: 58 -> 61; stat SpellHaste: 82 -> 87; stat MeleeCrit: 58 -> 61; stat MeleeHaste: 82 -> 87; stat Armor: 314 -> 322,,,drop Ulduar Raid10 (Kologarn) | drop Ulduar Raid25 (Kologarn)
45273,Handwraps of Plentiful Recovery,classic,226,232,Ulduar,Raid10,ilvl: 226 -> 232; stat Stamina: 73 -> 77; stat Intellect: 62 -> 66; stat Spirit: 56 -> 59; stat SpellPower: 99 -> 105; stat SpellHaste: 56 -> 59; stat MeleeHaste: 56 -> 59; stat Armor: 197 -> 202,,,drop Ulduar Raid10 (Kologarn) | drop Ulduar Raid25 (Kologarn)
45274,Leggings of the Stoneweaver,classic,226,232,Ulduar,Raid10,ilvl: 226 -> 232; stat Stamina: 99 -> 105; stat Intellect: 81 -> 86; stat SpellPower: 124 -> 131; stat MP5: 38 -> 40; stat SpellCrit: 60 -> 64; stat MeleeCrit: 60 -> 64; stat Armor: 1150 -> 1180,,,drop Ulduar Raid10 (Kologarn) | drop Ulduar Raid25 (Kologarn)
45275,Bracers of Unleashed Magic,classic,226,232,Ulduar,Raid10,ilvl: 226 -> 232; stat Stamina: 63 -> 67; stat Intellect: 46 -> 49; stat SpellPower: 74 -> 78; stat SpellHit: 36 -> 38; stat SpellHaste: 42 -> 44; stat MeleeHit: 36 -> 38; stat MeleeHaste: 42 -> 44; stat Armor: 138 -> 142,,,drop Ulduar Raid10 (Kologarn) | drop Ulduar Raid25 (Kologarn)
45282,Ironsoul,classic,219,225,The Nexus,TitanRuneBeta,ilvl: 219 -> 225; stat Strength: 105 -> 111; stat Stamina: 126 -> 133; stat SpellCrit: 69 -> 73; stat MeleeCrit: 69 -> 73; stat ArmorPenetration: 84 -> 89; weapon damage min: 594 -> 619; weapon damage max: 892 -> 930,,,drop The Nexus TitanRuneBeta (Keristrasza)
45283,Flamewatch Armguards,classic,219,225,The Nexus,TitanRuneBeta,ilvl: 219 -> 225; stat Strength: 47 -> 50; stat Stamina: 88 -> 93; stat SpellHit: 28 -> 30; stat MeleeHit: 28 -> 30; stat Armor: 1016 -> 1043; stat Defense: 43 -> 45; stat Dodge: 35 -> 37,,,drop The Nexus TitanRuneBeta (Keristrasza)
45284,Kinetic Ripper,classic,219,225,The Violet Hold,TitanRuneBeta,ilvl: 219 -> 225; stat Agility: 46 -> 49; stat Stamina: 38 -> 40; stat SpellHit: 22 -> 23; stat SpellHaste: 34 -> 36; stat AttackPower: 70 -> 74; stat MeleeHit: 22 -> 23; stat MeleeHaste: 34 -> 36; stat RangedAttackPower: 70 -> 74; weapon damage min: 171 -> 178; weapon damage max: 318 -> 332,,,drop The Violet Hold TitanRuneBeta (Erekem) | drop The Violet Hold TitanRuneBeta (Zuramat the Obliterator) | drop The Violet Hold TitanRuneBeta (Xevozz) | drop The Violet Hold TitanRuneBeta (Ichoron) | drop The Violet Hold TitanRuneBeta (Moragg) | drop The Violet Hold TitanRuneBeta (Lavanthor)
45285,Might of the Leviathan,classic,219,225,The Violet Hold,TitanRuneBeta,ilvl: 219 -> 225; stat Strength: 68 -> 72; stat Stamina: 67 -> 71; stat SpellHit: 34 -> 36; stat MeleeHit: 34 -> 36; stat ArmorPenetration: 43 -> 45,,,drop The Violet Hold TitanRuneBeta (Erekem) | drop The Violet Hold TitanRuneBeta (Zuramat the Obliterator) | drop The Violet Hold TitanRuneBeta (Xevozz) | drop The Violet Hold TitanRuneBeta (Ichoron) | drop The Violet Hold TitanRuneBeta (Moragg) | drop The Violet Hold TitanRuneBeta (Lavanthor)
45286,Pyrite Infuser,classic,219,225,The Nexus,TitanRuneBeta,ilvl: 219 -> 225; stat SpellHit: 95 -> 100; stat MeleeHit: 95 -> 100,,,drop The Nexus TitanRuneBeta (Keristrasza)
45287,Firesoul,classic,219,225,The Nexus,TitanRuneBeta,ilvl: 219 -> 225; stat Stamina: 67 -> 71; stat Intellect: 46 -> 49; stat SpellPower: 487 -> 515; stat SpellHit: 34 -> 36; stat SpellHaste: 26 -> 27; stat MeleeHit: 34 -> 36; stat MeleeHaste: 26 -> 27; weapon damage min: 72 -> 75; weapon damage max: 230 -> 240,,,drop The Nexus TitanRuneBeta (Ormorok the Tree-Shaper)
45288,Firestrider Chestguard,classic,219,225,The Nexus,TitanRuneBeta,ilvl: 219 -> 225; stat Stamina: 80 -> 85; stat Intellect: 87 -> 92; stat SpellPower: 109 -> 115; stat SpellCrit: 57 -> 60; stat SpellHaste: 81 -> 86; stat MeleeCrit: 57 -> 60; stat MeleeHaste: 81 -> 86; stat Armor: 1299 -> 1334,,,drop The Nexus TitanRuneBeta (Ormorok the Tree-Shaper)
45289,Lifespark Visage,classic,219,225,The Violet Hold,TitanRuneBeta,ilvl: 219 -> 225; stat Stamina: 93 -> 99; stat Intellect: 73 -> 78; stat Spirit: 45 -> 48; stat SpellPower: 105 -> 112; stat SpellHaste: 63 -> 67; stat MeleeHaste: 63 -> 67; stat Armor: 253 -> 260,,,drop The Violet Hold TitanRuneBeta (Erekem) | drop The Violet Hold TitanRuneBeta (Zuramat the Obliterator) | drop The Violet Hold TitanRuneBeta (Xevozz) | drop The Violet Hold TitanRuneBeta (Ichoron) | drop The Violet Hold TitanRuneBeta (Moragg) | drop The Violet Hold TitanRuneBeta (Lavanthor)
45291,Combustion Bracers,classic,219,225,The Nexus,TitanRuneBeta,ilvl: 219 -> 225; stat Stamina: 54 -> 57; stat Intellect: 41 -> 43; stat Spirit: 44 -> 47; stat SpellPower: 70 -> 74; stat SpellHit: 32 -> 34; stat MeleeHit: 32 -> 34; stat Armor: 136 -> 140,,,drop The Nexus TitanRuneBeta (Anomalus)
45292,Energy Siphon,classic,219,225,The Nexus,TitanRuneBeta,ilvl: 219 -> 225; stat MP5: 54 -> 57,,,drop The Nexus TitanRuneBeta (Anomalus)
45293,Handguards of Potent Cures,classic,226,239,Ulduar,Raid10,ilvl: 226 -> 239; stat Stamina: 70 -> 79; stat Intellect: 62 -> 70; stat Spirit: 57 -> 65; stat SpellPower: 98 -> 111; stat SpellCrit: 56 -> 63; stat MeleeCrit: 56 -> 63; stat Armor: 369 -> 390,,,sold by Animated Constellation (207128) in zone 4395 | drop Ulduar Raid10 (Flame Leviathan) [Hard Mode]
45294,Petrified Ivy Sprig,classic,232,245,Ulduar,Raid10,ilvl: 232 -> 245; stat Stamina: 26 -> 29; stat Intellect: 19 -> 22; stat Spirit: 22 -> 25; stat SpellPower: 45 -> 51; stat SpellHit: 29 -> 33; stat MeleeHit: 29 -> 33; weapon damage min: 414 -> 455; weapon damage max: 769 -> 845,,,sold by Animated Constellation (207128) in zone 4395 | drop Ulduar Raid10 (Freya) [Hard Mode]
45295,Gilded Steel Legplates,classic,226,239,Ulduar,Raid10,ilvl: 226 -> 239; stat Strength: 81 -> 92; stat Stamina: 159 -> 180; stat Expertise: 66 -> 75; stat Armor: 2054 -> 2170; stat Defense: 71 -> 80; stat Parry: 68 -> 77,,,sold by Animated Constellation (207128) in zone 4395 | drop Ulduar Raid10 (Flame Leviathan) [Hard Mode]
45296,Twirling Blades,classic,232,245,Ulduar,Raid10,ilvl: 232 -> 245; stat Agility: 23 -> 26; stat Stamina: 28 -> 32; stat SpellHit: 22 -> 25; stat AttackPower: 62 -> 70; stat MeleeHit: 22 -> 25; stat ArmorPenetration: 28 -> 32; stat RangedAttackPower: 62 -> 70; weapon damage min: 390 -> 429; weapon damage max: 586 -> 644,,,sold by Animated Constellation (207128) in zone 4395 | drop Ulduar Raid10 (Flame Leviathan) [Hard Mode]
45297,Shimmering Seal,classic,226,239,Ulduar,Raid10,ilvl: 226 -> 239; stat Stamina: 63 -> 71; stat Intellect: 42 -> 48; stat Spirit: 22 -> 25; stat SpellPower: 74 -> 84; stat SpellHit: 42 -> 48; stat MeleeHit: 42 -> 48,,,sold by Animated Constellation (207128) in zone 4395 | drop Ulduar Raid10 (Flame Leviathan) [Hard Mode]
45298,Razorscale Talon,classic,219,225,Gundrak,TitanRuneBeta,ilvl: 219 -> 225; stat Agility: 36 -> 38; stat Stamina: 51 -> 54; stat SpellCrit: 33 -> 35; stat SpellHaste: 20 -> 21; stat AttackPower: 90 -> 95; stat MeleeCrit: 33 -> 35; stat MeleeHaste: 20 -> 21; stat RangedAttackPower: 90 -> 95; weapon damage min: 297 -> 310; weapon damage max: 552 -> 576,,,drop Gundrak TitanRuneBeta (Gal'darah)
45299,Dragonsteel Faceplate,classic,219,225,Gundrak,TitanRuneBeta,ilvl: 219 -> 225; stat Strength: 97 -> 103; stat Stamina: 120 -> 128; stat SpellCrit: 71 -> 75; stat MeleeCrit: 71 -> 75; stat ArmorPenetration: 46 -> 49; stat Armor: 1886 -> 1937,,,drop Gundrak TitanRuneBeta (Moorabi) | drop Gundrak TitanRuneBeta (Eck the Ferocious)
45300,Mantle of Fiery Vengeance,classic,226,239,Ulduar,Raid10,ilvl: 226 -> 239; stat Agility: 57 -> 65; stat Stamina: 63 -> 71; stat Intellect: 65 -> 74; stat SpellCrit: 56 -> 63; stat AttackPower: 108 -> 122; stat MeleeCrit: 56 -> 63; stat ArmorPenetration: 41 -> 46; stat Armor: 985 -> 1041; stat RangedAttackPower: 108 -> 122,,,sold by Animated Constellation (207128) in zone 4395 | drop Ulduar Raid10 (Flame Leviathan) [Hard Mode]
45301,Bracers of the Smothering Inferno,classic,219,225,Gundrak,TitanRuneBeta,ilvl: 219 -> 225; stat Agility: 43 -> 45; stat Stamina: 59 -> 62; stat Intellect: 35 -> 37; stat SpellHit: 40 -> 42; stat AttackPower: 92 -> 97; stat MeleeHit: 40 -> 42; stat ArmorPenetration: 29 -> 31; stat Armor: 568 -> 583; stat RangedAttackPower: 92 -> 97,,,drop Gundrak TitanRuneBeta (Drakkari Colossus) | drop Gundrak TitanRuneBeta (Moorabi)
45302,Treads of the Invader,classic,219,225,Halls of Stone,TitanRuneBeta,ilvl: 219 -> 225; stat Agility: 79 -> 84; stat Stamina: 69 -> 73; stat SpellCrit: 60 -> 63; stat SpellHaste: 40 -> 42; stat AttackPower: 114 -> 121; stat MeleeCrit: 60 -> 63; stat MeleeHaste: 40 -> 42; stat Armor: 402 -> 413; stat RangedAttackPower: 114 -> 121,,,drop Halls of Stone TitanRuneBeta (Maiden of Grief)
45303,Band of Draconic Guile,classic,219,225,no source,,ilvl: 219 -> 225; stat Agility: 59 -> 62; stat Stamina: 63 -> 67; stat SpellHaste: 35 -> 37; stat AttackPower: 70 -> 74; stat MeleeHaste: 35 -> 37; stat ArmorPenetration: 43 -> 45; stat RangedAttackPower: 70 -> 74,,,
45304,Stormtempered Girdle,classic,219,225,Gundrak,TitanRuneBeta,ilvl: 219 -> 225; stat Strength: 56 -> 59; stat Stamina: 119 -> 126; stat SpellHit: 45 -> 48; stat MeleeHit: 45 -> 48; stat Armor: 1306 -> 1341; stat Defense: 57 -> 60; stat Dodge: 46 -> 49,,,drop Gundrak TitanRuneBeta (Gal'darah)
45305,Breastplate of the Afterlife,classic,219,225,Gundrak,TitanRuneBeta,ilvl: 219 -> 225; stat Stamina: 80 -> 85; stat Intellect: 106 -> 112; stat SpellPower: 95 -> 101; stat MP5: 30 -> 32; stat SpellHaste: 62 -> 66; stat MeleeHaste: 62 -> 66; stat Armor: 2322 -> 2384,,,drop Gundrak TitanRuneBeta (Moorabi)
45306,Binding of the Dragon Matriarch,classic,219,225,Gundrak,TitanRuneBeta,ilvl: 219 -> 225; stat Stamina: 69 -> 73; stat Intellect: 46 -> 49; stat Spirit: 58 -> 61; stat SpellPower: 91 -> 96; stat SpellCrit: 57 -> 60; stat MeleeCrit: 57 -> 60; stat Armor: 175 -> 180,,,drop Gundrak TitanRuneBeta (Drakkari Colossus)
45307,Ironscale Leggings,classic,219,225,Gundrak,TitanRuneBeta,ilvl: 219 -> 225; stat Stamina: 114 -> 121; stat Intellect: 76 -> 80; stat SpellPower: 109 -> 115; stat MP5: 38 -> 40; stat SpellHaste: 62 -> 66; stat MeleeHaste: 62 -> 66; stat Armor: 1137 -> 1167,,,drop Gundrak TitanRuneBeta (Eck the Ferocious)
45308,Eye of the Broodmother,classic,219,225,Gundrak,TitanRuneBeta,ilvl: 219 -> 225; stat SpellCrit: 87 -> 92; stat MeleeCrit: 87 -> 92,,,drop Gundrak TitanRuneBeta (Eck the Ferocious)
45309,Rifle of the Platinum Guard,classic,219,225,Ahn'kahet: The Old Kingdom,TitanRuneBeta,ilvl: 219 -> 225; stat Stamina: 42 -> 44; stat SpellHit: 24 -> 25; stat SpellCrit: 29 -> 31; stat MeleeHit: 24 -> 25; stat MeleeCrit: 29 -> 31; stat ArmorPenetration: 31 -> 33; weapon damage min: 289 -> 344; weapon damage max: 537 -> 641,,,drop Ahn'kahet: The Old Kingdom TitanRuneBeta (Amanitar)
45310,Gauntlets of the Iron Furnace,classic,219,225,Ahn'kahet: The Old Kingdom,TitanRuneBeta,ilvl: 219 -> 225; stat Strength: 59 -> 62; stat Stamina: 117 -> 124; stat ArmorPenetration: 43 -> 45; stat Armor: 1451 -> 1490; stat Defense: 48 -> 51; stat Dodge: 56 -> 59,,,drop Ahn'kahet: The Old Kingdom TitanRuneBeta (Elder Nadox)
45311,Relentless Edge,classic,219,225,Trial of the Champion,TitanRuneBeta,ilvl: 219 -> 225; stat Agility: 65 -> 69; stat Stamina: 111 -> 117; stat SpellCrit: 76 -> 80; stat SpellHaste: 62 -> 66; stat AttackPower: 212 -> 224; stat MeleeCrit: 76 -> 80; stat MeleeHaste: 62 -> 66; stat RangedAttackPower: 212 -> 224; weapon damage min: 543 -> 566; weapon damage max: 815 -> 850,,,drop Trial of the Champion TitanRuneBeta (Eadric the Pure) | drop Trial of the Champion TitanRuneBeta (Argent Confessor Paletress)
45312,Gloves of Smoldering Touch,classic,219,225,Azjol-Nerub,TitanRuneBeta,ilvl: 219 -> 225; stat Agility: 83 -> 88; stat Stamina: 63 -> 67; stat SpellCrit: 53 -> 56; stat SpellHaste: 48 -> 51; stat AttackPower: 112 -> 118; stat MeleeCrit: 53 -> 56; stat MeleeHaste: 48 -> 51; stat Armor: 365 -> 375; stat RangedAttackPower: 112 -> 118,,,drop Azjol-Nerub TitanRuneBeta (Anub'arak) | drop Drak'Tharon Keep TitanRuneBeta (The Prophet Tharon'ja)
45313,Furnace Stone,classic,219,225,Azjol-Nerub,TitanRuneBeta,ilvl: 219 -> 225; stat Dodge: 105 -> 111,,,drop Azjol-Nerub TitanRuneBeta (Anub'arak) | drop Drak'Tharon Keep TitanRuneBeta (The Prophet Tharon'ja)
45314,Igniter Rod,classic,219,225,Ahn'kahet: The Old Kingdom,TitanRuneBeta,ilvl: 219 -> 225; stat Stamina: 44 -> 47; stat Intellect: 45 -> 48; stat Spirit: 36 -> 38; stat SpellPower: 64 -> 68; stat SpellCrit: 47 -> 50; stat MeleeCrit: 47 -> 50,,,drop Ahn'kahet: The Old Kingdom TitanRuneBeta (Elder Nadox)
45315,Stonerender,classic,232,238,Ulduar,Raid10,ilvl: 232 -> 238; stat Agility: 51 -> 54; stat Stamina: 51 -> 54; stat SpellCrit: 30 -> 32; stat SpellHaste: 38 -> 40; stat AttackPower: 68 -> 72; stat MeleeCrit: 30 -> 32; stat MeleeHaste: 38 -> 40; stat RangedAttackPower: 68 -> 72; weapon damage min: 187 -> 195; weapon damage max: 349 -> 364,,,drop Ulduar Raid10 (Auriaya) | drop Ulduar Raid25 (Auriaya)
45316,Armbraces of the Vibrant Flame,classic,219,225,Azjol-Nerub,TitanRuneBeta,ilvl: 219 -> 225; stat Stamina: 39 -> 41; stat Intellect: 33 -> 35; stat SpellPower: 79 -> 84; stat MP5: 18 -> 19; stat SpellCrit: 43 -> 45; stat MeleeCrit: 43 -> 45; stat Armor: 568 -> 583,,,drop Azjol-Nerub TitanRuneBeta (Hadronox)
45317,Shawl of the Caretaker,classic,219,225,Ahn'kahet: The Old Kingdom,TitanRuneBeta,ilvl: 219 -> 225; stat Stamina: 65 -> 69; stat Intellect: 35 -> 37; stat SpellPower: 74 -> 78; stat MP5: 15 -> 16; stat SpellHaste: 39 -> 41; stat MeleeHaste: 39 -> 41; stat Armor: 155 -> 159,,,drop Ahn'kahet: The Old Kingdom TitanRuneBeta (Amanitar)
45318,Drape of Fuming Anger,classic,219,225,Azjol-Nerub,TitanRuneBeta,ilvl: 219 -> 225; stat Strength: 68 -> 72; stat Stamina: 67 -> 71; stat SpellCrit: 30 -> 32; stat SpellHaste: 46 -> 49; stat MeleeCrit: 30 -> 32; stat MeleeHaste: 46 -> 49; stat Armor: 155 -> 159,,,drop Azjol-Nerub TitanRuneBeta (Anub'arak) | drop Drak'Tharon Keep TitanRuneBeta (The Prophet Tharon'ja)
45319,Cloak of the Makers,classic,226,232,Ulduar,Raid10,ilvl: 226 -> 232; stat Strength: 46 -> 49; stat Stamina: 94 -> 99; stat SpellHit: 36 -> 38; stat MeleeHit: 36 -> 38; stat Armor: 157 -> 161; stat Defense: 43 -> 45; stat Dodge: 41 -> 43,,,drop Ulduar Raid10 (Auriaya) | drop Ulduar Raid25 (Auriaya)
45320,Shoulderplates of the Eternal,classic,226,232,Ulduar,Raid10,ilvl: 226 -> 232; stat Strength: 90 -> 95; stat Stamina: 96 -> 102; stat SpellHit: 41 -> 43; stat SpellCrit: 60 -> 64; stat MeleeHit: 41 -> 43; stat MeleeCrit: 60 -> 64; stat Armor: 1761 -> 1807,,,drop Ulduar Raid10 (Auriaya) | drop Ulduar Raid25 (Auriaya)
45321,Pauldrons of Tempered Will,classic,219,225,Ahn'kahet: The Old Kingdom,TitanRuneBeta,ilvl: 219 -> 225; stat Stamina: 80 -> 85; stat Intellect: 66 -> 70; stat SpellPower: 92 -> 97; stat SpellCrit: 43 -> 45; stat SpellHaste: 34 -> 36; stat MeleeCrit: 43 -> 45; stat MeleeHaste: 34 -> 36; stat Armor: 1741 -> 1788,,,drop Ahn'kahet: The Old Kingdom TitanRuneBeta (Prince Taldaram)
45322,Cloak of the Iron Council,classic,219,225,Utgarde Keep,TitanRuneBeta,ilvl: 219 -> 225; stat Strength: 49 -> 52; stat Stamina: 90 -> 95; stat Expertise: 26 -> 27; stat Armor: 155 -> 159; stat Defense: 32 -> 34; stat Block: 40 -> 42,,,drop Utgarde Keep TitanRuneBeta (Skarvald the Constructor & Dalronn the Controller)
45324,Leggings of Swift Reflexes,classic,219,225,Utgarde Keep,TitanRuneBeta,ilvl: 219 -> 225; stat Agility: 106 -> 112; stat Stamina: 92 -> 97; stat SpellCrit: 53 -> 56; stat SpellHaste: 76 -> 80; stat AttackPower: 162 -> 171; stat MeleeCrit: 53 -> 56; stat MeleeHaste: 76 -> 80; stat Armor: 511 -> 525; stat RangedAttackPower: 162 -> 171,,,drop Utgarde Keep TitanRuneBeta (Ingvar the Plunderer)
45325,Gloves of the Stonereaper,classic,226,232,Ulduar,Raid10,ilvl: 226 -> 232; stat Agility: 77 -> 82; stat Stamina: 84 -> 89; stat SpellHit: 65 -> 69; stat AttackPower: 112 -> 119; stat MeleeHit: 65 -> 69; stat ArmorPenetration: 41 -> 43; stat Armor: 369 -> 379; stat RangedAttackPower: 112 -> 119,,,drop Ulduar Raid10 (Auriaya) | drop Ulduar Raid25 (Auriaya)
45326,Platinum Band of the Aesir,classic,226,232,Ulduar,Raid10,ilvl: 226 -> 232; stat Strength: 42 -> 44; stat Stamina: 94 -> 99; stat Expertise: 42 -> 44; stat Defense: 46 -> 49; stat Dodge: 36 -> 38,,,drop Ulduar Raid10 (Auriaya) | drop Ulduar Raid25 (Auriaya)
45327,Siren's Cry,classic,232,238,Ulduar,Raid10,ilvl: 232 -> 238; stat Agility: 38 -> 40; stat Stamina: 36 -> 38; stat SpellCrit: 25 -> 26; stat SpellHaste: 22 -> 23; stat AttackPower: 54 -> 57; stat MeleeCrit: 25 -> 26; stat MeleeHaste: 22 -> 23; stat RangedAttackPower: 54 -> 57; weapon damage min: 387 -> 406; weapon damage max: 660 -> 695,,,drop Ulduar Raid10 (Auriaya) | drop Ulduar Raid25 (Auriaya)
45329,Circlet of True Sight,classic,219,225,Utgarde Keep,TitanRuneBeta,ilvl: 219 -> 225; stat Agility: 70 -> 74; stat Stamina: 95 -> 101; stat Intellect: 54 -> 57; stat SpellHit: 60 -> 64; stat SpellCrit: 42 -> 45; stat AttackPower: 156 -> 166; stat MeleeHit: 60 -> 64; stat MeleeCrit: 42 -> 45; stat Armor: 1056 -> 1084; stat RangedAttackPower: 156 -> 166,,,drop Utgarde Keep TitanRuneBeta (Skarvald the Constructor & Dalronn the Controller)
45330,Greaves of Iron Intensity,classic,219,225,Utgarde Keep,TitanRuneBeta,ilvl: 219 -> 225; stat Strength: 91 -> 96; stat Stamina: 90 -> 95; stat SpellHit: 56 -> 59; stat SpellCrit: 45 -> 48; stat MeleeHit: 56 -> 59; stat MeleeCrit: 45 -> 48; stat Armor: 1596 -> 1639,,,drop Utgarde Keep TitanRuneBeta (Ingvar the Plunderer)
45331,Rune-Etched Nightblade,classic,219,225,Utgarde Pinnacle,TitanRuneBeta,ilvl: 219 -> 225; stat Agility: 46 -> 49; stat Stamina: 50 -> 53; stat SpellCrit: 32 -> 34; stat AttackPower: 56 -> 59; stat MeleeCrit: 32 -> 34; stat ArmorPenetration: 26 -> 27; stat RangedAttackPower: 56 -> 59; weapon damage min: 160 -> 167; weapon damage max: 297 -> 310,,,drop Utgarde Pinnacle TitanRuneBeta (Svala Sorrowgrave)
45332,Stormtip,classic,219,225,Utgarde Pinnacle,TitanRuneBeta,ilvl: 219 -> 225; stat Stamina: 33 -> 35; stat Intellect: 35 -> 37; stat Spirit: 34 -> 36; stat SpellPower: 487 -> 515; stat SpellHaste: 53 -> 56; stat MeleeHaste: 53 -> 56; weapon damage min: 81 -> 84; weapon damage max: 258 -> 268,,,drop Utgarde Pinnacle TitanRuneBeta (Gortok Palehoof)
45333,Belt of the Iron Servant,classic,219,225,Utgarde Keep,TitanRuneBeta,ilvl: 219 -> 225; stat Stamina: 69 -> 73; stat Intellect: 60 -> 63; stat SpellPower: 93 -> 98; stat MP5: 29 -> 31; stat SpellHaste: 39 -> 41; stat MeleeHaste: 39 -> 41; stat Armor: 731 -> 751,,,drop Utgarde Keep TitanRuneBeta (Prince Keleseth)
45334,Unbreakable Chestguard,classic,226,232,Ulduar,Raid10,ilvl: 226 -> 232; stat Strength: 105 -> 112; stat Stamina: 159 -> 169; stat Armor: 2348 -> 2409; stat Defense: 60 -> 64; stat Block: 51 -> 54,,,drop Ulduar Raid10 (Auriaya) | drop Ulduar Raid25 (Auriaya)
45335,Valorous Darkruned Chestguard,classic,219,225,vendor: Dubin Clay,,ilvl: 219 -> 225; stat Strength: 90 -> 96; stat Stamina: 135 -> 143; stat Armor: 2322 -> 2384; stat Defense: 60 -> 64; stat Dodge: 55 -> 58; stat Parry: 49 -> 52,,,sold by Dubin Clay (34252) in zone 4395
45336,Valorous Darkruned Faceguard,classic,219,225,vendor: Dubin Clay,,ilvl: 219 -> 225; stat Strength: 81 -> 86; stat Stamina: 135 -> 143; stat SpellHit: 37 -> 39; stat MeleeHit: 37 -> 39; stat Armor: 1886 -> 1937; stat Defense: 65 -> 69; stat Dodge: 53 -> 56,,,sold by Dubin Clay (34252) in zone 4395
45337,Valorous Darkruned Handguards,classic,219,225,vendor: Dubin Clay,,ilvl: 219 -> 225; stat Strength: 57 -> 61; stat Stamina: 119 -> 126; stat Expertise: 36 -> 38; stat Armor: 1451 -> 1490; stat Defense: 47 -> 50; stat Parry: 52 -> 55,,,sold by Dubin Clay (34252) in zone 4395
45338,Valorous Darkruned Legguards,classic,219,225,vendor: Dubin Clay,,ilvl: 219 -> 225; stat Strength: 71 -> 75; stat Stamina: 135 -> 143; stat Expertise: 54 -> 57; stat Armor: 2032 -> 2086; stat Defense: 62 -> 66; stat Parry: 76 -> 81,,,sold by Dubin Clay (34252) in zone 4395
45339,Valorous Darkruned Pauldrons,classic,219,225,vendor: Dubin Clay,,ilvl: 219 -> 225; stat Strength: 62 -> 66; stat Stamina: 119 -> 126; stat Armor: 1741 -> 1788; stat Defense: 41 -> 43; stat Dodge: 45 -> 48; stat Parry: 36 -> 38,,,sold by Dubin Clay (34252) in zone 4395
45340,Valorous Darkruned Battleplate,classic,219,225,vendor: Dubin Clay,,ilvl: 219 -> 225; stat Strength: 105 -> 112; stat Stamina: 120 -> 128; stat SpellCrit: 71 -> 75; stat MeleeCrit: 71 -> 75; stat Expertise: 51 -> 54; stat Armor: 2322 -> 2384,,,sold by Dubin Clay (34252) in zone 4395
45341,Valorous Darkruned Gauntlets,classic,219,225,vendor: Dubin Clay,,ilvl: 219 -> 225; stat Strength: 83 -> 88; stat Stamina: 90 -> 95; stat SpellHit: 52 -> 55; stat SpellCrit: 39 -> 41; stat MeleeHit: 52 -> 55; stat MeleeCrit: 39 -> 41; stat Armor: 1451 -> 1490,,,sold by Dubin Clay (34252) in zone 4395
45342,Valorous Darkruned Helmet,classic,219,225,vendor: Dubin Clay,,ilvl: 219 -> 225; stat Strength: 97 -> 103; stat Stamina: 120 -> 128; stat SpellCrit: 65 -> 69; stat MeleeCrit: 65 -> 69; stat ArmorPenetration: 45 -> 48; stat Armor: 1886 -> 1937,,,sold by Dubin Clay (34252) in zone 4395
45343,Valorous Darkruned Legplates,classic,219,225,vendor: Dubin Clay,,ilvl: 219 -> 225; stat Strength: 105 -> 111; stat Stamina: 120 -> 127; stat SpellCrit: 65 -> 69; stat SpellHaste: 60 -> 63; stat MeleeCrit: 65 -> 69; stat MeleeHaste: 60 -> 63; stat Armor: 2032 -> 2086,,,sold by Dubin Clay (34252) in zone 4395
45344,Valorous Darkruned Shoulderplates,classic,219,225,vendor: Dubin Clay,,ilvl: 219 -> 225; stat Strength: 83 -> 88; stat Stamina: 90 -> 95; stat SpellHit: 41 -> 43; stat SpellHaste: 52 -> 55; stat MeleeHit: 41 -> 43; stat MeleeHaste: 52 -> 55; stat Armor: 1741 -> 1788,,,sold by Dubin Clay (34252) in zone 4395
45345,Valorous Nightsong Handguards,classic,219,225,vendor: Valerie Langrom,,ilvl: 219 -> 225; stat Stamina: 58 -> 61; stat Intellect: 60 -> 64; stat Spirit: 53 -> 56; stat SpellPower: 83 -> 88; stat SpellCrit: 44 -> 47; stat MeleeCrit: 44 -> 47; stat Armor: 365 -> 375,,,sold by Valerie Langrom (28992) in zone 4395
45346,Valorous Nightsong Headpiece,classic,219,225,vendor: Valerie Langrom,,ilvl: 219 -> 225; stat Stamina: 79 -> 84; stat Intellect: 81 -> 86; stat Spirit: 55 -> 58; stat SpellPower: 105 -> 112; stat SpellHaste: 54 -> 57; stat MeleeHaste: 54 -> 57; stat Armor: 475 -> 488,,,sold by Valerie Langrom (28992) in zone 4395
45347,Valorous Nightsong Leggings,classic,219,225,vendor: Valerie Langrom,,ilvl: 219 -> 225; stat Stamina: 79 -> 84; stat Intellect: 81 -> 86; stat Spirit: 71 -> 75; stat SpellPower: 105 -> 112; stat SpellCrit: 54 -> 57; stat MeleeCrit: 54 -> 57; stat Armor: 511 -> 525,,,sold by Valerie Langrom (28992) in zone 4395
45348,Valorous Nightsong Robe,classic,219,225,vendor: Valerie Langrom,,ilvl: 219 -> 225; stat Stamina: 79 -> 84; stat Intellect: 81 -> 86; stat Spirit: 63 -> 67; stat SpellPower: 105 -> 112; stat SpellCrit: 62 -> 66; stat MeleeCrit: 62 -> 66; stat Armor: 585 -> 601,,,sold by Valerie Langrom (28992) in zone 4395
45349,Valorous Nightsong Spaulders,classic,219,225,vendor: Valerie Langrom,,ilvl: 219 -> 225; stat Stamina: 58 -> 61; stat Intellect: 60 -> 64; stat Spirit: 53 -> 56; stat SpellPower: 82 -> 87; stat SpellHaste: 44 -> 47; stat MeleeHaste: 44 -> 47; stat Armor: 438 -> 450,,,sold by Valerie Langrom (28992) in zone 4395
45351,Valorous Nightsong Gloves,classic,219,225,vendor: Valerie Langrom,,ilvl: 219 -> 225; stat Stamina: 58 -> 61; stat Intellect: 60 -> 64; stat Spirit: 45 -> 48; stat SpellPower: 83 -> 88; stat SpellHit: 52 -> 55; stat MeleeHit: 52 -> 55; stat Armor: 365 -> 375,,,sold by Valerie Langrom (28992) in zone 4395
45352,Valorous Nightsong Mantle,classic,219,225,vendor: Valerie Langrom,,ilvl: 219 -> 225; stat Stamina: 58 -> 61; stat Intellect: 60 -> 64; stat Spirit: 45 -> 48; stat SpellPower: 83 -> 88; stat SpellCrit: 52 -> 55; stat MeleeCrit: 52 -> 55; stat Armor: 438 -> 450,,,sold by Valerie Langrom (28992) in zone 4395
45353,Valorous Nightsong Trousers,classic,219,225,vendor: Valerie Langrom,,ilvl: 219 -> 225; stat Stamina: 79 -> 84; stat Intellect: 81 -> 86; stat SpellPower: 105 -> 112; stat SpellHit: 54 -> 57; stat SpellCrit: 71 -> 75; stat MeleeHit: 54 -> 57; stat MeleeCrit: 71 -> 75; stat Armor: 511 -> 525,,,sold by Valerie Langrom (28992) in zone 4395
45354,Valorous Nightsong Vestments,classic,219,225,vendor: Valerie Langrom,,ilvl: 219 -> 225; stat Stamina: 79 -> 84; stat Intellect: 81 -> 86; stat Spirit: 55 -> 58; stat SpellPower: 105 -> 112; stat SpellHaste: 70 -> 74; stat MeleeHaste: 70 -> 74; stat Armor: 585 -> 601,,,sold by Valerie Langrom (28992) in zone 4395
45355,Valorous Nightsong Handgrips,classic,219,225,vendor: Valerie Langrom,,ilvl: 219 -> 225; stat Agility: 79 -> 84; stat Stamina: 86 -> 91; stat SpellHaste: 30 -> 32; stat AttackPower: 120 -> 127; stat MeleeHaste: 30 -> 32; stat ArmorPenetration: 40 -> 42; stat Armor: 365 -> 375; stat RangedAttackPower: 120 -> 127,,,sold by Valerie Langrom (28992) in zone 4395
45356,Valorous Nightsong Headguard,classic,219,225,vendor: Valerie Langrom,,ilvl: 219 -> 225; stat Agility: 74 -> 79; stat Stamina: 114 -> 121; stat SpellCrit: 70 -> 74; stat AttackPower: 142 -> 151; stat MeleeCrit: 70 -> 74; stat ArmorPenetration: 46 -> 49; stat Armor: 475 -> 488; stat RangedAttackPower: 142 -> 151,,,sold by Valerie Langrom (28992) in zone 4395
45357,Valorous Nightsong Legguards,classic,219,225,vendor: Valerie Langrom,,ilvl: 219 -> 225; stat Agility: 106 -> 113; stat Stamina: 114 -> 121; stat SpellCrit: 65 -> 69; stat SpellHaste: 46 -> 49; stat AttackPower: 106 -> 113; stat MeleeCrit: 65 -> 69; stat MeleeHaste: 46 -> 49; stat Armor: 511 -> 525; stat RangedAttackPower: 106 -> 113,,,sold by Valerie Langrom (28992) in zone 4395
45358,Valorous Nightsong Raiments,classic,219,225,vendor: Valerie Langrom,,ilvl: 219 -> 225; stat Agility: 90 -> 96; stat Stamina: 110 -> 117; stat SpellHit: 45 -> 48; stat SpellCrit: 62 -> 66; stat AttackPower: 152 -> 162; stat MeleeHit: 45 -> 48; stat MeleeCrit: 62 -> 66; stat Armor: 585 -> 601; stat RangedAttackPower: 152 -> 162,,,sold by Valerie Langrom (28992) in zone 4395
45359,Valorous Nightsong Shoulderpads,classic,219,225,vendor: Valerie Langrom,,ilvl: 219 -> 225; stat Agility: 71 -> 75; stat Stamina: 67 -> 71; stat SpellCrit: 56 -> 59; stat AttackPower: 104 -> 110; stat MeleeCrit: 56 -> 59; stat Expertise: 44 -> 47; stat Armor: 438 -> 450; stat RangedAttackPower: 104 -> 110,,,sold by Valerie Langrom (28992) in zone 4395
45360,Valorous Scourgestalker Handguards,classic,219,225,vendor: Bragund Brightlink,,ilvl: 219 -> 225; stat Agility: 44 -> 47; stat Stamina: 62 -> 66; stat Intellect: 41 -> 43; stat SpellHit: 40 -> 42; stat SpellHaste: 41 -> 43; stat AttackPower: 158 -> 167; stat MeleeHit: 40 -> 42; stat MeleeHaste: 41 -> 43; stat Armor: 812 -> 834; stat RangedAttackPower: 158 -> 167,,,sold by Bragund Brightlink (29523) in zone 4395
45361,Valorous Scourgestalker Headpiece,classic,219,225,vendor: Bragund Brightlink,,ilvl: 219 -> 225; stat Agility: 76 -> 81; stat Stamina: 75 -> 80; stat Intellect: 45 -> 48; stat SpellCrit: 56 -> 60; stat AttackPower: 180 -> 191; stat MeleeCrit: 56 -> 60; stat ArmorPenetration: 46 -> 49; stat Armor: 1056 -> 1084; stat RangedAttackPower: 180 -> 191,,,sold by Bragund Brightlink (29523) in zone 4395
45362,Valorous Scourgestalker Legguards,classic,219,225,vendor: Bragund Brightlink,,ilvl: 219 -> 225; stat Agility: 54 -> 57; stat Stamina: 63 -> 67; stat Intellect: 63 -> 67; stat SpellCrit: 68 -> 72; stat SpellHaste: 42 -> 45; stat AttackPower: 212 -> 225; stat MeleeCrit: 68 -> 72; stat MeleeHaste: 42 -> 45; stat Armor: 1137 -> 1167; stat RangedAttackPower: 212 -> 225,,,sold by Bragund Brightlink (29523) in zone 4395
45363,Valorous Scourgestalker Spaulders,classic,219,225,vendor: Bragund Brightlink,,ilvl: 219 -> 225; stat Agility: 60 -> 63; stat Stamina: 47 -> 50; stat Intellect: 41 -> 43; stat SpellHit: 40 -> 42; stat SpellHaste: 48 -> 51; stat AttackPower: 126 -> 133; stat MeleeHit: 40 -> 42; stat MeleeHaste: 48 -> 51; stat Armor: 974 -> 1000; stat RangedAttackPower: 126 -> 133,,,sold by Bragund Brightlink (29523) in zone 4395
45364,Valorous Scourgestalker Tunic,classic,219,225,vendor: Bragund Brightlink,,ilvl: 219 -> 225; stat Agility: 81 -> 86; stat Stamina: 60 -> 64; stat Intellect: 55 -> 58; stat SpellHit: 53 -> 56; stat SpellCrit: 56 -> 60; stat AttackPower: 180 -> 191; stat MeleeHit: 53 -> 56; stat MeleeCrit: 56 -> 60; stat Armor: 1299 -> 1334; stat RangedAttackPower: 180 -> 191,,,sold by Bragund Brightlink (29523) in zone 4395
45365,Valorous Kirin Tor Hood,classic,219,225,vendor: Paldesse,,ilvl: 219 -> 225; stat Stamina: 56 -> 60; stat Intellect: 81 -> 86; stat Spirit: 61 -> 65; stat SpellPower: 105 -> 112; stat SpellHit: 64 -> 68; stat MeleeHit: 64 -> 68; stat Armor: 253 -> 260; set name: Kirin Tor Garb -> Kirin'dor Garb,,,sold by Paldesse (28995) in zone 4395
45367,Valorous Kirin Tor Leggings,classic,219,225,vendor: Paldesse,,ilvl: 219 -> 225; stat Stamina: 69 -> 73; stat Intellect: 76 -> 81; stat SpellPower: 115 -> 122; stat SpellHit: 62 -> 66; stat SpellCrit: 68 -> 72; stat MeleeHit: 62 -> 66; stat MeleeCrit: 68 -> 72; stat Armor: 272 -> 279; set name: Kirin Tor Garb -> Kirin'dor Garb,,,sold by Paldesse (28995) in zone 4395
45368,Valorous Kirin Tor Tunic,classic,219,225,vendor: Paldesse,,ilvl: 219 -> 225; stat Stamina: 69 -> 73; stat Intellect: 76 -> 81; stat Spirit: 46 -> 49; stat SpellPower: 124 -> 132; stat SpellCrit: 76 -> 81; stat MeleeCrit: 76 -> 81; stat Armor: 311 -> 319; set name: Kirin Tor Garb -> Kirin'dor Garb,,,sold by Paldesse (28995) in zone 4395
45369,Valorous Kirin Tor Shoulderpads,classic,219,225,vendor: Paldesse,,ilvl: 219 -> 225; stat Stamina: 60 -> 64; stat Intellect: 60 -> 64; stat Spirit: 30 -> 32; stat SpellPower: 91 -> 96; stat SpellHaste: 57 -> 60; stat MeleeHaste: 57 -> 60; stat Armor: 233 -> 239; set name: Kirin Tor Garb -> Kirin'dor Garb,,,sold by Paldesse (28995) in zone 4395
45370,Valorous Aegis Gloves,classic,219,225,vendor: Dubin Clay,,ilvl: 219 -> 225; stat Stamina: 58 -> 61; stat Intellect: 60 -> 64; stat SpellPower: 83 -> 88; stat MP5: 23 -> 24; stat SpellHaste: 53 -> 56; stat MeleeHaste: 53 -> 56; stat Armor: 1451 -> 1490,,,sold by Dubin Clay (34252) in zone 4395
45371,Valorous Aegis Greaves,classic,219,225,vendor: Dubin Clay,,ilvl: 219 -> 225; stat Stamina: 79 -> 84; stat Intellect: 81 -> 86; stat SpellPower: 105 -> 112; stat MP5: 35 -> 37; stat SpellHaste: 54 -> 57; stat MeleeHaste: 54 -> 57; stat Armor: 2032 -> 2086,,,sold by Dubin Clay (34252) in zone 4395
45372,Valorous Aegis Headpiece,classic,219,225,vendor: Dubin Clay,,ilvl: 219 -> 225; stat Stamina: 79 -> 84; stat Intellect: 81 -> 86; stat SpellPower: 105 -> 112; stat SpellCrit: 54 -> 57; stat SpellHaste: 55 -> 58; stat MeleeCrit: 54 -> 57; stat MeleeHaste: 55 -> 58; stat Armor: 1886 -> 1937,,,sold by Dubin Clay (34252) in zone 4395
45373,Valorous Aegis Spaulders,classic,219,225,vendor: Dubin Clay,,ilvl: 219 -> 225; stat Stamina: 58 -> 61; stat Intellect: 60 -> 64; stat SpellPower: 83 -> 88; stat SpellCrit: 45 -> 48; stat SpellHaste: 52 -> 55; stat MeleeCrit: 45 -> 48; stat MeleeHaste: 52 -> 55; stat Armor: 1741 -> 1788,,,sold by Dubin Clay (34252) in zone 4395
45374,Valorous Aegis Tunic,classic,219,225,vendor: Dubin Clay,,ilvl: 219 -> 225; stat Stamina: 79 -> 84; stat Intellect: 81 -> 86; stat SpellPower: 105 -> 112; stat MP5: 35 -> 37; stat SpellCrit: 54 -> 57; stat MeleeCrit: 54 -> 57; stat Armor: 2322 -> 2384,,,sold by Dubin Clay (34252) in zone 4395
45375,Valorous Aegis Battleplate,classic,219,225,vendor: Dubin Clay,,ilvl: 219 -> 225; stat Strength: 105 -> 112; stat Stamina: 120 -> 128; stat SpellHit: 73 -> 78; stat SpellCrit: 45 -> 48; stat MeleeHit: 73 -> 78; stat MeleeCrit: 45 -> 48; stat Armor: 2322 -> 2384,,,sold by Dubin Clay (34252) in zone 4395
45376,Valorous Aegis Gauntlets,classic,219,225,vendor: Dubin Clay,,ilvl: 219 -> 225; stat Strength: 83 -> 88; stat Stamina: 90 -> 95; stat SpellCrit: 56 -> 59; stat MeleeCrit: 56 -> 59; stat Expertise: 35 -> 37; stat Armor: 1451 -> 1490,,,sold by Dubin Clay (34252) in zone 4395
45377,Valorous Aegis Helm,classic,219,225,vendor: Dubin Clay,,ilvl: 219 -> 225; stat Strength: 97 -> 103; stat Stamina: 120 -> 128; stat SpellCrit: 60 -> 64; stat SpellHaste: 54 -> 57; stat MeleeCrit: 60 -> 64; stat MeleeHaste: 54 -> 57; stat Armor: 1886 -> 1937,,,sold by Dubin Clay (34252) in zone 4395
45378,Boots of the Petrified Forest,classic,219,225,Utgarde Keep,TitanRuneBeta,ilvl: 219 -> 225; stat Stamina: 69 -> 73; stat Intellect: 57 -> 60; stat Spirit: 52 -> 55; stat SpellPower: 93 -> 98; stat SpellHaste: 53 -> 56; stat MeleeHaste: 53 -> 56; stat Armor: 402 -> 413,,,drop Utgarde Keep TitanRuneBeta (Prince Keleseth)
45379,Valorous Aegis Legplates,classic,219,225,vendor: Dubin Clay,,ilvl: 219 -> 225; stat Strength: 105 -> 112; stat Stamina: 120 -> 128; stat SpellHit: 54 -> 57; stat SpellCrit: 68 -> 72; stat MeleeHit: 54 -> 57; stat MeleeCrit: 68 -> 72; stat Armor: 2032 -> 2086,,,sold by Dubin Clay (34252) in zone 4395
45380,Valorous Aegis Shoulderplates,classic,219,225,vendor: Dubin Clay,,ilvl: 219 -> 225; stat Strength: 83 -> 88; stat Stamina: 90 -> 95; stat SpellCrit: 52 -> 55; stat SpellHaste: 41 -> 43; stat MeleeCrit: 52 -> 55; stat MeleeHaste: 41 -> 43; stat Armor: 1741 -> 1788,,,sold by Dubin Clay (34252) in zone 4395
45381,Valorous Aegis Breastplate,classic,219,225,vendor: Dubin Clay,,ilvl: 219 -> 225; stat Strength: 106 -> 113; stat Stamina: 135 -> 143; stat Armor: 2322 -> 2384; stat Defense: 55 -> 58; stat Dodge: 48 -> 51; stat Parry: 48 -> 51,,,sold by Dubin Clay (34252) in zone 4395
45382,Valorous Aegis Faceguard,classic,219,225,vendor: Dubin Clay,,ilvl: 219 -> 225; stat Strength: 90 -> 96; stat Stamina: 135 -> 143; stat Armor: 1886 -> 1937; stat Defense: 56 -> 60; stat Block: 40 -> 43; stat Dodge: 55 -> 58,,,sold by Dubin Clay (34252) in zone 4395
45383,Valorous Aegis Handguards,classic,219,225,vendor: Dubin Clay,,ilvl: 219 -> 225; stat Strength: 78 -> 83; stat Stamina: 106 -> 112; stat Armor: 1451 -> 1490; stat Defense: 41 -> 43; stat Parry: 32 -> 34,,,sold by Dubin Clay (34252) in zone 4395
45384,Valorous Aegis Legguards,classic,219,225,vendor: Dubin Clay,,ilvl: 219 -> 225; stat Strength: 106 -> 113; stat Stamina: 135 -> 143; stat Armor: 2032 -> 2086; stat Defense: 56 -> 60; stat Dodge: 40 -> 43; stat Parry: 55 -> 58,,,sold by Dubin Clay (34252) in zone 4395
45385,Valorous Aegis Shoulderguards,classic,219,225,vendor: Dubin Clay,,ilvl: 219 -> 225; stat Strength: 78 -> 83; stat Stamina: 106 -> 112; stat Armor: 1741 -> 1788; stat Defense: 41 -> 43; stat Block: 34 -> 36,,,sold by Dubin Clay (34252) in zone 4395
45386,Valorous Cowl of Sanctification,classic,219,225,vendor: Paldesse,,ilvl: 219 -> 225; stat Stamina: 71 -> 75; stat Intellect: 70 -> 74; stat Spirit: 71 -> 75; stat SpellPower: 105 -> 112; stat SpellCrit: 62 -> 66; stat MeleeCrit: 62 -> 66; stat Armor: 253 -> 260,,,sold by Paldesse (28995) in zone 4395
45387,Valorous Gloves of Sanctification,classic,219,225,vendor: Paldesse,,ilvl: 219 -> 225; stat Stamina: 54 -> 57; stat Intellect: 53 -> 56; stat Spirit: 57 -> 60; stat SpellPower: 93 -> 99; stat SpellHaste: 46 -> 49; stat MeleeHaste: 46 -> 49; stat Armor: 194 -> 199,,,sold by Paldesse (28995) in zone 4395
45388,Valorous Leggings of Sanctification,classic,219,225,vendor: Paldesse,,ilvl: 219 -> 225; stat Stamina: 69 -> 73; stat Intellect: 76 -> 81; stat Spirit: 54 -> 57; stat SpellPower: 124 -> 132; stat SpellHaste: 66 -> 70; stat MeleeHaste: 66 -> 70; stat Armor: 272 -> 279,,,sold by Paldesse (28995) in zone 4395
45389,Valorous Robe of Sanctification,classic,219,225,vendor: Paldesse,,ilvl: 219 -> 225; stat Stamina: 80 -> 85; stat Intellect: 81 -> 86; stat Spirit: 76 -> 81; stat SpellPower: 105 -> 112; stat SpellCrit: 46 -> 49; stat MeleeCrit: 46 -> 49; stat Armor: 311 -> 319,,,sold by Paldesse (28995) in zone 4395
45390,Valorous Shoulderpads of Sanctification,classic,219,225,vendor: Paldesse,,ilvl: 219 -> 225; stat Stamina: 60 -> 64; stat Intellect: 60 -> 64; stat Spirit: 37 -> 39; stat SpellPower: 83 -> 88; stat SpellHaste: 56 -> 59; stat MeleeHaste: 56 -> 59; stat Armor: 233 -> 239,,,sold by Paldesse (28995) in zone 4395
45391,Valorous Circlet of Sanctification,classic,219,225,vendor: Paldesse,,ilvl: 219 -> 225; stat Stamina: 78 -> 83; stat Intellect: 70 -> 74; stat SpellPower: 105 -> 112; stat SpellCrit: 65 -> 69; stat SpellHaste: 60 -> 64; stat MeleeCrit: 65 -> 69; stat MeleeHaste: 60 -> 64; stat Armor: 253 -> 260,,,sold by Paldesse (28995) in zone 4395
45392,Valorous Handwraps of Sanctification,classic,219,225,vendor: Paldesse,,ilvl: 219 -> 225; stat Stamina: 57 -> 60; stat Intellect: 41 -> 43; stat Spirit: 49 -> 52; stat SpellPower: 92 -> 97; stat SpellCrit: 59 -> 62; stat MeleeCrit: 59 -> 62; stat Armor: 194 -> 199,,,sold by Paldesse (28995) in zone 4395
45393,Valorous Mantle of Sanctification,classic,219,225,vendor: Paldesse,,ilvl: 219 -> 225; stat Stamina: 48 -> 51; stat Intellect: 60 -> 64; stat Spirit: 46 -> 49; stat SpellPower: 83 -> 88; stat SpellCrit: 57 -> 60; stat MeleeCrit: 57 -> 60; stat Armor: 233 -> 239,,,sold by Paldesse (28995) in zone 4395
45394,Valorous Pants of Sanctification,classic,219,225,vendor: Paldesse,,ilvl: 219 -> 225; stat Stamina: 93 -> 99; stat Intellect: 76 -> 81; stat Spirit: 52 -> 55; stat SpellPower: 105 -> 112; stat SpellHaste: 70 -> 74; stat MeleeHaste: 70 -> 74; stat Armor: 272 -> 279,,,sold by Paldesse (28995) in zone 4395
45395,Valorous Raiments of Sanctification,classic,219,225,vendor: Paldesse,,ilvl: 219 -> 225; stat Stamina: 81 -> 86; stat Intellect: 71 -> 75; stat SpellPower: 124 -> 132; stat SpellHit: 68 -> 72; stat SpellHaste: 54 -> 57; stat MeleeHit: 68 -> 72; stat MeleeHaste: 54 -> 57; stat Armor: 311 -> 319,,,sold by Paldesse (28995) in zone 4395
45396,Valorous Terrorblade Breastplate,classic,219,225,vendor: Valerie Langrom,,ilvl: 219 -> 225; stat Agility: 90 -> 96; stat Stamina: 81 -> 86; stat SpellCrit: 62 -> 66; stat AttackPower: 152 -> 162; stat MeleeCrit: 62 -> 66; stat Expertise: 71 -> 75; stat Armor: 585 -> 601; stat RangedAttackPower: 152 -> 162,,,sold by Valerie Langrom (28992) in zone 4395
45397,Valorous Terrorblade Gauntlets,classic,219,225,vendor: Valerie Langrom,,ilvl: 219 -> 225; stat Agility: 79 -> 84; stat Stamina: 53 -> 56; stat SpellHit: 50 -> 53; stat SpellCrit: 40 -> 42; stat AttackPower: 120 -> 127; stat MeleeHit: 50 -> 53; stat MeleeCrit: 40 -> 42; stat Armor: 365 -> 375; stat RangedAttackPower: 120 -> 127,,,sold by Valerie Langrom (28992) in zone 4395
45398,Valorous Terrorblade Helmet,classic,219,225,vendor: Valerie Langrom,,ilvl: 219 -> 225; stat Agility: 100 -> 106; stat Stamina: 62 -> 66; stat SpellCrit: 71 -> 75; stat SpellHaste: 53 -> 56; stat AttackPower: 120 -> 128; stat MeleeCrit: 71 -> 75; stat MeleeHaste: 53 -> 56; stat Armor: 475 -> 488; stat RangedAttackPower: 120 -> 128,,,sold by Valerie Langrom (28992) in zone 4395
45399,Valorous Terrorblade Legplates,classic,219,225,vendor: Valerie Langrom,,ilvl: 219 -> 225; stat Agility: 94 -> 100; stat Stamina: 83 -> 88; stat SpellCrit: 62 -> 66; stat SpellHaste: 66 -> 70; stat AttackPower: 152 -> 162; stat MeleeCrit: 62 -> 66; stat MeleeHaste: 66 -> 70; stat Armor: 511 -> 525; stat RangedAttackPower: 152 -> 162,,,sold by Valerie Langrom (28992) in zone 4395
45400,Valorous Terrorblade Pauldrons,classic,219,225,vendor: Valerie Langrom,,ilvl: 219 -> 225; stat Agility: 79 -> 84; stat Stamina: 69 -> 73; stat SpellHit: 52 -> 55; stat SpellCrit: 36 -> 38; stat AttackPower: 114 -> 121; stat MeleeHit: 52 -> 55; stat MeleeCrit: 36 -> 38; stat Armor: 438 -> 450; stat RangedAttackPower: 114 -> 121,,,sold by Valerie Langrom (28992) in zone 4395
45401,Valorous Worldbreaker Handguards,classic,219,225,vendor: Bragund Brightlink,,ilvl: 219 -> 225; stat Stamina: 58 -> 61; stat Intellect: 60 -> 64; stat SpellPower: 83 -> 88; stat SpellCrit: 45 -> 48; stat SpellHaste: 52 -> 55; stat MeleeCrit: 45 -> 48; stat MeleeHaste: 52 -> 55; stat Armor: 812 -> 834,,,sold by Bragund Brightlink (29523) in zone 4395
45402,Valorous Worldbreaker Headpiece,classic,219,225,vendor: Bragund Brightlink,,ilvl: 219 -> 225; stat Stamina: 79 -> 84; stat Intellect: 81 -> 86; stat SpellPower: 105 -> 112; stat SpellCrit: 55 -> 58; stat SpellHaste: 54 -> 57; stat MeleeCrit: 55 -> 58; stat MeleeHaste: 54 -> 57; stat Armor: 1056 -> 1084,,,sold by Bragund Brightlink (29523) in zone 4395
45403,Valorous Worldbreaker Legguards,classic,219,225,vendor: Bragund Brightlink,,ilvl: 219 -> 225; stat Stamina: 79 -> 84; stat Intellect: 81 -> 86; stat SpellPower: 105 -> 112; stat MP5: 35 -> 37; stat SpellCrit: 55 -> 58; stat MeleeCrit: 55 -> 58; stat Armor: 1137 -> 1167,,,sold by Bragund Brightlink (29523) in zone 4395
45404,Valorous Worldbreaker Spaulders,classic,219,225,vendor: Bragund Brightlink,,ilvl: 219 -> 225; stat Stamina: 58 -> 61; stat Intellect: 60 -> 64; stat SpellPower: 83 -> 88; stat MP5: 23 -> 24; stat SpellHaste: 53 -> 56; stat MeleeHaste: 53 -> 56; stat Armor: 974 -> 1000,,,sold by Bragund Brightlink (29523) in zone 4395
45405,Valorous Worldbreaker Tunic,classic,219,225,vendor: Bragund Brightlink,,ilvl: 219 -> 225; stat Stamina: 79 -> 84; stat Intellect: 81 -> 86; stat SpellPower: 105 -> 112; stat MP5: 35 -> 37; stat SpellCrit: 55 -> 58; stat MeleeCrit: 55 -> 58; stat Armor: 1299 -> 1334,,,sold by Bragund Brightlink (29523) in zone 4395
45406,Valorous Worldbreaker Gloves,classic,219,225,vendor: Bragund Brightlink,,ilvl: 219 -> 225; stat Stamina: 58 -> 61; stat Intellect: 60 -> 64; stat SpellPower: 83 -> 88; stat SpellCrit: 45 -> 48; stat SpellHaste: 52 -> 55; stat MeleeCrit: 45 -> 48; stat MeleeHaste: 52 -> 55; stat Armor: 812 -> 834,,,sold by Bragund Brightlink (29523) in zone 4395
45408,Valorous Worldbreaker Helm,classic,219,225,vendor: Bragund Brightlink,,ilvl: 219 -> 225; stat Stamina: 79 -> 84; stat Intellect: 81 -> 86; stat SpellPower: 105 -> 112; stat SpellHit: 55 -> 58; stat SpellCrit: 55 -> 58; stat MeleeHit: 55 -> 58; stat MeleeCrit: 55 -> 58; stat Armor: 1056 -> 1084,,,sold by Bragund Brightlink (29523) in zone 4395
45409,Valorous Worldbreaker Kilt,classic,219,225,vendor: Bragund Brightlink,,ilvl: 219 -> 225; stat Stamina: 79 -> 84; stat Intellect: 81 -> 86; stat SpellPower: 105 -> 112; stat SpellHit: 55 -> 58; stat SpellCrit: 71 -> 75; stat MeleeHit: 55 -> 58; stat MeleeCrit: 71 -> 75; stat Armor: 1137 -> 1167,,,sold by Bragund Brightlink (29523) in zone 4395
45410,Valorous Worldbreaker Shoulderpads,classic,219,225,vendor: Bragund Brightlink,,ilvl: 219 -> 225; stat Stamina: 58 -> 61; stat Intellect: 60 -> 64; stat SpellPower: 83 -> 88; stat SpellCrit: 53 -> 56; stat SpellHaste: 45 -> 48; stat MeleeCrit: 53 -> 56; stat MeleeHaste: 45 -> 48; stat Armor: 974 -> 1000,,,sold by Bragund Brightlink (29523) in zone 4395
45411,Valorous Worldbreaker Hauberk,classic,219,225,vendor: Bragund Brightlink,,ilvl: 219 -> 225; stat Stamina: 79 -> 84; stat Intellect: 81 -> 86; stat SpellPower: 105 -> 112; stat SpellHit: 55 -> 58; stat SpellHaste: 70 -> 74; stat MeleeHit: 55 -> 58; stat MeleeHaste: 70 -> 74; stat Armor: 1299 -> 1334,,,sold by Bragund Brightlink (29523) in zone 4395
45412,Valorous Worldbreaker Faceguard,classic,219,225,vendor: Bragund Brightlink,,ilvl: 219 -> 225; stat Agility: 50 -> 53; stat Stamina: 69 -> 73; stat Intellect: 56 -> 60; stat SpellCrit: 68 -> 72; stat SpellHaste: 49 -> 52; stat AttackPower: 188 -> 200; stat MeleeCrit: 68 -> 72; stat MeleeHaste: 49 -> 52; stat Armor: 1056 -> 1084; stat RangedAttackPower: 188 -> 200,,,sold by Bragund Brightlink (29523) in zone 4395
45413,Valorous Worldbreaker Chestguard,classic,219,225,vendor: Bragund Brightlink,,ilvl: 219 -> 225; stat Agility: 62 -> 66; stat Stamina: 51 -> 54; stat Intellect: 56 -> 60; stat SpellHit: 60 -> 64; stat SpellCrit: 64 -> 68; stat AttackPower: 196 -> 208; stat MeleeHit: 60 -> 64; stat MeleeCrit: 64 -> 68; stat Armor: 1299 -> 1334; stat RangedAttackPower: 196 -> 208,,,sold by Bragund Brightlink (29523) in zone 4395
45414,Valorous Worldbreaker Grips,classic,219,225,vendor: Bragund Brightlink,,ilvl: 219 -> 225; stat Agility: 53 -> 56; stat Stamina: 47 -> 50; stat Intellect: 41 -> 43; stat SpellHaste: 48 -> 51; stat AttackPower: 158 -> 167; stat MeleeHaste: 48 -> 51; stat Expertise: 36 -> 38; stat Armor: 812 -> 834; stat RangedAttackPower: 158 -> 167,,,sold by Bragund Brightlink (29523) in zone 4395
45415,Valorous Worldbreaker Shoulderguards,classic,219,225,vendor: Bragund Brightlink,,ilvl: 219 -> 225; stat Agility: 57 -> 60; stat Stamina: 63 -> 67; stat Intellect: 48 -> 51; stat SpellCrit: 46 -> 49; stat AttackPower: 126 -> 134; stat MeleeCrit: 46 -> 49; stat Expertise: 31 -> 33; stat Armor: 974 -> 1000; stat RangedAttackPower: 126 -> 134,,,sold by Bragund Brightlink (29523) in zone 4395
45416,Valorous Worldbreaker War-Kilt,classic,219,225,vendor: Bragund Brightlink,,ilvl: 219 -> 225; stat Agility: 62 -> 66; stat Stamina: 71 -> 75; stat Intellect: 48 -> 51; stat SpellHit: 56 -> 60; stat SpellHaste: 76 -> 81; stat AttackPower: 180 -> 191; stat MeleeHit: 56 -> 60; stat MeleeHaste: 76 -> 81; stat Armor: 1137 -> 1167; stat RangedAttackPower: 180 -> 191,,,sold by Bragund Brightlink (29523) in zone 4395
45417,Valorous Deathbringer Hood,classic,219,225,vendor: Paldesse,,ilvl: 219 -> 225; stat Stamina: 81 -> 86; stat Intellect: 71 -> 75; stat Spirit: 37 -> 39; stat SpellPower: 105 -> 112; stat SpellCrit: 81 -> 86; stat MeleeCrit: 81 -> 86; stat Armor: 253 -> 260,,,sold by Paldesse (28995) in zone 4395
45418,Lady Maye's Sapphire Ring,classic,219,225,Utgarde Keep,TitanRuneBeta,ilvl: 219 -> 225; stat Stamina: 51 -> 54; stat Intellect: 43 -> 45; stat Spirit: 44 -> 47; stat SpellPower: 71 -> 75; stat SpellHaste: 32 -> 34; stat MeleeHaste: 32 -> 34,,,drop Utgarde Keep TitanRuneBeta (Ingvar the Plunderer)
45419,Valorous Deathbringer Gloves,classic,219,225,vendor: Paldesse,,ilvl: 219 -> 225; stat Stamina: 69 -> 73; stat Intellect: 57 -> 60; stat Spirit: 25 -> 26; stat SpellPower: 92 -> 97; stat SpellHit: 59 -> 62; stat MeleeHit: 59 -> 62; stat Armor: 194 -> 199,,,sold by Paldesse (28995) in zone 4395
45420,Valorous Deathbringer Leggings,classic,219,225,vendor: Paldesse,,ilvl: 219 -> 225; stat Stamina: 80 -> 85; stat Intellect: 81 -> 86; stat Spirit: 44 -> 47; stat SpellPower: 124 -> 132; stat SpellHaste: 62 -> 66; stat MeleeHaste: 62 -> 66; stat Armor: 272 -> 279,,,sold by Paldesse (28995) in zone 4395
45421,Valorous Deathbringer Robe,classic,219,225,vendor: Paldesse,,ilvl: 219 -> 225; stat Stamina: 77 -> 82; stat Intellect: 71 -> 75; stat SpellPower: 115 -> 122; stat SpellHit: 68 -> 72; stat SpellCrit: 62 -> 66; stat MeleeHit: 68 -> 72; stat MeleeCrit: 62 -> 66; stat Armor: 311 -> 319,,,sold by Paldesse (28995) in zone 4395
45422,Valorous Deathbringer Shoulderpads,classic,219,225,vendor: Paldesse,,ilvl: 219 -> 225; stat Stamina: 63 -> 67; stat Intellect: 57 -> 60; stat SpellPower: 92 -> 97; stat SpellCrit: 53 -> 56; stat SpellHaste: 38 -> 40; stat MeleeCrit: 53 -> 56; stat MeleeHaste: 38 -> 40; stat Armor: 233 -> 239,,,sold by Paldesse (28995) in zone 4395
45423,Runetouch Wristwraps,classic,219,225,Utgarde Pinnacle,TitanRuneBeta,ilvl: 219 -> 225; stat Stamina: 52 -> 55; stat Intellect: 42 -> 44; stat Spirit: 29 -> 31; stat SpellPower: 69 -> 73; stat SpellCrit: 46 -> 49; stat MeleeCrit: 46 -> 49; stat Armor: 136 -> 140,,,drop Utgarde Pinnacle TitanRuneBeta (Svala Sorrowgrave)
45424,Valorous Siegebreaker Breastplate,classic,219,225,vendor: Dubin Clay,,ilvl: 219 -> 225; stat Strength: 106 -> 113; stat Stamina: 135 -> 143; stat Armor: 2322 -> 2384; stat Defense: 47 -> 50; stat Parry: 56 -> 60,,,sold by Dubin Clay (34252) in zone 4395
45425,Valorous Siegebreaker Greathelm,classic,219,225,vendor: Dubin Clay,,ilvl: 219 -> 225; stat Strength: 90 -> 96; stat Stamina: 135 -> 143; stat Armor: 1886 -> 1937; stat Defense: 56 -> 60; stat Block: 47 -> 50; stat Dodge: 48 -> 51,,,sold by Dubin Clay (34252) in zone 4395
45426,Valorous Siegebreaker Handguards,classic,219,225,vendor: Dubin Clay,,ilvl: 219 -> 225; stat Strength: 56 -> 59; stat Stamina: 106 -> 112; stat SpellHit: 45 -> 48; stat MeleeHit: 45 -> 48; stat Armor: 1451 -> 1490; stat Defense: 44 -> 47; stat Dodge: 53 -> 56,,,sold by Dubin Clay (34252) in zone 4395
45427,Valorous Siegebreaker Legguards,classic,219,225,vendor: Dubin Clay,,ilvl: 219 -> 225; stat Strength: 106 -> 113; stat Stamina: 135 -> 143; stat Armor: 2032 -> 2086; stat Defense: 47 -> 50; stat Dodge: 48 -> 51,,,sold by Dubin Clay (34252) in zone 4395
45428,Valorous Siegebreaker Pauldrons,classic,219,225,vendor: Dubin Clay,,ilvl: 219 -> 225; stat Strength: 56 -> 59; stat Stamina: 106 -> 112; stat Expertise: 45 -> 48; stat Armor: 1741 -> 1788; stat Defense: 44 -> 47; stat Dodge: 53 -> 56,,,sold by Dubin Clay (34252) in zone 4395
45429,Valorous Siegebreaker Battleplate,classic,219,225,vendor: Dubin Clay,,ilvl: 219 -> 225; stat Strength: 105 -> 112; stat Stamina: 120 -> 128; stat SpellCrit: 54 -> 57; stat MeleeCrit: 54 -> 57; stat ArmorPenetration: 68 -> 72; stat Armor: 2322 -> 2384,,,sold by Dubin Clay (34252) in zone 4395
45430,Valorous Siegebreaker Gauntlets,classic,219,225,vendor: Dubin Clay,,ilvl: 219 -> 225; stat Strength: 83 -> 88; stat Stamina: 90 -> 95; stat SpellHit: 35 -> 37; stat MeleeHit: 35 -> 37; stat Expertise: 56 -> 59; stat Armor: 1451 -> 1490,,,sold by Dubin Clay (34252) in zone 4395
45431,Valorous Siegebreaker Helmet,classic,219,225,vendor: Dubin Clay,,ilvl: 219 -> 225; stat Strength: 97 -> 103; stat Stamina: 120 -> 128; stat SpellCrit: 55 -> 58; stat MeleeCrit: 55 -> 58; stat ArmorPenetration: 62 -> 66; stat Armor: 1886 -> 1937,,,sold by Dubin Clay (34252) in zone 4395
45432,Valorous Siegebreaker Legplates,classic,219,225,vendor: Dubin Clay,,ilvl: 219 -> 225; stat Strength: 105 -> 112; stat Stamina: 120 -> 128; stat SpellHit: 68 -> 72; stat MeleeHit: 68 -> 72; stat Expertise: 56 -> 60; stat Armor: 2032 -> 2086,,,sold by Dubin Clay (34252) in zone 4395
45433,Valorous Siegebreaker Shoulderplates,classic,219,225,vendor: Dubin Clay,,ilvl: 219 -> 225; stat Strength: 83 -> 88; stat Stamina: 90 -> 95; stat SpellHit: 43 -> 46; stat SpellCrit: 50 -> 53; stat MeleeHit: 43 -> 46; stat MeleeCrit: 50 -> 53; stat Armor: 1741 -> 1788,,,sold by Dubin Clay (34252) in zone 4395
45434,Greaves of the Rockmender,classic,226,232,Ulduar,Raid10,ilvl: 226 -> 232; stat Stamina: 73 -> 77; stat Intellect: 62 -> 66; stat SpellPower: 90 -> 95; stat MP5: 28 -> 30; stat SpellCrit: 48 -> 51; stat MeleeCrit: 48 -> 51; stat Armor: 1614 -> 1656,,,drop Ulduar Raid10 (Auriaya) | drop Ulduar Raid25 (Auriaya)
45435,Cowl of the Absolute,classic,226,232,Ulduar,Raid10,ilvl: 226 -> 232; stat Stamina: 72 -> 76; stat Intellect: 91 -> 96; stat Spirit: 57 -> 60; stat SpellPower: 133 -> 141; stat SpellHit: 86 -> 91; stat MeleeHit: 86 -> 91; stat Armor: 256 -> 263,,,drop Ulduar Raid10 (Auriaya) | drop Ulduar Raid25 (Auriaya)
45436,Libram of the Resolute,classic,226,232,Ulduar,Raid10,ilvl: 226 -> 232,,,sold by  (0) in zone 4395 | drop Ulduar Raid10 (Auriaya) | drop Ulduar Raid25 (Auriaya)
45437,Runescribed Blade,classic,232,238,Ulduar,Raid10,ilvl: 232 -> 238; stat Stamina: 43 -> 45; stat Intellect: 51 -> 54; stat Spirit: 37 -> 39; stat SpellPower: 550 -> 582; stat SpellCrit: 52 -> 55; stat MeleeCrit: 52 -> 55; weapon damage min: 89 -> 93; weapon damage max: 283 -> 296,,,drop Ulduar Raid10 (Auriaya) | drop Ulduar Raid25 (Auriaya)
45438,Ring of the Faithful Servant,classic,226,232,Ulduar,Raid10,ilvl: 226 -> 232; stat Stamina: 63 -> 67; stat Intellect: 42 -> 44; stat SpellPower: 74 -> 78; stat MP5: 23 -> 24; stat SpellCrit: 36 -> 38; stat MeleeCrit: 36 -> 38,,,drop Ulduar Raid10 (Auriaya) | drop Ulduar Raid25 (Auriaya)
45439,Unwavering Stare,classic,226,232,Ulduar,Raid10,ilvl: 226 -> 232; stat Stamina: 99 -> 105; stat Intellect: 81 -> 86; stat Spirit: 60 -> 64; stat SpellPower: 115 -> 122; stat SpellHaste: 59 -> 63; stat MeleeHaste: 59 -> 63; stat Armor: 480 -> 492,,,drop Ulduar Raid10 (Auriaya) | drop Ulduar Raid25 (Auriaya)
45440,Amice of the Stoic Watch,classic,226,232,Ulduar,Raid10,ilvl: 226 -> 232; stat Stamina: 73 -> 77; stat Intellect: 60 -> 64; stat SpellPower: 90 -> 95; stat MP5: 24 -> 25; stat SpellCrit: 57 -> 60; stat MeleeCrit: 57 -> 60; stat Armor: 985 -> 1011,,,drop Ulduar Raid10 (Auriaya) | drop Ulduar Raid25 (Auriaya)
45441,Sandals of the Ancient Keeper,classic,226,232,Ulduar,Raid10,ilvl: 226 -> 232; stat Stamina: 63 -> 67; stat Intellect: 64 -> 68; stat Spirit: 62 -> 66; stat SpellPower: 99 -> 105; stat SpellCrit: 49 -> 52; stat MeleeCrit: 49 -> 52; stat Armor: 216 -> 222,,,drop Ulduar Raid10 (Auriaya) | drop Ulduar Raid25 (Auriaya)
45442,"Sorthalis, Hammer of the Watchers",classic,239,252,Ulduar,Raid25,ilvl: 239 -> 252; stat Strength: 40 -> 45; stat Stamina: 70 -> 79; stat Expertise: 32 -> 36; stat Defense: 29 -> 33; stat Parry: 36 -> 41; weapon damage min: 210 -> 231; weapon damage max: 392 -> 431,,,drop Ulduar Raid25 (XT-002 Deconstructor) [Hard Mode]
45443,Charm of Meticulous Timing,classic,239,252,Ulduar,Raid25,ilvl: 239 -> 252; stat Stamina: 61 -> 69; stat Intellect: 51 -> 58; stat SpellPower: 75 -> 85; stat MP5: 24 -> 27; stat SpellHaste: 40 -> 45; stat MeleeHaste: 40 -> 45,,,sold by  (0) in zone 4395 | drop Ulduar Raid25 (XT-002 Deconstructor) [Hard Mode]
45444,Gloves of the Steady Hand,classic,239,252,Ulduar,Raid25,ilvl: 239 -> 252; stat Agility: 79 -> 90; stat Stamina: 75 -> 85; stat Intellect: 49 -> 56; stat SpellHit: 50 -> 57; stat SpellCrit: 55 -> 63; stat AttackPower: 106 -> 121; stat MeleeHit: 50 -> 57; stat MeleeCrit: 55 -> 63; stat Armor: 846 -> 891; stat RangedAttackPower: 106 -> 121,,,drop Ulduar Raid25 (XT-002 Deconstructor) [Hard Mode]
45445,Breastplate of the Devoted,classic,239,252,Ulduar,Raid25,ilvl: 239 -> 252; stat Stamina: 111 -> 127; stat Intellect: 92 -> 105; stat SpellPower: 131 -> 150; stat SpellCrit: 76 -> 87; stat SpellHaste: 58 -> 66; stat MeleeCrit: 76 -> 87; stat MeleeHaste: 58 -> 66; stat Armor: 2420 -> 2549,,,drop Ulduar Raid25 (XT-002 Deconstructor) [Hard Mode]
45446,Grasps of Reason,classic,239,252,Ulduar,Raid25,ilvl: 239 -> 252; stat Stamina: 63 -> 71; stat Intellect: 52 -> 59; stat Spirit: 48 -> 54; stat SpellPower: 75 -> 85; stat SpellHaste: 39 -> 44; stat MeleeHaste: 39 -> 44; stat Armor: 142 -> 150,,,drop Ulduar Raid25 (XT-002 Deconstructor) [Hard Mode]
45447,Watchful Eye of Fate,classic,226,239,Ulduar,Raid10,ilvl: 226 -> 239; stat Stamina: 51 -> 58; stat Intellect: 36 -> 41; stat Spirit: 37 -> 42; stat SpellPower: 74 -> 84; stat SpellHaste: 40 -> 45; stat MeleeHaste: 40 -> 45,,,sold by Animated Constellation (207128) in zone 4395 | drop Ulduar Raid10 (The Iron Council) [Hard Mode]
45448,Perilous Bite,classic,232,245,Ulduar,Raid10,ilvl: 232 -> 245; stat Agility: 51 -> 58; stat Stamina: 53 -> 60; stat SpellHit: 34 -> 39; stat AttackPower: 62 -> 70; stat MeleeHit: 34 -> 39; stat ArmorPenetration: 24 -> 27; stat RangedAttackPower: 62 -> 70; weapon damage min: 257 -> 282; weapon damage max: 387 -> 425,,,sold by Animated Constellation (207128) in zone 4395 | drop Ulduar Raid10 (The Iron Council) [Hard Mode]
45449,The Masticator,classic,232,245,Ulduar,Raid10,ilvl: 232 -> 245; stat Agility: 42 -> 48; stat Stamina: 45 -> 51; stat SpellHit: 34 -> 39; stat SpellCrit: 30 -> 34; stat AttackPower: 80 -> 91; stat MeleeHit: 34 -> 39; stat MeleeCrit: 30 -> 34; stat RangedAttackPower: 80 -> 91; weapon damage min: 386 -> 424; weapon damage max: 580 -> 637,,,sold by Animated Constellation (207128) in zone 4395 | drop Ulduar Raid10 (The Iron Council) [Hard Mode]
45450,Northern Barrier,classic,226,232,Ulduar,Raid10,ilvl: 226 -> 232; stat Strength: 42 -> 44; stat Stamina: 94 -> 99; stat SpellHit: 28 -> 30; stat MeleeHit: 28 -> 30; stat Expertise: 28 -> 30; stat Armor: 7890 -> 8095; stat Defense: 63 -> 67; stat BlockValue: 221 -> 223,,,drop Ulduar Raid10 (Hodir) | drop Ulduar Raid25 (Hodir)
45451,Frozen Loop,classic,226,232,Ulduar,Raid10,ilvl: 226 -> 232; stat Stamina: 49 -> 52; stat Intellect: 46 -> 49; stat SpellPower: 74 -> 78; stat SpellHit: 46 -> 49; stat SpellHaste: 36 -> 38; stat MeleeHit: 46 -> 49; stat MeleeHaste: 36 -> 38,,,drop Ulduar Raid10 (Hodir) | drop Ulduar Raid25 (Hodir)
45452,Frostplate Greaves,classic,226,232,Ulduar,Raid10,ilvl: 226 -> 232; stat Stamina: 99 -> 105; stat Intellect: 81 -> 86; stat SpellPower: 124 -> 131; stat MP5: 34 -> 36; stat SpellCrit: 75 -> 80; stat MeleeCrit: 75 -> 80; stat Armor: 2054 -> 2107,,,drop Ulduar Raid10 (Hodir) | drop Ulduar Raid25 (Hodir)
45453,Winter's Icy Embrace,classic,226,232,Ulduar,Raid10,ilvl: 226 -> 232; stat Agility: 97 -> 103; stat Stamina: 66 -> 70; stat AttackPower: 136 -> 145; stat ArmorPenetration: 81 -> 86; stat Expertise: 57 -> 61; stat Armor: 591 -> 606; stat RangedAttackPower: 136 -> 145,,,drop Ulduar Raid10 (Hodir) | drop Ulduar Raid25 (Hodir)
45454,Frost-bound Chain Bracers,classic,226,232,Ulduar,Raid10,ilvl: 226 -> 232; stat Agility: 46 -> 49; stat Stamina: 49 -> 52; stat Intellect: 33 -> 35; stat SpellHit: 33 -> 35; stat SpellCrit: 36 -> 38; stat AttackPower: 126 -> 133; stat MeleeHit: 33 -> 35; stat MeleeCrit: 36 -> 38; stat Armor: 575 -> 590; stat RangedAttackPower: 126 -> 133,,,drop Ulduar Raid10 (Hodir) | drop Ulduar Raid25 (Hodir)
45455,Belt of the Crystal Tree,classic,226,239,Ulduar,Raid10,ilvl: 226 -> 239; stat Stamina: 90 -> 102; stat Intellect: 47 -> 53; stat Spirit: 51 -> 58; stat SpellPower: 98 -> 111; stat SpellHaste: 40 -> 45; stat MeleeHaste: 40 -> 45; stat Armor: 333 -> 352,,,sold by Animated Constellation (207128) in zone 4395 | drop Ulduar Raid10 (The Iron Council) [Hard Mode]
45456,Loop of the Agile,classic,226,239,Ulduar,Raid10,ilvl: 226 -> 239; stat Agility: 63 -> 71; stat Stamina: 52 -> 59; stat SpellCrit: 45 -> 51; stat SpellHaste: 32 -> 36; stat AttackPower: 76 -> 86; stat MeleeCrit: 45 -> 51; stat MeleeHaste: 32 -> 36; stat RangedAttackPower: 76 -> 86,,,sold by Animated Constellation (207128) in zone 4395 | drop Ulduar Raid10 (The Iron Council) [Hard Mode]
45457,Staff of Endless Winter,classic,239,252,Ulduar,Raid25,ilvl: 239 -> 252; stat Stamina: 111 -> 126; stat Intellect: 128 -> 146; stat Spirit: 84 -> 96; stat SpellPower: 587 -> 668; stat SpellCrit: 104 -> 118; stat MeleeCrit: 104 -> 118; weapon damage min: 244 -> 285; weapon damage max: 450 -> 512,,,drop Ulduar Raid25 (Hodir) [Hard Mode]
45458,Stormedge,classic,219,225,Azjol-Nerub,TitanRuneBeta,ilvl: 219 -> 225; stat Strength: 106 -> 112; stat Stamina: 125 -> 132; stat SpellHit: 96 -> 102; stat MeleeHit: 96 -> 102; stat ArmorPenetration: 74 -> 78; weapon damage min: 594 -> 619; weapon damage max: 892 -> 930,,,drop Azjol-Nerub TitanRuneBeta (Hadronox)
45459,Frigid Strength of Hodir,classic,239,252,Ulduar,Raid25,ilvl: 239 -> 252; stat Strength: 74 -> 84; stat Stamina: 81 -> 92; stat SpellHit: 40 -> 45; stat MeleeHit: 40 -> 45; stat ArmorPenetration: 48 -> 54,,,sold by  (0) in zone 4395 | drop Ulduar Raid25 (Hodir) [Hard Mode]
45460,Bindings of Winter Gale,classic,239,252,Ulduar,Raid25,ilvl: 239 -> 252; stat Stamina: 61 -> 69; stat Intellect: 51 -> 58; stat SpellPower: 75 -> 85; stat SpellCrit: 48 -> 54; stat SpellHaste: 39 -> 44; stat MeleeCrit: 48 -> 54; stat MeleeHaste: 39 -> 44; stat Armor: 592 -> 624,,,drop Ulduar Raid25 (Hodir) [Hard Mode]
45461,Drape of Icy Intent,classic,239,252,Ulduar,Raid25,ilvl: 239 -> 252; stat Agility: 64 -> 73; stat Stamina: 70 -> 79; stat SpellHit: 40 -> 45; stat SpellHaste: 41 -> 46; stat AttackPower: 102 -> 116; stat MeleeHit: 40 -> 45; stat MeleeHaste: 41 -> 46; stat Armor: 162 -> 171; stat RangedAttackPower: 102 -> 116,,,sold by  (0) in zone 4395 | drop Ulduar Raid25 (Hodir) [Hard Mode]
45462,Gloves of the Frozen Glade,classic,239,252,Ulduar,Raid25,ilvl: 239 -> 252; stat Stamina: 84 -> 96; stat Intellect: 69 -> 79; stat Spirit: 56 -> 64; stat SpellPower: 92 -> 105; stat SpellCrit: 55 -> 63; stat MeleeCrit: 55 -> 63; stat Armor: 381 -> 401,,,drop Ulduar Raid25 (Hodir) [Hard Mode]
45463,"Vulmir, the Northern Tempest",classic,232,238,Ulduar,Raid10,ilvl: 232 -> 238; stat Agility: 52 -> 55; stat Stamina: 51 -> 54; stat SpellHit: 37 -> 39; stat AttackPower: 74 -> 78; stat MeleeHit: 37 -> 39; stat Expertise: 29 -> 31; stat RangedAttackPower: 74 -> 78; weapon damage min: 325 -> 339; weapon damage max: 605 -> 632,,,drop Ulduar Raid10 (Thorim) | drop Ulduar Raid25 (Thorim)
45464,Cowl of Icy Breaths,unobtainable,219,225,Azjol-Nerub,TitanRuneBeta,ilvl: 219 -> 225; stat Stamina: 78 -> 83; stat Intellect: 74 -> 79; stat Spirit: 48 -> 51; stat SpellPower: 115 -> 122; stat SpellHit: 60 -> 64; stat MeleeHit: 60 -> 64; stat Armor: 253 -> 260,,,drop Azjol-Nerub TitanRuneBeta (Krik'thir the Gatewatcher)
45466,Scale of Fates,classic,226,232,Ulduar,Raid10,ilvl: 226 -> 232; stat SpellPower: 125 -> 132,,,drop Ulduar Raid10 (Thorim) | drop Ulduar Raid25 (Thorim)
45467,Belt of the Betrayed,classic,226,232,Ulduar,Raid10,ilvl: 226 -> 232; stat Agility: 57 -> 60; stat Stamina: 67 -> 71; stat Intellect: 43 -> 45; stat SpellCrit: 44 -> 47; stat AttackPower: 170 -> 180; stat MeleeCrit: 44 -> 47; stat ArmorPenetration: 56 -> 59; stat Armor: 739 -> 758; stat RangedAttackPower: 170 -> 180,,,drop Ulduar Raid10 (Thorim) | drop Ulduar Raid25 (Thorim)
45468,Leggings of Lost Love,classic,226,232,Ulduar,Raid10,ilvl: 226 -> 232; stat Stamina: 99 -> 105; stat Intellect: 81 -> 86; stat Spirit: 86 -> 91; stat SpellPower: 115 -> 122; stat SpellHaste: 41 -> 44; stat MeleeHaste: 41 -> 44; stat Armor: 275 -> 282,,,drop Ulduar Raid10 (Thorim) | drop Ulduar Raid25 (Thorim)
45469,Sif's Promise,classic,226,232,Ulduar,Raid10,ilvl: 226 -> 232; stat Strength: 72 -> 76; stat Stamina: 72 -> 76; stat SpellCrit: 42 -> 44; stat MeleeCrit: 42 -> 44; stat Expertise: 42 -> 44,,,drop Ulduar Raid10 (Thorim) | drop Ulduar Raid25 (Thorim)
45470,Wisdom's Hold,classic,239,252,Ulduar,Raid25,ilvl: 239 -> 252; stat Stamina: 70 -> 79; stat Intellect: 48 -> 54; stat SpellPower: 75 -> 85; stat SpellCrit: 40 -> 45; stat SpellHaste: 47 -> 53; stat MeleeCrit: 40 -> 45; stat MeleeHaste: 47 -> 53; stat Armor: 8130 -> 8563; stat BlockValue: 227 -> 238,,,drop Ulduar Raid25 (Thorim) [Hard Mode]
45471,Fate's Clutch,classic,239,252,Ulduar,Raid25,ilvl: 239 -> 252; stat Strength: 51 -> 58; stat Stamina: 96 -> 109; stat Expertise: 41 -> 46; stat Defense: 48 -> 54; stat Dodge: 39 -> 44,,,sold by  (0) in zone 4395 | drop Ulduar Raid25 (Thorim) [Hard Mode]
45472,Warhelm of the Champion,classic,239,252,Ulduar,Raid25,ilvl: 239 -> 252; stat Strength: 122 -> 139; stat Stamina: 145 -> 165; stat SpellHit: 61 -> 69; stat SpellCrit: 86 -> 98; stat MeleeHit: 61 -> 69; stat MeleeCrit: 86 -> 98; stat Armor: 1966 -> 2071,,,drop Ulduar Raid25 (Thorim) [Hard Mode]
45473,Embrace of the Gladiator,classic,239,252,Ulduar,Raid25,ilvl: 239 -> 252; stat Agility: 112 -> 128; stat Stamina: 127 -> 145; stat SpellCrit: 70 -> 80; stat SpellHaste: 85 -> 97; stat AttackPower: 140 -> 160; stat MeleeCrit: 70 -> 80; stat MeleeHaste: 85 -> 97; stat Armor: 609 -> 641; stat RangedAttackPower: 140 -> 160,,,drop Ulduar Raid25 (Thorim) [Hard Mode]
45474,Pauldrons of the Combatant,classic,239,252,Ulduar,Raid25,ilvl: 239 -> 252; stat Stamina: 82 -> 93; stat Intellect: 69 -> 79; stat SpellPower: 92 -> 105; stat MP5: 31 -> 35; stat SpellHaste: 48 -> 55; stat MeleeHaste: 48 -> 55; stat Armor: 1015 -> 1069,,,drop Ulduar Raid25 (Thorim) [Hard Mode]
45479,The Lifebinder,classic,232,238,Ulduar,Raid10,ilvl: 232 -> 238; stat Stamina: 120 -> 127; stat Intellect: 121 -> 128; stat Spirit: 80 -> 85; stat SpellPower: 550 -> 582; stat SpellHaste: 120 -> 127; stat MeleeHaste: 120 -> 127; weapon damage min: 231 -> 248; weapon damage max: 427 -> 453,,,drop Ulduar Raid10 (Freya) | drop Ulduar Raid25 (Freya)
45480,Nymph Heart Charm,classic,226,232,Ulduar,Raid10,ilvl: 226 -> 232; stat Agility: 63 -> 67; stat Stamina: 63 -> 67; stat SpellHit: 36 -> 38; stat SpellHaste: 42 -> 44; stat AttackPower: 92 -> 97; stat MeleeHit: 36 -> 38; stat MeleeHaste: 42 -> 44; stat RangedAttackPower: 92 -> 97,,,drop Ulduar Raid10 (Freya) | drop Ulduar Raid25 (Freya)
45481,Gauntlets of Ruthless Reprisal,classic,226,232,Ulduar,Raid10,ilvl: 226 -> 232; stat Strength: 98 -> 104; stat Stamina: 96 -> 102; stat SpellCrit: 60 -> 63; stat SpellHaste: 49 -> 52; stat MeleeCrit: 60 -> 63; stat MeleeHaste: 49 -> 52; stat Armor: 1467 -> 1505,,,drop Ulduar Raid10 (Freya) | drop Ulduar Raid25 (Freya)
45482,Leggings of the Lifetender,classic,226,232,Ulduar,Raid10,ilvl: 226 -> 232; stat Stamina: 99 -> 105; stat Intellect: 81 -> 86; stat Spirit: 76 -> 81; stat SpellPower: 115 -> 122; stat SpellHaste: 59 -> 63; stat MeleeHaste: 59 -> 63; stat Armor: 517 -> 530,,,drop Ulduar Raid10 (Freya) | drop Ulduar Raid25 (Freya)
45483,Boots of the Servant,classic,226,232,Ulduar,Raid10,ilvl: 226 -> 232; stat Stamina: 73 -> 77; stat Intellect: 56 -> 59; stat Spirit: 48 -> 51; stat SpellPower: 90 -> 95; stat SpellHaste: 62 -> 66; stat MeleeHaste: 62 -> 66; stat Armor: 216 -> 222,,,drop Ulduar Raid10 (Freya) | drop Ulduar Raid25 (Freya)
45484,Bladetwister,classic,239,252,Ulduar,Raid25,ilvl: 239 -> 252; stat Agility: 55 -> 62; stat Stamina: 48 -> 54; stat SpellCrit: 28 -> 32; stat SpellHaste: 37 -> 42; stat AttackPower: 64 -> 73; stat MeleeCrit: 28 -> 32; stat MeleeHaste: 37 -> 42; stat RangedAttackPower: 64 -> 73; weapon damage min: 184 -> 202; weapon damage max: 343 -> 377,,,drop Ulduar Raid25 (Freya) [Hard Mode]
45485,Bronze Pendant of the Vanir,classic,239,252,Ulduar,Raid25,ilvl: 239 -> 252; stat Strength: 71 -> 80; stat Stamina: 96 -> 109; stat Defense: 37 -> 42; stat Dodge: 30 -> 34; stat Parry: 37 -> 42,,,sold by  (0) in zone 4395 | drop Ulduar Raid25 (Freya) [Hard Mode]
45486,Drape of the Sullen Goddess,classic,239,252,Ulduar,Raid25,ilvl: 239 -> 252; stat Stamina: 61 -> 69; stat Intellect: 51 -> 58; stat SpellPower: 75 -> 85; stat MP5: 24 -> 27; stat SpellCrit: 40 -> 45; stat MeleeCrit: 40 -> 45; stat Armor: 162 -> 171,,,sold by  (0) in zone 4395 | drop Ulduar Raid25 (Freya) [Hard Mode]
45487,Handguards of Revitalization,classic,239,252,Ulduar,Raid25,ilvl: 239 -> 252; stat Strength: 84 -> 96; stat Stamina: 127 -> 145; stat Armor: 1512 -> 1593; stat Defense: 44 -> 50; stat Dodge: 44 -> 50; stat Parry: 46 -> 52,,,drop Ulduar Raid25 (Freya) [Hard Mode]
45488,Leggings of the Enslaved Idol,classic,239,252,Ulduar,Raid25,ilvl: 239 -> 252; stat Stamina: 96 -> 110; stat Intellect: 98 -> 112; stat SpellPower: 122 -> 140; stat SpellHit: 70 -> 80; stat SpellCrit: 77 -> 88; stat MeleeHit: 70 -> 80; stat MeleeCrit: 77 -> 88; stat Armor: 284 -> 299,,,drop Ulduar Raid25 (Freya) [Hard Mode]
45489,Insanity's Grip,classic,232,238,Ulduar,Raid10,ilvl: 232 -> 238; stat Agility: 52 -> 55; stat Stamina: 51 -> 54; stat SpellCrit: 34 -> 36; stat AttackPower: 80 -> 85; stat MeleeCrit: 34 -> 36; stat Expertise: 25 -> 26; stat RangedAttackPower: 80 -> 85; weapon damage min: 372 -> 388; weapon damage max: 558 -> 583,,,drop Ulduar Raid10 (Mimiron) | drop Ulduar Raid25 (Mimiron)
45490,Pandora's Plea,classic,226,232,Ulduar,Raid10,ilvl: 226 -> 232; stat Intellect: 108 -> 114,,,drop Ulduar Raid10 (Mimiron) | drop Ulduar Raid25 (Mimiron)
45491,Waistguard of the Creator,classic,226,232,Ulduar,Raid10,ilvl: 226 -> 232; stat Agility: 77 -> 82; stat Stamina: 84 -> 89; stat SpellCrit: 43 -> 46; stat SpellHaste: 56 -> 59; stat AttackPower: 114 -> 121; stat MeleeCrit: 43 -> 46; stat MeleeHaste: 56 -> 59; stat Armor: 333 -> 342; stat RangedAttackPower: 114 -> 121,,,drop Ulduar Raid10 (Mimiron) | drop Ulduar Raid25 (Mimiron)
45492,Malleable Steelweave Mantle,classic,226,232,Ulduar,Raid10,ilvl: 226 -> 232; stat Stamina: 64 -> 68; stat Intellect: 65 -> 69; stat Spirit: 56 -> 59; stat SpellPower: 90 -> 95; stat SpellHaste: 48 -> 51; stat MeleeHaste: 48 -> 51; stat Armor: 443 -> 455,,,drop Ulduar Raid10 (Mimiron) | drop Ulduar Raid25 (Mimiron)
45493,Asimov's Drape,classic,226,232,Ulduar,Raid10,ilvl: 226 -> 232; stat Stamina: 46 -> 49; stat Intellect: 42 -> 44; stat Spirit: 42 -> 44; stat SpellPower: 74 -> 78; stat SpellCrit: 49 -> 52; stat MeleeCrit: 49 -> 52; stat Armor: 157 -> 161,,,drop Ulduar Raid10 (Mimiron) | drop Ulduar Raid25 (Mimiron)
45494,Delirium's Touch,classic,239,252,Ulduar,Raid25,ilvl: 239 -> 252; stat Agility: 35 -> 40; stat Stamina: 54 -> 61; stat SpellCrit: 27 -> 31; stat AttackPower: 94 -> 107; stat MeleeCrit: 27 -> 31; stat ArmorPenetration: 37 -> 42; stat RangedAttackPower: 94 -> 107; weapon damage min: 197 -> 217; weapon damage max: 367 -> 421,,,drop Ulduar Raid25 (Mimiron) [Hard Mode]
45495,Conductive Seal,classic,239,252,Ulduar,Raid25,ilvl: 239 -> 252; stat Stamina: 52 -> 59; stat Intellect: 48 -> 54; stat Spirit: 39 -> 44; stat SpellPower: 75 -> 85; stat SpellHaste: 55 -> 62; stat MeleeHaste: 55 -> 62,,,sold by  (0) in zone 4395 | drop Ulduar Raid25 (Mimiron) [Hard Mode]
45496,Titanskin Cloak,classic,239,252,Ulduar,Raid25,ilvl: 239 -> 252; stat Strength: 48 -> 54; stat Stamina: 96 -> 109; stat SpellHit: 24 -> 27; stat MeleeHit: 24 -> 27; stat Expertise: 31 -> 35; stat Armor: 162 -> 171; stat Defense: 71 -> 80,,,sold by  (0) in zone 4395 | drop Ulduar Raid25 (Mimiron) [Hard Mode]
45497,Crown of Luminescence,classic,239,252,Ulduar,Raid25,ilvl: 239 -> 252; stat Stamina: 111 -> 126; stat Intellect: 92 -> 105; stat Spirit: 70 -> 80; stat SpellPower: 131 -> 149; stat SpellCrit: 69 -> 79; stat MeleeCrit: 69 -> 79; stat Armor: 263 -> 277,,,drop Ulduar Raid25 (Mimiron) [Hard Mode]
45498,"Lotrafen, Spear of the Damned",classic,232,238,Ulduar,Raid10,ilvl: 232 -> 238; stat Agility: 120 -> 127; stat Stamina: 105 -> 111; stat SpellCrit: 87 -> 92; stat AttackPower: 160 -> 169; stat MeleeCrit: 87 -> 92; stat ArmorPenetration: 80 -> 85; stat RangedAttackPower: 160 -> 169; weapon damage min: 632 -> 660; weapon damage max: 949 -> 991,,,drop Ulduar Raid10 (General Vezax) | drop Ulduar Raid25 (General Vezax)
45501,Boots of the Underdweller,classic,226,232,Ulduar,Raid10,ilvl: 226 -> 232; stat Strength: 98 -> 104; stat Stamina: 96 -> 102; stat SpellHit: 49 -> 52; stat SpellCrit: 60 -> 63; stat MeleeHit: 49 -> 52; stat MeleeCrit: 60 -> 63; stat Armor: 1614 -> 1656,,,drop Ulduar Raid10 (General Vezax) | drop Ulduar Raid25 (General Vezax)
45502,Helm of the Faceless,classic,226,232,Ulduar,Raid10,ilvl: 226 -> 232; stat Strength: 113 -> 120; stat Stamina: 147 -> 156; stat Armor: 1908 -> 1958; stat Defense: 44 -> 47; stat Dodge: 43 -> 46; stat Parry: 59 -> 63,,,drop Ulduar Raid10 (General Vezax) | drop Ulduar Raid25 (General Vezax)
45503,Metallic Loop of the Sufferer,classic,226,232,Ulduar,Raid10,ilvl: 226 -> 232; stat Agility: 62 -> 66; stat Stamina: 63 -> 67; stat SpellCrit: 43 -> 45; stat SpellHaste: 36 -> 38; stat AttackPower: 92 -> 97; stat MeleeCrit: 43 -> 45; stat MeleeHaste: 36 -> 38; stat RangedAttackPower: 92 -> 97,,,drop Ulduar Raid10 (General Vezax) | drop Ulduar Raid25 (General Vezax)
45504,Darkcore Leggings,classic,226,232,Ulduar,Raid10,ilvl: 226 -> 232; stat Agility: 106 -> 113; stat Stamina: 88 -> 94; stat Intellect: 59 -> 63; stat SpellHit: 52 -> 55; stat SpellHaste: 75 -> 80; stat AttackPower: 120 -> 128; stat MeleeHit: 52 -> 55; stat MeleeHaste: 75 -> 80; stat Armor: 1150 -> 1180; stat RangedAttackPower: 120 -> 128,,,drop Ulduar Raid10 (General Vezax) | drop Ulduar Raid25 (General Vezax)
45505,Belt of Clinging Hope,classic,226,232,Ulduar,Raid10,ilvl: 226 -> 232; stat Stamina: 64 -> 68; stat Intellect: 65 -> 69; stat SpellPower: 99 -> 105; stat MP5: 28 -> 30; stat SpellHaste: 56 -> 59; stat MeleeHaste: 56 -> 59; stat Armor: 1321 -> 1355,,,drop Ulduar Raid10 (General Vezax) | drop Ulduar Raid25 (General Vezax)
45507,The General's Heart,classic,226,232,Ulduar,Raid10,ilvl: 226 -> 232; stat Dodge: 107 -> 113,,,drop Ulduar Raid10 (General Vezax) | drop Ulduar Raid25 (General Vezax)
45508,Belt of the Darkspeaker,classic,226,232,Ulduar,Raid10,ilvl: 226 -> 232; stat Stamina: 64 -> 68; stat Intellect: 63 -> 67; stat Spirit: 49 -> 52; stat SpellPower: 90 -> 95; stat SpellHit: 56 -> 59; stat MeleeHit: 56 -> 59; stat Armor: 177 -> 182,,,drop Ulduar Raid10 (General Vezax) | drop Ulduar Raid25 (General Vezax)
45509,Idol of the Corruptor,classic,226,232,Ulduar,Raid10,ilvl: 226 -> 232,,,sold by  (0) in zone 4395 | drop Ulduar Raid10 (General Vezax) | drop Ulduar Raid25 (General Vezax)
45510,Libram of Discord,classic,226,232,Ulduar,Raid10,ilvl: 226 -> 232,,,sold by  (0) in zone 4395 | drop Ulduar Raid10 (Razorscale) | drop Ulduar Raid25 (Razorscale)
45511,Scepter of Lost Souls,classic,232,238,Ulduar,Raid10,ilvl: 232 -> 238; stat Stamina: 37 -> 39; stat Intellect: 26 -> 27; stat SpellPower: 44 -> 47; stat SpellCrit: 18 -> 19; stat SpellHaste: 29 -> 31; stat MeleeCrit: 18 -> 19; stat MeleeHaste: 29 -> 31; weapon damage min: 414 -> 438; weapon damage max: 769 -> 815,,,drop Ulduar Raid10 (General Vezax) | drop Ulduar Raid25 (General Vezax)
45512,Grips of the Unbroken,classic,226,232,Ulduar,Raid10,ilvl: 226 -> 232; stat Stamina: 64 -> 68; stat Intellect: 65 -> 69; stat Spirit: 64 -> 68; stat SpellPower: 90 -> 95; stat SpellHaste: 34 -> 36; stat MeleeHaste: 34 -> 36; stat Armor: 369 -> 379,,,drop Ulduar Raid10 (General Vezax) | drop Ulduar Raid25 (General Vezax)
45513,Boots of the Forgotten Depths,classic,226,232,Ulduar,Raid10,ilvl: 226 -> 232; stat Stamina: 84 -> 89; stat Intellect: 56 -> 59; stat SpellPower: 99 -> 105; stat MP5: 25 -> 26; stat SpellHaste: 62 -> 66; stat MeleeHaste: 62 -> 66; stat Armor: 903 -> 926,,,drop Ulduar Raid10 (General Vezax) | drop Ulduar Raid25 (General Vezax)
45514,Mantle of the Unknowing,classic,226,232,Ulduar,Raid10,ilvl: 226 -> 232; stat Stamina: 73 -> 77; stat Intellect: 56 -> 59; stat Spirit: 62 -> 66; stat SpellPower: 90 -> 95; stat SpellCrit: 41 -> 43; stat MeleeCrit: 41 -> 43; stat Armor: 236 -> 242,,,drop Ulduar Raid10 (General Vezax) | drop Ulduar Raid25 (General Vezax)
45515,Ring of the Vacant Eye,classic,226,232,Ulduar,Raid10,ilvl: 226 -> 232; stat Stamina: 54 -> 57; stat Intellect: 46 -> 49; stat Spirit: 42 -> 44; stat SpellPower: 74 -> 78; stat SpellHit: 42 -> 44; stat MeleeHit: 42 -> 44,,,drop Ulduar Raid10 (General Vezax) | drop Ulduar Raid25 (General Vezax)
45516,"Voldrethar, Dark Blade of Oblivion",classic,239,252,Ulduar,Raid25,ilvl: 239 -> 252; stat Strength: 130 -> 148; stat Stamina: 145 -> 165; stat SpellCrit: 86 -> 98; stat MeleeCrit: 86 -> 98; stat ArmorPenetration: 69 -> 79; weapon damage min: 704 -> 775; weapon damage max: 1057 -> 1163,,,drop Ulduar Raid25 (General Vezax) [Hard Mode]
45517,Pendulum of Infinity,classic,239,252,Ulduar,Raid25,ilvl: 239 -> 252; stat Agility: 64 -> 73; stat Stamina: 70 -> 79; stat SpellCrit: 48 -> 54; stat SpellHaste: 41 -> 46; stat AttackPower: 86 -> 98; stat MeleeCrit: 48 -> 54; stat MeleeHaste: 41 -> 46; stat RangedAttackPower: 86 -> 98,,,sold by  (0) in zone 4395 | drop Ulduar Raid25 (General Vezax) [Hard Mode]
45518,Flare of the Heavens,classic,239,252,Ulduar,Raid25,ilvl: 239 -> 252; stat SpellCrit: 120 -> 135; stat MeleeCrit: 120 -> 135,,,sold by  (0) in zone 4395 | drop Ulduar Raid25 (General Vezax) [Hard Mode]
45519,Vestments of the Blind Denizen,classic,239,252,Ulduar,Raid25,ilvl: 239 -> 252; stat Stamina: 74 -> 85; stat Intellect: 92 -> 105; stat Spirit: 78 -> 89; stat SpellPower: 122 -> 140; stat SpellHaste: 69 -> 79; stat MeleeHaste: 69 -> 79; stat Armor: 609 -> 641,,,drop Ulduar Raid25 (General Vezax) [Hard Mode]
45520,Handwraps of the Vigilant,classic,239,252,Ulduar,Raid25,ilvl: 239 -> 252; stat Stamina: 72 -> 82; stat Intellect: 72 -> 82; stat Spirit: 51 -> 58; stat SpellPower: 92 -> 105; stat SpellCrit: 59 -> 67; stat MeleeCrit: 59 -> 67; stat Armor: 203 -> 214,,,drop Ulduar Raid25 (General Vezax) [Hard Mode]
45521,Earthshaper,classic,232,238,Ulduar,Raid10,ilvl: 232 -> 238; stat Strength: 137 -> 145; stat Stamina: 137 -> 145; stat SpellHit: 70 -> 74; stat SpellCrit: 87 -> 92; stat MeleeHit: 70 -> 74; stat MeleeCrit: 87 -> 92; weapon damage min: 670 -> 700; weapon damage max: 1005 -> 1049,,,drop Ulduar Raid10 (Yogg-Saron) | drop Ulduar Raid25 (Yogg-Saron)
45522,Blood of the Old God,classic,226,232,Ulduar,Raid10,ilvl: 226 -> 232; stat SpellHit: 108 -> 114; stat MeleeHit: 108 -> 114,,,drop Ulduar Raid10 (Yogg-Saron) | drop Ulduar Raid25 (Yogg-Saron)
45523,Garona's Guise,classic,226,232,Ulduar,Raid10,ilvl: 226 -> 232; stat Agility: 98 -> 104; stat Stamina: 99 -> 105; stat SpellHaste: 76 -> 81; stat AttackPower: 130 -> 138; stat MeleeHaste: 76 -> 81; stat Expertise: 59 -> 63; stat Armor: 480 -> 492; stat RangedAttackPower: 130 -> 138,,,drop Ulduar Raid10 (Yogg-Saron) | drop Ulduar Raid25 (Yogg-Saron)
45524,Chestguard of Insidious Intent,classic,226,232,Ulduar,Raid10,ilvl: 226 -> 232; stat Agility: 68 -> 72; stat Stamina: 88 -> 94; stat Intellect: 59 -> 63; stat SpellHit: 60 -> 64; stat AttackPower: 196 -> 208; stat MeleeHit: 60 -> 64; stat ArmorPenetration: 67 -> 71; stat Armor: 1314 -> 1348; stat RangedAttackPower: 196 -> 208,,,drop Ulduar Raid10 (Yogg-Saron) | drop Ulduar Raid25 (Yogg-Saron)
45525,Godbane Signet,classic,226,232,Ulduar,Raid10,ilvl: 226 -> 232; stat Agility: 46 -> 49; stat Stamina: 63 -> 67; stat SpellCrit: 42 -> 44; stat AttackPower: 126 -> 133; stat MeleeCrit: 42 -> 44; stat Expertise: 36 -> 38; stat RangedAttackPower: 126 -> 133,,,drop Ulduar Raid10 (Yogg-Saron) | drop Ulduar Raid25 (Yogg-Saron)
45527,Soulscribe,classic,232,238,Ulduar,Raid10,ilvl: 232 -> 238; stat Stamina: 54 -> 57; stat Intellect: 49 -> 52; stat SpellPower: 550 -> 582; stat SpellCrit: 28 -> 30; stat SpellHaste: 48 -> 51; stat MeleeCrit: 28 -> 30; stat MeleeHaste: 48 -> 51; weapon damage min: 89 -> 93; weapon damage max: 283 -> 296,,,drop Ulduar Raid10 (Yogg-Saron) | drop Ulduar Raid25 (Yogg-Saron)
45529,Shawl of Haunted Memories,classic,226,232,Ulduar,Raid10,ilvl: 226 -> 232; stat Stamina: 46 -> 49; stat Intellect: 46 -> 49; stat Spirit: 49 -> 52; stat SpellPower: 74 -> 78; stat SpellCrit: 36 -> 38; stat MeleeCrit: 36 -> 38; stat Armor: 157 -> 161,,,drop Ulduar Raid10 (Yogg-Saron) | drop Ulduar Raid25 (Yogg-Saron)
45530,Sanity's Bond,classic,226,232,Ulduar,Raid10,ilvl: 226 -> 232; stat Stamina: 63 -> 67; stat Intellect: 42 -> 44; stat SpellPower: 74 -> 78; stat MP5: 25 -> 26; stat SpellHaste: 31 -> 33; stat MeleeHaste: 31 -> 33,,,drop Ulduar Raid10 (Yogg-Saron) | drop Ulduar Raid25 (Yogg-Saron)
45531,Chestguard of the Fallen God,classic,226,232,Ulduar,Raid10,ilvl: 226 -> 232; stat Stamina: 85 -> 90; stat Intellect: 86 -> 91; stat SpellPower: 124 -> 131; stat SpellCrit: 75 -> 80; stat SpellHaste: 68 -> 72; stat MeleeCrit: 75 -> 80; stat MeleeHaste: 68 -> 72; stat Armor: 1314 -> 1348,,,drop Ulduar Raid10 (Yogg-Saron) | drop Ulduar Raid25 (Yogg-Saron)
45532,Cowl of Dark Whispers,classic,226,232,Ulduar,Raid10,ilvl: 226 -> 232; stat Stamina: 85 -> 90; stat Intellect: 66 -> 70; stat Spirit: 80 -> 85; stat SpellPower: 115 -> 122; stat SpellCrit: 59 -> 63; stat MeleeCrit: 59 -> 63; stat Armor: 256 -> 263,,,drop Ulduar Raid10 (Yogg-Saron) | drop Ulduar Raid25 (Yogg-Saron)
45533,Dark Edge of Depravity,classic,239,252,Ulduar,Raid25,ilvl: 239 -> 252; stat Agility: 112 -> 128; stat Stamina: 129 -> 147; stat SpellHit: 64 -> 73; stat SpellHaste: 85 -> 97; stat AttackPower: 164 -> 187; stat MeleeHit: 64 -> 73; stat MeleeHaste: 85 -> 97; stat RangedAttackPower: 164 -> 187; weapon damage min: 685 -> 754; weapon damage max: 1028 -> 1131,,,drop Ulduar Raid25 (Yogg-Saron) [Hard Mode]
45534,Seal of the Betrayed King,classic,239,252,Ulduar,Raid25,ilvl: 239 -> 252; stat Strength: 74 -> 84; stat Stamina: 81 -> 92; stat SpellHit: 40 -> 45; stat SpellCrit: 48 -> 54; stat MeleeHit: 40 -> 45; stat MeleeCrit: 48 -> 54,,,sold by  (0) in zone 4395 | drop Ulduar Raid25 (Yogg-Saron) [Hard Mode]
45535,Show of Faith,classic,239,252,Ulduar,Raid25,ilvl: 239 -> 252; stat SpellPower: 140 -> 158,,,sold by  (0) in zone 4395 | drop Ulduar Raid25 (Yogg-Saron) [Hard Mode]
45536,Legguards of Cunning Deception,classic,239,252,Ulduar,Raid25,ilvl: 239 -> 252; stat Agility: 112 -> 128; stat Stamina: 127 -> 145; stat SpellCrit: 78 -> 89; stat AttackPower: 152 -> 174; stat MeleeCrit: 78 -> 89; stat ArmorPenetration: 66 -> 75; stat Armor: 533 -> 561; stat RangedAttackPower: 152 -> 174,,,drop Ulduar Raid25 (Yogg-Saron) [Hard Mode]
45537,Treads of the False Oracle,classic,239,252,Ulduar,Raid25,ilvl: 239 -> 252; stat Stamina: 82 -> 93; stat Intellect: 69 -> 79; stat SpellPower: 92 -> 105; stat SpellCrit: 61 -> 69; stat SpellHaste: 47 -> 54; stat MeleeCrit: 61 -> 69; stat MeleeHaste: 47 -> 54; stat Armor: 223 -> 235,,,drop Ulduar Raid25 (Yogg-Saron) [Hard Mode]
45538,Titanstone Pendant,classic,226,232,Ulduar,Raid10,ilvl: 226 -> 232; stat Strength: 46 -> 49; stat Stamina: 94 -> 99; stat Expertise: 36 -> 38; stat Defense: 41 -> 43; stat Dodge: 43 -> 45,,,drop Ulduar Raid10 (Trash) | drop Ulduar Raid25 (Trash)
45539,Pendant of Focused Energies,classic,226,232,Ulduar,Raid10,ilvl: 226 -> 232; stat Stamina: 63 -> 67; stat Intellect: 42 -> 44; stat Spirit: 36 -> 38; stat SpellPower: 74 -> 78; stat SpellHit: 46 -> 49; stat MeleeHit: 46 -> 49,,,drop Ulduar Raid10 (Trash) | drop Ulduar Raid25 (Trash)
45540,Bladebearer's Signet,classic,226,232,Ulduar,Raid10,ilvl: 226 -> 232; stat Strength: 72 -> 76; stat Stamina: 72 -> 76; stat SpellHit: 46 -> 49; stat MeleeHit: 46 -> 49; stat Expertise: 36 -> 38,,,drop Ulduar Raid10 (Trash) | drop Ulduar Raid25 (Trash)
45541,Shroud of Alteration,classic,226,232,Ulduar,Raid10,ilvl: 226 -> 232; stat Stamina: 46 -> 49; stat Intellect: 49 -> 52; stat SpellPower: 74 -> 78; stat MP5: 23 -> 24; stat SpellHaste: 36 -> 38; stat MeleeHaste: 36 -> 38; stat Armor: 157 -> 161,,,drop Ulduar Raid10 (Trash) | drop Ulduar Raid25 (Trash)
45542,Greaves of the Stonewarder,classic,226,232,Ulduar,Raid10,ilvl: 226 -> 232; stat Strength: 84 -> 89; stat Stamina: 115 -> 122; stat Armor: 1614 -> 1656; stat Defense: 44 -> 47; stat BlockValue: 135 -> 143; stat Parry: 36 -> 38,,,drop Ulduar Raid10 (Trash) | drop Ulduar Raid25 (Trash)
45543,Shoulders of Misfortune,classic,226,232,Ulduar,Raid10,ilvl: 226 -> 232; stat Agility: 57 -> 60; stat Stamina: 66 -> 70; stat Intellect: 44 -> 47; stat SpellCrit: 36 -> 38; stat SpellHaste: 56 -> 59; stat AttackPower: 154 -> 163; stat MeleeCrit: 36 -> 38; stat MeleeHaste: 56 -> 59; stat Armor: 985 -> 1011; stat RangedAttackPower: 154 -> 163,,,drop Ulduar Raid10 (Trash) | drop Ulduar Raid25 (Trash)
45544,Leggings of the Tortured Earth,classic,226,232,Ulduar,Raid10,ilvl: 226 -> 232; stat Stamina: 99 -> 105; stat Intellect: 81 -> 86; stat SpellPower: 133 -> 141; stat MP5: 38 -> 40; stat SpellHaste: 75 -> 79; stat MeleeHaste: 75 -> 79; stat Armor: 1150 -> 1180,,,drop Ulduar Raid10 (Trash) | drop Ulduar Raid25 (Trash)
45547,Relic Hunter's Cord,classic,226,232,Ulduar,Raid10,ilvl: 226 -> 232; stat Agility: 85 -> 90; stat Stamina: 84 -> 89; stat SpellHit: 57 -> 60; stat AttackPower: 120 -> 127; stat MeleeHit: 57 -> 60; stat ArmorPenetration: 49 -> 52; stat Armor: 333 -> 342; stat RangedAttackPower: 120 -> 127,,,drop Ulduar Raid10 (Trash) | drop Ulduar Raid25 (Trash)
45548,Belt of the Sleeper,classic,226,232,Ulduar,Raid10,ilvl: 226 -> 232; stat Stamina: 64 -> 68; stat Intellect: 65 -> 69; stat Spirit: 60 -> 63; stat SpellPower: 99 -> 105; stat SpellHaste: 49 -> 52; stat MeleeHaste: 49 -> 52; stat Armor: 333 -> 342,,,drop Ulduar Raid10 (Trash) | drop Ulduar Raid25 (Trash)
45549,Grips of Chaos,classic,226,232,Ulduar,Raid10,ilvl: 226 -> 232; stat Stamina: 46 -> 49; stat Intellect: 49 -> 52; stat Spirit: 46 -> 49; stat SpellPower: 74 -> 78; stat SpellHit: 36 -> 38; stat MeleeHit: 36 -> 38; stat Armor: 138 -> 142,,,drop Ulduar Raid10 (Trash) | drop Ulduar Raid25 (Trash)
45550,Belt of the Titans,classic,226,232,other,,ilvl: 226 -> 232; stat Strength: 69 -> 73; stat Stamina: 126 -> 134; stat SpellCrit: 57 -> 61; stat MeleeCrit: 57 -> 61; stat Expertise: 40 -> 43; stat Armor: 1321 -> 1355,,,crafted Blacksmithing (spell 63187)
45551,Indestructible Plate Girdle,classic,226,232,other,,ilvl: 226 -> 232; stat Strength: 84 -> 89; stat Stamina: 103 -> 109; stat Armor: 1321 -> 1355; stat Defense: 36 -> 38; stat Dodge: 45 -> 48; stat Parry: 37 -> 39,,,crafted Blacksmithing (spell 63191)
45552,Plate Girdle of Righteousness,classic,226,232,other,,ilvl: 226 -> 232; stat Stamina: 49 -> 52; stat Intellect: 62 -> 66; stat SpellPower: 81 -> 86; stat MP5: 28 -> 30; stat SpellHaste: 40 -> 43; stat MeleeHaste: 40 -> 43; stat Armor: 1321 -> 1355,,,crafted Blacksmithing (spell 63189)
45553,Belt of Dragons,classic,226,232,other,,ilvl: 226 -> 232; stat Agility: 48 -> 51; stat Stamina: 66 -> 70; stat Intellect: 44 -> 47; stat SpellCrit: 49 -> 52; stat SpellHaste: 44 -> 47; stat AttackPower: 138 -> 147; stat MeleeCrit: 49 -> 52; stat MeleeHaste: 44 -> 47; stat Armor: 739 -> 758; stat RangedAttackPower: 138 -> 147,,,crafted Leatherworking (spell 63194)
45554,Blue Belt of Chaos,classic,226,232,other,,ilvl: 226 -> 232; stat Stamina: 64 -> 68; stat Intellect: 65 -> 69; stat SpellPower: 81 -> 86; stat MP5: 20 -> 21; stat SpellCrit: 56 -> 60; stat MeleeCrit: 56 -> 60; stat Armor: 739 -> 758,,,crafted Leatherworking (spell 63196)
45555,Death-warmed Belt,classic,226,232,other,,ilvl: 226 -> 232; stat Agility: 69 -> 73; stat Stamina: 73 -> 78; stat SpellHit: 40 -> 43; stat SpellCrit: 56 -> 60; stat AttackPower: 112 -> 119; stat MeleeHit: 40 -> 43; stat MeleeCrit: 56 -> 60; stat Armor: 333 -> 342; stat RangedAttackPower: 112 -> 119,,,crafted Leatherworking (spell 63198)
45556,Belt of Arctic Life,classic,226,232,other,,ilvl: 226 -> 232; stat Stamina: 73 -> 78; stat Intellect: 60 -> 64; stat Spirit: 57 -> 61; stat SpellPower: 81 -> 86; stat SpellHaste: 40 -> 43; stat MeleeHaste: 40 -> 43; stat Armor: 333 -> 342,,,crafted Leatherworking (spell 63200)
45557,Sash of Ancient Power,classic,226,232,other,,ilvl: 226 -> 232; stat Stamina: 63 -> 67; stat Intellect: 64 -> 68; stat SpellPower: 81 -> 86; stat SpellHit: 43 -> 46; stat SpellHaste: 49 -> 52; stat MeleeHit: 43 -> 46; stat MeleeHaste: 49 -> 52; stat Armor: 177 -> 182,,,crafted Tailoring (spell 63203)
45558,Cord of the White Dawn,classic,226,232,other,,ilvl: 226 -> 232; stat Stamina: 73 -> 78; stat Intellect: 62 -> 66; stat Spirit: 48 -> 51; stat SpellPower: 81 -> 86; stat SpellCrit: 48 -> 51; stat MeleeCrit: 48 -> 51; stat Armor: 177 -> 182,,,crafted Tailoring (spell 63205)
45559,Battlelord's Plate Boots,classic,226,232,other,,ilvl: 226 -> 232; stat Strength: 69 -> 73; stat Stamina: 126 -> 134; stat SpellCrit: 49 -> 52; stat SpellHaste: 48 -> 51; stat MeleeCrit: 49 -> 52; stat MeleeHaste: 48 -> 51; stat Armor: 1614 -> 1656,,,crafted Blacksmithing (spell 63188)
45560,Spiked Deathdealers,classic,226,232,other,,ilvl: 226 -> 232; stat Strength: 85 -> 90; stat Stamina: 103 -> 109; stat Armor: 1614 -> 1656; stat Defense: 37 -> 39; stat Dodge: 44 -> 47; stat Parry: 37 -> 39,,,crafted Blacksmithing (spell 63192)
45561,Treads of Destiny,classic,226,232,other,,ilvl: 226 -> 232; stat Stamina: 73 -> 78; stat Intellect: 60 -> 64; stat SpellPower: 81 -> 86; stat MP5: 24 -> 26; stat SpellHaste: 49 -> 52; stat MeleeHaste: 49 -> 52; stat Armor: 1614 -> 1656,,,crafted Blacksmithing (spell 63190)
45562,Boots of Living Scale,classic,226,232,other,,ilvl: 226 -> 232; stat Agility: 48 -> 51; stat Stamina: 66 -> 70; stat Intellect: 45 -> 48; stat SpellCrit: 48 -> 51; stat AttackPower: 138 -> 147; stat MeleeCrit: 48 -> 51; stat ArmorPenetration: 45 -> 48; stat Armor: 903 -> 926; stat RangedAttackPower: 138 -> 147,,,crafted Leatherworking (spell 63195)
45563,Lightning Grounded Boots,classic,226,232,other,,ilvl: 226 -> 232; stat Stamina: 63 -> 67; stat Intellect: 64 -> 68; stat SpellPower: 81 -> 86; stat MP5: 20 -> 21; stat SpellCrit: 57 -> 61; stat MeleeCrit: 57 -> 61; stat Armor: 903 -> 926,,,crafted Leatherworking (spell 63197)
45564,Footpads of Silence,classic,226,232,other,,ilvl: 226 -> 232; stat Agility: 69 -> 73; stat Stamina: 64 -> 68; stat SpellHit: 48 -> 51; stat SpellCrit: 56 -> 60; stat AttackPower: 114 -> 121; stat MeleeHit: 48 -> 51; stat MeleeCrit: 56 -> 60; stat Armor: 406 -> 417; stat RangedAttackPower: 114 -> 121,,,crafted Leatherworking (spell 63199)
45565,Boots of Wintry Endurance,classic,226,232,other,,ilvl: 226 -> 232; stat Stamina: 63 -> 67; stat Intellect: 64 -> 68; stat Spirit: 49 -> 52; stat SpellPower: 81 -> 86; stat SpellCrit: 48 -> 51; stat MeleeCrit: 48 -> 51; stat Armor: 406 -> 417,,,crafted Leatherworking (spell 63201)
45566,Spellslinger's Slippers,classic,226,232,other,,ilvl: 226 -> 232; stat Stamina: 63 -> 67; stat Intellect: 64 -> 68; stat Spirit: 41 -> 44; stat SpellPower: 81 -> 86; stat SpellHaste: 56 -> 60; stat MeleeHaste: 56 -> 60; stat Armor: 216 -> 222,,,crafted Tailoring (spell 63204)
45567,Savior's Slippers,classic,226,232,other,,ilvl: 226 -> 232; stat Stamina: 73 -> 78; stat Intellect: 60 -> 64; stat Spirit: 57 -> 61; stat SpellPower: 81 -> 86; stat SpellCrit: 40 -> 43; stat MeleeCrit: 40 -> 43; stat Armor: 216 -> 222,,,crafted Tailoring (spell 63206)
45570,Skyforge Crossbow,classic,239,252,Ulduar,Raid25,ilvl: 239 -> 252; stat Agility: 40 -> 45; stat Stamina: 40 -> 45; stat SpellHit: 23 -> 26; stat SpellCrit: 28 -> 32; stat AttackPower: 58 -> 65; stat MeleeHit: 23 -> 26; stat MeleeCrit: 28 -> 32; stat RangedAttackPower: 58 -> 65; weapon damage min: 466 -> 517; weapon damage max: 657 -> 734,,,drop Ulduar Raid25 (Algalon the Observer) | drop Ulduar Raid25 (Thorim) [Hard Mode]
45587,Bulwark of Algalon,classic,239,252,Ulduar,Raid25,ilvl: 239 -> 252; stat Strength: 71 -> 80; stat Stamina: 96 -> 109; stat Armor: 8130 -> 8563; stat Defense: 38 -> 43; stat Block: 37 -> 42; stat BlockValue: 227 -> 238; stat Dodge: 29 -> 33,,,drop Ulduar Raid25 (Algalon the Observer)
45588,Drape of the Skyborn,classic,239,252,other,,ilvl: 239 -> 252; stat Strength: 64 -> 73; stat Stamina: 106 -> 120; stat SpellHit: 37 -> 42; stat SpellCrit: 47 -> 53; stat MeleeHit: 37 -> 42; stat MeleeCrit: 47 -> 53; stat Armor: 162 -> 171,,,quest Heroic: All Is Well That Ends Well (13819)
45594,Legplates of the Endless Void,classic,239,252,Ulduar,Raid25,ilvl: 239 -> 252; stat Strength: 128 -> 146; stat Stamina: 156 -> 178; stat Armor: 2117 -> 2230; stat Defense: 59 -> 68; stat Dodge: 51 -> 58; stat Parry: 67 -> 76,,,drop Ulduar Raid25 (Algalon the Observer)
45599,Sabatons of Lifeless Night,classic,239,252,Ulduar,Raid25,ilvl: 239 -> 252; stat Strength: 93 -> 106; stat Stamina: 108 -> 123; stat SpellCrit: 64 -> 73; stat SpellHaste: 47 -> 54; stat MeleeCrit: 64 -> 73; stat MeleeHaste: 47 -> 54; stat Armor: 1663 -> 1752,,,drop Ulduar Raid25 (Algalon the Observer)
45605,Daschal's Bite,classic,232,238,Ulduar,Raid10,ilvl: 232 -> 238; stat Agility: 52 -> 55; stat Stamina: 55 -> 58; stat SpellHaste: 34 -> 36; stat AttackPower: 68 -> 72; stat MeleeHaste: 34 -> 36; stat ArmorPenetration: 29 -> 31; stat RangedAttackPower: 68 -> 72; weapon damage min: 257 -> 268; weapon damage max: 387 -> 404,,,drop Ulduar Raid10 (Trash) | drop Ulduar Raid25 (Trash)
45607,Fang of Oblivion,classic,239,252,Ulduar,Raid25,ilvl: 239 -> 252; stat Agility: 47 -> 53; stat Stamina: 54 -> 61; stat SpellCrit: 29 -> 33; stat SpellHaste: 24 -> 27; stat AttackPower: 80 -> 91; stat MeleeCrit: 29 -> 33; stat MeleeHaste: 24 -> 27; stat RangedAttackPower: 80 -> 91; weapon damage min: 271 -> 298; weapon damage max: 407 -> 448,,,drop Ulduar Raid25 (The Iron Council) [Hard Mode] | drop Ulduar Raid25 (Algalon the Observer)
45608,Brann's Signet Ring,classic,239,252,other,,ilvl: 239 -> 252; stat Agility: 64 -> 73; stat Stamina: 61 -> 70; stat SpellCrit: 43 -> 49; stat AttackPower: 96 -> 109; stat MeleeCrit: 43 -> 49; stat ArmorPenetration: 33 -> 37; stat RangedAttackPower: 96 -> 109,,,quest Heroic: All Is Well That Ends Well (13819)
45609,Comet's Trail,classic,239,252,Ulduar,Raid25,ilvl: 239 -> 252; stat AttackPower: 240 -> 271; stat RangedAttackPower: 240 -> 271,,,sold by  (0) in zone 4395 | drop Ulduar Raid25 (Algalon the Observer)
45610,Boundless Gaze,classic,239,252,Ulduar,Raid25,ilvl: 239 -> 252; stat Agility: 70 -> 79; stat Stamina: 100 -> 114; stat Intellect: 68 -> 77; stat SpellHit: 66 -> 75; stat SpellCrit: 69 -> 78; stat AttackPower: 224 -> 255; stat MeleeHit: 66 -> 75; stat MeleeCrit: 69 -> 78; stat Armor: 1100 -> 1159; stat RangedAttackPower: 224 -> 255,,,drop Ulduar Raid25 (Algalon the Observer)
45611,Solar Bindings,classic,239,252,Ulduar,Raid25,ilvl: 239 -> 252; stat Agility: 64 -> 73; stat Stamina: 61 -> 70; stat SpellHaste: 48 -> 55; stat AttackPower: 86 -> 97; stat MeleeHaste: 48 -> 55; stat Expertise: 47 -> 53; stat Armor: 267 -> 282; stat RangedAttackPower: 86 -> 97,,,drop Ulduar Raid25 (Algalon the Observer)
45612,Constellus,classic,239,252,Ulduar,Raid25,ilvl: 239 -> 252; stat Stamina: 54 -> 61; stat Intellect: 55 -> 62; stat SpellPower: 587 -> 665; stat MP5: 24 -> 27; stat SpellCrit: 29 -> 33; stat MeleeCrit: 29 -> 33; weapon damage min: 94 -> 111; weapon damage max: 298 -> 335,,,drop Ulduar Raid25 (Algalon the Observer) | drop Ulduar Raid25 (Hodir) [Hard Mode]
45613,Dreambinder,classic,239,252,Ulduar,Raid25,ilvl: 239 -> 252; stat Agility: 112 -> 128; stat Stamina: 105 -> 120; stat SpellHaste: 86 -> 98; stat AttackPower: 140 -> 160; stat MeleeHaste: 86 -> 98; stat ArmorPenetration: 85 -> 96; stat RangedAttackPower: 140 -> 160; weapon damage min: 469 -> 516; weapon damage max: 705 -> 776,,,drop Ulduar Raid25 (Algalon the Observer) | drop Ulduar Raid25 (Freya) [Hard Mode]
45614,Starshine Circle,classic,239,252,other,,ilvl: 239 -> 252; stat Stamina: 61 -> 70; stat Intellect: 51 -> 58; stat SpellPower: 75 -> 86; stat MP5: 24 -> 27; stat SpellHaste: 39 -> 44; stat MeleeHaste: 39 -> 44,,,quest Heroic: All Is Well That Ends Well (13819)
45615,Planewalker Treads,classic,239,252,Ulduar,Raid25,ilvl: 239 -> 252; stat Stamina: 82 -> 93; stat Intellect: 69 -> 78; stat SpellPower: 92 -> 105; stat MP5: 28 -> 32; stat SpellCrit: 56 -> 64; stat MeleeCrit: 56 -> 64; stat Armor: 931 -> 981,,,drop Ulduar Raid25 (Algalon the Observer)
45616,Star-beaded Clutch,classic,239,252,Ulduar,Raid25,ilvl: 239 -> 252; stat Stamina: 82 -> 93; stat Intellect: 69 -> 78; stat Spirit: 48 -> 55; stat SpellPower: 92 -> 105; stat SpellHaste: 63 -> 72; stat MeleeHaste: 63 -> 72; stat Armor: 343 -> 361,,,drop Ulduar Raid25 (Algalon the Observer)
45617,Cosmos,classic,239,252,Ulduar,Raid25,ilvl: 239 -> 252; stat Stamina: 52 -> 59; stat Intellect: 55 -> 62; stat SpellPower: 84 -> 95; stat SpellHit: 51 -> 58; stat SpellCrit: 41 -> 46; stat MeleeHit: 51 -> 58; stat MeleeCrit: 41 -> 46,,,drop Ulduar Raid25 (Algalon the Observer)
45618,Sunglimmer Cloak,classic,239,252,other,,ilvl: 239 -> 252; stat Stamina: 70 -> 79; stat Intellect: 48 -> 55; stat Spirit: 48 -> 55; stat SpellPower: 75 -> 86; stat SpellHaste: 39 -> 44; stat MeleeHaste: 39 -> 44; stat Armor: 162 -> 171,,,quest Heroic: All Is Well That Ends Well (13819)
45619,Starwatcher's Binding,classic,239,252,Ulduar,Raid25,ilvl: 239 -> 252; stat Stamina: 82 -> 93; stat Intellect: 69 -> 78; stat Spirit: 64 -> 73; stat SpellPower: 92 -> 105; stat SpellCrit: 47 -> 54; stat MeleeCrit: 47 -> 54; stat Armor: 182 -> 191,,,drop Ulduar Raid25 (Algalon the Observer)
45620,Starshard Edge,classic,239,252,Ulduar,Raid25,ilvl: 239 -> 252; stat Stamina: 40 -> 45; stat Intellect: 55 -> 62; stat Spirit: 43 -> 49; stat SpellPower: 587 -> 665; stat SpellHit: 39 -> 44; stat MeleeHit: 39 -> 44; weapon damage min: 94 -> 111; weapon damage max: 298 -> 335,,,drop Ulduar Raid25 (Algalon the Observer) | drop Ulduar Raid25 (Mimiron) [Hard Mode]
45663,Armbands of Bedlam,classic,239,252,Ulduar,Raid25,ilvl: 239 -> 252; stat Strength: 74 -> 84; stat Stamina: 81 -> 92; stat SpellCrit: 48 -> 54; stat SpellHaste: 40 -> 45; stat MeleeCrit: 48 -> 54; stat MeleeHaste: 40 -> 45; stat Armor: 1059 -> 1115,,,drop Ulduar Raid25 (Mimiron) [Hard Mode]
45665,Pharos Gloves,classic,239,252,Ulduar,Raid25,ilvl: 239 -> 252; stat Stamina: 72 -> 83; stat Intellect: 72 -> 83; stat SpellPower: 92 -> 105; stat SpellCrit: 64 -> 73; stat SpellHaste: 74 -> 85; stat MeleeCrit: 64 -> 73; stat MeleeHaste: 74 -> 85; stat Armor: 203 -> 214,,,drop Ulduar Raid25 (Algalon the Observer)
45675,Power Enhancing Loop,classic,219,225,The Culling of Stratholme,TitanRuneBeta,ilvl: 219 -> 225; stat Strength: 68 -> 72; stat Stamina: 67 -> 71; stat SpellHit: 35 -> 37; stat MeleeHit: 35 -> 37; stat ArmorPenetration: 43 -> 45,,,drop The Culling of Stratholme TitanRuneBeta (Chrono-Lord Epoch)
45676,Chestplate of Vicious Potency,classic,219,225,Halls of Lightning,TitanRuneBeta,ilvl: 219 -> 225; stat Strength: 113 -> 120; stat Stamina: 120 -> 127; stat SpellHaste: 81 -> 86; stat MeleeHaste: 81 -> 86; stat ArmorPenetration: 45 -> 48; stat Armor: 2322 -> 2384,,,drop Halls of Lightning TitanRuneBeta (Loken)
45677,Treacherous Shoulderpads,classic,219,225,Halls of Lightning,TitanRuneBeta,ilvl: 219 -> 225; stat Agility: 60 -> 64; stat Stamina: 61 -> 65; stat SpellHit: 57 -> 60; stat AttackPower: 126 -> 134; stat MeleeHit: 57 -> 60; stat ArmorPenetration: 46 -> 49; stat Armor: 438 -> 450; stat RangedAttackPower: 126 -> 134,,,drop Halls of Lightning TitanRuneBeta (Ionar)
45679,Gloves of Taut Grip,classic,219,225,The Culling of Stratholme,TitanRuneBeta,ilvl: 219 -> 225; stat Agility: 56 -> 59; stat Stamina: 80 -> 85; stat Intellect: 48 -> 51; stat SpellHaste: 42 -> 45; stat AttackPower: 118 -> 125; stat MeleeHaste: 42 -> 45; stat ArmorPenetration: 37 -> 39; stat Armor: 812 -> 834; stat RangedAttackPower: 118 -> 125,,,drop The Culling of Stratholme TitanRuneBeta (Salramm the Fleshcrafter)
45680,Armbands of the Construct,classic,219,225,Halls of Lightning,TitanRuneBeta,ilvl: 219 -> 225; stat Stamina: 59 -> 62; stat Intellect: 40 -> 42; stat SpellPower: 69 -> 73; stat MP5: 16 -> 17; stat SpellCrit: 44 -> 47; stat MeleeCrit: 44 -> 47; stat Armor: 1016 -> 1043,,,drop Halls of Lightning TitanRuneBeta (Loken)
45682,Pulsing Spellshield,classic,219,225,The Culling of Stratholme,TitanRuneBeta,ilvl: 219 -> 225; stat Stamina: 45 -> 48; stat Intellect: 45 -> 48; stat SpellPower: 69 -> 73; stat SpellCrit: 42 -> 44; stat SpellHaste: 34 -> 36; stat MeleeCrit: 42 -> 44; stat MeleeHaste: 34 -> 36; stat Armor: 7802 -> 8011; stat BlockValue: 218 -> 220,,,drop The Culling of Stratholme TitanRuneBeta (Infinite Corruptor)
45685,Plasma Foil,classic,219,225,The Culling of Stratholme,TitanRuneBeta,ilvl: 219 -> 225; stat Stamina: 34 -> 36; stat Intellect: 45 -> 48; stat Spirit: 46 -> 49; stat SpellPower: 487 -> 515; stat SpellCrit: 35 -> 37; stat MeleeCrit: 35 -> 37; weapon damage min: 81 -> 84; weapon damage max: 258 -> 268,,,drop The Culling of Stratholme TitanRuneBeta (Chrono-Lord Epoch)
45686,Vest of the Glowing Crescent,classic,219,225,The Culling of Stratholme,TitanRuneBeta,ilvl: 219 -> 225; stat Stamina: 80 -> 85; stat Intellect: 81 -> 86; stat Spirit: 57 -> 60; stat SpellPower: 124 -> 131; stat SpellCrit: 66 -> 70; stat MeleeCrit: 66 -> 70; stat Armor: 585 -> 601,,,drop The Culling of Stratholme TitanRuneBeta (Infinite Corruptor)
45687,Helm of Veiled Energies,classic,219,225,Drak'Tharon Keep,TitanRuneBeta,ilvl: 219 -> 225; stat Stamina: 82 -> 87; stat Intellect: 71 -> 75; stat SpellPower: 105 -> 112; stat SpellCrit: 65 -> 69; stat SpellHaste: 59 -> 63; stat MeleeCrit: 65 -> 69; stat MeleeHaste: 59 -> 63; stat Armor: 1056 -> 1084,,,drop Drak'Tharon Keep TitanRuneBeta (Novos the Summoner) | drop Drak'Tharon Keep TitanRuneBeta (King Dred)
45688,Inscribed Band of the Kirin Tor,classic,213,225,vendor: Harold Winston,,ilvl: 213 -> 225; stat Agility: 37 -> 41; stat Stamina: 57 -> 64; stat SpellCrit: 38 -> 43; stat SpellHaste: 37 -> 41; stat AttackPower: 112 -> 125; stat MeleeCrit: 38 -> 43; stat MeleeHaste: 37 -> 41; stat RangedAttackPower: 112 -> 125,,,sold by Harold Winston (32172) in zone 4395
45689,Inscribed Loop of the Kirin Tor,classic,213,225,vendor: Harold Winston,,ilvl: 213 -> 225; stat Stamina: 55 -> 62; stat Intellect: 38 -> 43; stat Spirit: 38 -> 43; stat SpellPower: 66 -> 74; stat MP5: 19 -> 21,,,sold by Harold Winston (32172) in zone 4395
45690,Inscribed Ring of the Kirin Tor,classic,213,225,vendor: Harold Winston,,ilvl: 213 -> 225; stat Strength: 56 -> 63; stat Stamina: 84 -> 94; stat SpellCrit: 38 -> 43; stat MeleeCrit: 38 -> 43; stat Expertise: 37 -> 41,,,sold by Harold Winston (32172) in zone 4395
45691,Inscribed Signet of the Kirin Tor,classic,213,225,vendor: Harold Winston,,ilvl: 213 -> 225; stat Stamina: 55 -> 62; stat Intellect: 38 -> 43; stat SpellPower: 66 -> 74; stat SpellCrit: 37 -> 41; stat SpellHaste: 38 -> 43; stat MeleeCrit: 37 -> 41; stat MeleeHaste: 38 -> 43,,,sold by Harold Winston (32172) in zone 4395
45694,Conductive Cord,classic,219,225,The Culling of Stratholme,TitanRuneBeta,ilvl: 219 -> 225; stat Stamina: 75 -> 79; stat Intellect: 54 -> 57; stat Spirit: 60 -> 63; stat SpellPower: 93 -> 98; stat SpellCrit: 41 -> 43; stat MeleeCrit: 41 -> 43; stat Armor: 175 -> 180,,,drop The Culling of Stratholme TitanRuneBeta (Meathook)
45695,Spire of Withering Dreams,classic,219,225,The Culling of Stratholme,TitanRuneBeta,ilvl: 219 -> 225; stat Agility: 73 -> 77; stat Stamina: 93 -> 98; stat SpellHaste: 76 -> 80; stat AttackPower: 212 -> 224; stat MeleeHaste: 76 -> 80; stat ArmorPenetration: 67 -> 71; stat RangedAttackPower: 212 -> 224; weapon damage min: 475 -> 495; weapon damage max: 713 -> 744,,,drop The Culling of Stratholme TitanRuneBeta (Salramm the Fleshcrafter)
45696,Mark of the Unyielding,classic,219,225,Ahn'kahet: The Old Kingdom,TitanRuneBeta,ilvl: 219 -> 225; stat Strength: 60 -> 63; stat Stamina: 88 -> 93; stat Defense: 41 -> 43; stat Dodge: 37 -> 39; stat BonusArmor: 336 -> 345,,,drop Ahn'kahet: The Old Kingdom TitanRuneBeta (Herald Volazj)
45697,Shoulderguards of the Solemn Watch,classic,219,225,Drak'Tharon Keep,TitanRuneBeta,ilvl: 219 -> 225; stat Strength: 79 -> 84; stat Stamina: 119 -> 126; stat Armor: 1741 -> 1788; stat Defense: 41 -> 43; stat Block: 36 -> 38; stat Parry: 45 -> 48,,,drop Drak'Tharon Keep TitanRuneBeta (Trollgore)
45698,Sabatons of the Iron Watcher,classic,219,225,Drak'Tharon Keep,TitanRuneBeta,ilvl: 219 -> 225; stat Stamina: 75 -> 79; stat Intellect: 54 -> 57; stat SpellPower: 91 -> 96; stat MP5: 30 -> 32; stat SpellCrit: 41 -> 43; stat MeleeCrit: 41 -> 43; stat Armor: 1596 -> 1639,,,drop Drak'Tharon Keep TitanRuneBeta (Trollgore)
45699,Pendant of the Piercing Glare,classic,219,225,Ahn'kahet: The Old Kingdom,TitanRuneBeta,ilvl: 219 -> 225; stat Stamina: 47 -> 50; stat Intellect: 45 -> 48; stat SpellPower: 69 -> 73; stat SpellHit: 46 -> 49; stat SpellHaste: 29 -> 31; stat MeleeHit: 46 -> 49; stat MeleeHaste: 29 -> 31,,,drop Ahn'kahet: The Old Kingdom TitanRuneBeta (Herald Volazj)
45700,Stoneguard,classic,219,225,no source,,ilvl: 219 -> 225; stat Strength: 35 -> 37; stat Stamina: 69 -> 73; stat SpellHit: 24 -> 25; stat MeleeHit: 24 -> 25; stat Dodge: 31 -> 33; stat Parry: 30 -> 32; weapon damage min: 182 -> 190; weapon damage max: 340 -> 355,,,
45701,Greaves of the Earthbinder,classic,219,225,Ahn'kahet: The Old Kingdom,TitanRuneBeta,ilvl: 219 -> 225; stat Stamina: 50 -> 53; stat Intellect: 63 -> 67; stat SpellPower: 88 -> 93; stat MP5: 21 -> 22; stat SpellCrit: 47 -> 50; stat MeleeCrit: 47 -> 50; stat Armor: 893 -> 917,,,drop Ahn'kahet: The Old Kingdom TitanRuneBeta (Jedoga Shadowseeker)
45702,Emerald Signet Ring,classic,219,225,Ahn'kahet: The Old Kingdom,TitanRuneBeta,ilvl: 219 -> 225; stat Stamina: 38 -> 40; stat Intellect: 48 -> 51; stat Spirit: 43 -> 45; stat SpellPower: 70 -> 74; stat SpellHit: 34 -> 36; stat MeleeHit: 34 -> 36,,,drop Ahn'kahet: The Old Kingdom TitanRuneBeta (Jedoga Shadowseeker)
45703,Spark of Hope,classic,219,225,Drak'Tharon Keep,TitanRuneBeta,ilvl: 219 -> 225; stat Spirit: 100 -> 106,,,drop Drak'Tharon Keep TitanRuneBeta (Novos the Summoner)
45704,Shawl of the Shattered Giant,classic,219,225,Ahn'kahet: The Old Kingdom,TitanRuneBeta,ilvl: 219 -> 225; stat Agility: 60 -> 63; stat Stamina: 51 -> 54; stat SpellHit: 32 -> 34; stat SpellCrit: 44 -> 47; stat AttackPower: 86 -> 91; stat MeleeHit: 32 -> 34; stat MeleeCrit: 44 -> 47; stat Armor: 155 -> 159; stat RangedAttackPower: 86 -> 91,,,drop Ahn'kahet: The Old Kingdom TitanRuneBeta (Herald Volazj)
45707,Shieldwall of the Breaker,classic,219,225,The Nexus,TitanRuneBeta,ilvl: 219 -> 225; stat Strength: 40 -> 42; stat Stamina: 66 -> 70; stat Expertise: 32 -> 34; stat Armor: 7802 -> 8011; stat Defense: 44 -> 47; stat BlockValue: 218 -> 220; stat Parry: 32 -> 34,,,drop The Nexus TitanRuneBeta (Grand Magus Telestra)
45708,Archaedas' Lost Legplates,classic,219,225,Utgarde Pinnacle,TitanRuneBeta,ilvl: 219 -> 225; stat Strength: 78 -> 83; stat Stamina: 159 -> 169; stat Expertise: 58 -> 61; stat Armor: 2032 -> 2086; stat Dodge: 65 -> 69; stat Parry: 52 -> 55,,,drop Utgarde Pinnacle TitanRuneBeta (Gortok Palehoof)
45709,Nimble Climber's Belt,classic,219,225,Utgarde Pinnacle,TitanRuneBeta,ilvl: 219 -> 225; stat Agility: 79 -> 84; stat Stamina: 68 -> 72; stat SpellHit: 56 -> 59; stat SpellHaste: 43 -> 45; stat AttackPower: 114 -> 121; stat MeleeHit: 56 -> 59; stat MeleeHaste: 43 -> 45; stat Armor: 329 -> 338; stat RangedAttackPower: 114 -> 121,,,drop Utgarde Pinnacle TitanRuneBeta (King Ymiron)
45711,Ironaya's Discarded Mantle,classic,219,225,Utgarde Pinnacle,TitanRuneBeta,ilvl: 219 -> 225; stat Agility: 56 -> 59; stat Stamina: 61 -> 65; stat Intellect: 44 -> 47; stat SpellCrit: 39 -> 41; stat SpellHaste: 45 -> 48; stat AttackPower: 158 -> 167; stat MeleeCrit: 39 -> 41; stat MeleeHaste: 45 -> 48; stat Armor: 974 -> 1000; stat RangedAttackPower: 158 -> 167,,,drop Utgarde Pinnacle TitanRuneBeta (King Ymiron)
45712,Chestplate of Titanic Fury,classic,219,225,Utgarde Pinnacle,TitanRuneBeta,ilvl: 219 -> 225; stat Strength: 113 -> 120; stat Stamina: 120 -> 127; stat SpellHit: 62 -> 66; stat MeleeHit: 62 -> 66; stat ArmorPenetration: 71 -> 75; stat Armor: 2322 -> 2384,,,drop Utgarde Pinnacle TitanRuneBeta (Skadi the Ruthless)
45713,Nurturing Touch,classic,219,225,The Nexus,TitanRuneBeta,ilvl: 219 -> 225; stat Stamina: 29 -> 31; stat Intellect: 26 -> 27; stat Spirit: 24 -> 25; stat SpellPower: 39 -> 41; stat SpellCrit: 20 -> 21; stat MeleeCrit: 20 -> 21; weapon damage min: 378 -> 394; weapon damage max: 702 -> 732,,,drop The Nexus TitanRuneBeta (Commander Kolurg)
45819,Spiked Battleguard Choker,classic,226,232,vendor: ,,ilvl: 226 -> 232; stat Strength: 65 -> 69; stat Stamina: 93 -> 98; stat SpellHit: 45 -> 48; stat SpellCrit: 36 -> 38; stat MeleeHit: 45 -> 48; stat MeleeCrit: 36 -> 38,,,sold by  (0) in zone 4395
45820,Broach of the Wailing Night,classic,226,232,vendor: ,,ilvl: 226 -> 232; stat Agility: 63 -> 67; stat Stamina: 69 -> 73; stat SpellCrit: 36 -> 38; stat AttackPower: 84 -> 89; stat MeleeCrit: 36 -> 38; stat ArmorPenetration: 46 -> 49; stat RangedAttackPower: 84 -> 89,,,sold by  (0) in zone 4395
45821,Shard of the Crystal Forest,classic,226,232,vendor: ,,ilvl: 226 -> 232; stat Strength: 42 -> 44; stat Stamina: 94 -> 99; stat SpellHit: 42 -> 44; stat MeleeHit: 42 -> 44; stat Defense: 41 -> 43; stat Dodge: 43 -> 45,,,sold by  (0) in zone 4395
45822,Evoker's Charm,classic,226,232,vendor: ,,ilvl: 226 -> 232; stat Stamina: 63 -> 67; stat Intellect: 43 -> 45; stat Spirit: 41 -> 43; stat SpellPower: 74 -> 78; stat SpellHaste: 42 -> 44; stat MeleeHaste: 42 -> 44,,,sold by  (0) in zone 4395
45823,Frozen Tear of Elune,classic,226,232,vendor: ,,ilvl: 226 -> 232; stat Stamina: 63 -> 67; stat Intellect: 43 -> 45; stat SpellPower: 74 -> 78; stat MP5: 21 -> 22; stat SpellCrit: 41 -> 43; stat MeleeCrit: 41 -> 43,,,sold by  (0) in zone 4395
45824,Belt of the Singing Blade,classic,226,232,vendor: ,,ilvl: 226 -> 232; stat Strength: 87 -> 92; stat Stamina: 124 -> 131; stat SpellHit: 49 -> 52; stat SpellCrit: 60 -> 63; stat MeleeHit: 49 -> 52; stat MeleeCrit: 60 -> 63; stat Armor: 1321 -> 1355,,,sold by  (0) in zone 4395
45825,Shieldwarder Girdle,classic,226,232,vendor: ,,ilvl: 226 -> 232; stat Strength: 57 -> 60; stat Stamina: 127 -> 134; stat SpellHit: 56 -> 59; stat MeleeHit: 56 -> 59; stat Armor: 1321 -> 1355; stat Defense: 49 -> 52; stat Dodge: 60 -> 63,,,sold by  (0) in zone 4395
45826,Girdle of Unyielding Trust,classic,226,232,vendor: ,,ilvl: 226 -> 232; stat Stamina: 84 -> 89; stat Intellect: 57 -> 60; stat SpellPower: 100 -> 106; stat MP5: 30 -> 32; stat SpellCrit: 49 -> 52; stat MeleeCrit: 49 -> 52; stat Armor: 1321 -> 1355,,,sold by  (0) in zone 4395
45827,Belt of the Ardent Marksman,classic,226,232,vendor: ,,ilvl: 226 -> 232; stat Agility: 85 -> 90; stat Stamina: 67 -> 71; stat Intellect: 44 -> 47; stat SpellHit: 44 -> 47; stat SpellHaste: 49 -> 52; stat AttackPower: 120 -> 127; stat MeleeHit: 44 -> 47; stat MeleeHaste: 49 -> 52; stat Armor: 739 -> 758; stat RangedAttackPower: 120 -> 127,,,sold by  (0) in zone 4395
45828,Windchill Binding,classic,226,232,vendor: ,,ilvl: 226 -> 232; stat Stamina: 84 -> 89; stat Intellect: 56 -> 59; stat SpellPower: 100 -> 106; stat MP5: 25 -> 26; stat SpellHaste: 60 -> 63; stat MeleeHaste: 60 -> 63; stat Armor: 739 -> 758,,,sold by  (0) in zone 4395
45829,Belt of the Twilight Assassin,classic,226,232,vendor: ,,ilvl: 226 -> 232; stat Agility: 84 -> 89; stat Stamina: 84 -> 89; stat SpellHit: 49 -> 52; stat AttackPower: 124 -> 131; stat MeleeHit: 49 -> 52; stat Expertise: 57 -> 60; stat Armor: 333 -> 342; stat RangedAttackPower: 124 -> 131,,,sold by  (0) in zone 4395
45830,Belt of the Living Thicket,classic,226,232,vendor: ,,ilvl: 226 -> 232; stat Stamina: 73 -> 77; stat Intellect: 60 -> 63; stat Spirit: 56 -> 59; stat SpellPower: 100 -> 106; stat SpellHaste: 56 -> 59; stat MeleeHaste: 56 -> 59; stat Armor: 333 -> 342,,,sold by  (0) in zone 4395
45831,Sash of Potent Incantations,classic,226,232,vendor: ,,ilvl: 226 -> 232; stat Stamina: 73 -> 77; stat Intellect: 60 -> 63; stat Spirit: 60 -> 63; stat SpellPower: 100 -> 106; stat SpellCrit: 40 -> 42; stat MeleeCrit: 40 -> 42; stat Armor: 177 -> 182,,,sold by  (0) in zone 4395
45832,Mantle of the Preserver,classic,219,225,The Nexus,TitanRuneBeta,ilvl: 219 -> 225; stat Stamina: 72 -> 76; stat Intellect: 56 -> 59; stat Spirit: 46 -> 49; stat SpellPower: 91 -> 96; stat SpellCrit: 57 -> 60; stat MeleeCrit: 57 -> 60; stat Armor: 233 -> 239,,,drop The Nexus TitanRuneBeta (Commander Kolurg)
45833,Bladebreaker Gauntlets,classic,226,232,vendor: ,,ilvl: 226 -> 232; stat Strength: 87 -> 92; stat Stamina: 124 -> 131; stat SpellCrit: 60 -> 63; stat MeleeCrit: 60 -> 63; stat ArmorPenetration: 49 -> 52; stat Armor: 1467 -> 1505,,,sold by  (0) in zone 4395
45834,Gauntlets of the Royal Watch,classic,226,232,vendor: ,,ilvl: 226 -> 232; stat Strength: 60 -> 63; stat Stamina: 127 -> 134; stat SpellHit: 49 -> 52; stat MeleeHit: 49 -> 52; stat Armor: 1467 -> 1505; stat Defense: 55 -> 58; stat Dodge: 56 -> 59,,,sold by  (0) in zone 4395
45835,Gauntlets of Serene Blessing,classic,226,232,vendor: ,,ilvl: 226 -> 232; stat Stamina: 72 -> 76; stat Intellect: 60 -> 63; stat SpellPower: 100 -> 106; stat MP5: 28 -> 30; stat SpellHaste: 56 -> 59; stat MeleeHaste: 56 -> 59; stat Armor: 1467 -> 1505,,,sold by  (0) in zone 4395
45836,Gloves of Unerring Aim,classic,226,232,vendor: ,,ilvl: 226 -> 232; stat Agility: 57 -> 60; stat Stamina: 66 -> 70; stat Intellect: 44 -> 47; stat SpellCrit: 44 -> 47; stat SpellHaste: 56 -> 59; stat AttackPower: 170 -> 180; stat MeleeCrit: 44 -> 47; stat MeleeHaste: 56 -> 59; stat Armor: 821 -> 842; stat RangedAttackPower: 170 -> 180,,,sold by  (0) in zone 4395
45837,Gloves of Augury,classic,226,232,vendor: ,,ilvl: 226 -> 232; stat Stamina: 84 -> 89; stat Intellect: 56 -> 59; stat SpellPower: 100 -> 106; stat MP5: 25 -> 26; stat SpellCrit: 60 -> 63; stat MeleeCrit: 60 -> 63; stat Armor: 821 -> 842,,,sold by  (0) in zone 4395
45838,Gloves of the Blind Stalker,classic,226,232,vendor: ,,ilvl: 226 -> 232; stat Agility: 85 -> 90; stat Stamina: 84 -> 89; stat SpellCrit: 49 -> 52; stat SpellHaste: 57 -> 60; stat AttackPower: 120 -> 127; stat MeleeCrit: 49 -> 52; stat MeleeHaste: 57 -> 60; stat Armor: 369 -> 379; stat RangedAttackPower: 120 -> 127,,,sold by  (0) in zone 4395
45839,Grips of the Secret Grove,classic,226,232,vendor: ,,ilvl: 226 -> 232; stat Stamina: 73 -> 77; stat Intellect: 60 -> 63; stat Spirit: 60 -> 63; stat SpellPower: 100 -> 106; stat SpellCrit: 49 -> 52; stat MeleeCrit: 49 -> 52; stat Armor: 369 -> 379,,,sold by  (0) in zone 4395
45840,Touch of the Occult,classic,226,232,vendor: ,,ilvl: 226 -> 232; stat Stamina: 73 -> 77; stat Intellect: 60 -> 63; stat Spirit: 60 -> 63; stat SpellPower: 100 -> 106; stat SpellHaste: 49 -> 52; stat MeleeHaste: 49 -> 52; stat Armor: 197 -> 202,,,sold by  (0) in zone 4395
45841,Legplates of the Violet Champion,classic,226,232,vendor: ,,ilvl: 226 -> 232; stat Strength: 115 -> 122; stat Stamina: 130 -> 138; stat SpellCrit: 68 -> 72; stat SpellHaste: 67 -> 71; stat MeleeCrit: 68 -> 72; stat MeleeHaste: 67 -> 71; stat Armor: 2054 -> 2107,,,sold by  (0) in zone 4395
45842,Wyrmguard Legplates,classic,226,232,vendor: ,,ilvl: 226 -> 232; stat Strength: 113 -> 120; stat Stamina: 147 -> 156; stat Armor: 2054 -> 2107; stat Defense: 59 -> 63; stat Block: 60 -> 64,,,sold by  (0) in zone 4395
45843,Legguards of the Peaceful Covenant,classic,226,232,vendor: ,,ilvl: 226 -> 232; stat Stamina: 112 -> 119; stat Intellect: 76 -> 81; stat SpellPower: 115 -> 122; stat MP5: 36 -> 38; stat SpellHaste: 58 -> 62; stat MeleeHaste: 58 -> 62; stat Armor: 2054 -> 2107,,,sold by  (0) in zone 4395
45844,Leggings of the Tireless Sentry,classic,226,232,vendor: ,,ilvl: 226 -> 232; stat Agility: 60 -> 64; stat Stamina: 90 -> 96; stat Intellect: 59 -> 63; stat SpellHit: 59 -> 63; stat SpellCrit: 75 -> 80; stat AttackPower: 196 -> 208; stat MeleeHit: 59 -> 63; stat MeleeCrit: 75 -> 80; stat Armor: 1150 -> 1180; stat RangedAttackPower: 196 -> 208,,,sold by  (0) in zone 4395
45845,Leggings of the Weary Mystic,classic,226,232,vendor: ,,ilvl: 226 -> 232; stat Stamina: 114 -> 121; stat Intellect: 75 -> 80; stat SpellPower: 115 -> 122; stat MP5: 38 -> 40; stat SpellHaste: 60 -> 64; stat MeleeHaste: 60 -> 64; stat Armor: 1150 -> 1180,,,sold by  (0) in zone 4395
45846,Leggings of Wavering Shadow,classic,226,232,vendor: ,,ilvl: 226 -> 232; stat Agility: 98 -> 104; stat Stamina: 112 -> 119; stat SpellHit: 68 -> 72; stat SpellHaste: 75 -> 80; stat AttackPower: 136 -> 145; stat MeleeHit: 68 -> 72; stat MeleeHaste: 75 -> 80; stat Armor: 517 -> 530; stat RangedAttackPower: 136 -> 145,,,sold by  (0) in zone 4395
45847,Wildstrider Legguards,classic,226,232,vendor: ,,ilvl: 226 -> 232; stat Stamina: 85 -> 90; stat Intellect: 86 -> 91; stat Spirit: 68 -> 72; stat SpellPower: 115 -> 122; stat SpellCrit: 67 -> 71; stat MeleeCrit: 67 -> 71; stat Armor: 517 -> 530,,,sold by  (0) in zone 4395
45848,Legwraps of the Master Conjurer,classic,226,232,vendor: ,,ilvl: 226 -> 232; stat Stamina: 99 -> 105; stat Intellect: 81 -> 86; stat Spirit: 68 -> 72; stat SpellPower: 115 -> 122; stat SpellCrit: 67 -> 71; stat MeleeCrit: 67 -> 71; stat Armor: 275 -> 282,,,sold by  (0) in zone 4395
45864,Cover of the Keepers,classic,219,225,Utgarde Pinnacle,TitanRuneBeta,ilvl: 219 -> 225; stat Stamina: 90 -> 96; stat Intellect: 65 -> 69; stat Spirit: 45 -> 48; stat SpellPower: 105 -> 112; stat SpellHaste: 73 -> 78; stat MeleeHaste: 73 -> 78; stat Armor: 475 -> 488,,,drop Utgarde Pinnacle TitanRuneBeta (Skadi the Ruthless)
45865,Raiments of the Corrupted,classic,219,225,The Nexus,TitanRuneBeta,ilvl: 219 -> 225; stat Stamina: 105 -> 111; stat Intellect: 62 -> 66; stat SpellPower: 117 -> 124; stat SpellHit: 76 -> 81; stat SpellCrit: 61 -> 65; stat MeleeHit: 76 -> 81; stat MeleeCrit: 61 -> 65; stat Armor: 311 -> 319,,,drop The Nexus TitanRuneBeta (Grand Magus Telestra)
45866,Elemental Focus Stone,classic,219,225,Utgarde Pinnacle,TitanRuneBeta,ilvl: 219 -> 225; stat SpellHit: 108 -> 114; stat MeleeHit: 108 -> 114,,,drop Utgarde Pinnacle TitanRuneBeta (King Ymiron)
45867,Breastplate of the Stoneshaper,classic,226,239,Ulduar,Raid10,ilvl: 226 -> 239; stat Stamina: 99 -> 113; stat Intellect: 81 -> 92; stat SpellPower: 114 -> 130; stat SpellCrit: 70 -> 80; stat SpellHaste: 57 -> 65; stat MeleeCrit: 70 -> 80; stat MeleeHaste: 57 -> 65; stat Armor: 1314 -> 1388,,,sold by Animated Constellation (207128) in zone 4395 | drop Ulduar Raid10 (XT-002 Deconstructor) [Hard Mode]
45868,Aesir's Edge,classic,232,245,Ulduar,Raid10,ilvl: 232 -> 245; stat Strength: 113 -> 129; stat Stamina: 141 -> 161; stat SpellCrit: 81 -> 92; stat MeleeCrit: 81 -> 92; stat ArmorPenetration: 64 -> 73; weapon damage min: 670 -> 736; weapon damage max: 1005 -> 1104,,,sold by Animated Constellation (207128) in zone 4395 | drop Ulduar Raid10 (XT-002 Deconstructor) [Hard Mode]
45869,Fluxing Energy Coils,classic,226,239,Ulduar,Raid10,ilvl: 226 -> 239; stat Agility: 63 -> 71; stat Stamina: 54 -> 61; stat SpellHit: 46 -> 52; stat AttackPower: 72 -> 82; stat MeleeHit: 46 -> 52; stat ArmorPenetration: 30 -> 34; stat Armor: 259 -> 274; stat RangedAttackPower: 72 -> 82,,,sold by Animated Constellation (207128) in zone 4395 | drop Ulduar Raid10 (XT-002 Deconstructor) [Hard Mode]
45870,Magnetized Projectile Emitter,classic,232,245,Ulduar,Raid10,ilvl: 232 -> 245; stat Agility: 29 -> 33; stat Stamina: 30 -> 34; stat SpellHit: 27 -> 31; stat AttackPower: 66 -> 75; stat MeleeHit: 27 -> 31; stat RangedAttackPower: 66 -> 75; weapon damage min: 415 -> 468; weapon damage max: 707 -> 803,,,sold by Animated Constellation (207128) in zone 4395 | drop Ulduar Raid10 (XT-002 Deconstructor) [Hard Mode]
45871,Seal of Ulduar,classic,226,239,Ulduar,Raid10,ilvl: 226 -> 239; stat Strength: 40 -> 45; stat Stamina: 72 -> 82; stat Expertise: 22 -> 25; stat Parry: 35 -> 40; stat BonusArmor: 448 -> 473,,,sold by Animated Constellation (207128) in zone 4395 | drop Ulduar Raid10 (XT-002 Deconstructor) [Hard Mode]
45872,Avalanche,classic,219,225,The Oculus,TitanRuneBeta,ilvl: 219 -> 225; stat Agility: 26 -> 27; stat Stamina: 39 -> 41; stat SpellHit: 16 -> 17; stat AttackPower: 66 -> 70; stat MeleeHit: 16 -> 17; stat ArmorPenetration: 17 -> 18; stat RangedAttackPower: 66 -> 70; weapon damage min: 299 -> 357; weapon damage max: 556 -> 664,,,drop The Oculus TitanRuneBeta (Ley-Guardian Eregos)
45873,Winter's Frigid Embrace,classic,219,225,The Oculus,TitanRuneBeta,ilvl: 219 -> 225; stat Agility: 60 -> 63; stat Stamina: 51 -> 54; stat SpellCrit: 43 -> 45; stat SpellHaste: 29 -> 31; stat AttackPower: 92 -> 97; stat MeleeCrit: 43 -> 45; stat MeleeHaste: 29 -> 31; stat Armor: 155 -> 159; stat RangedAttackPower: 92 -> 97,,,drop The Oculus TitanRuneBeta (Ley-Guardian Eregos)
45874,Signet of Winter,classic,219,225,Azjol-Nerub,TitanRuneBeta,ilvl: 219 -> 225; stat Strength: 60 -> 63; stat Stamina: 89 -> 94; stat Dodge: 43 -> 45; stat Parry: 34 -> 36; stat BonusArmor: 448 -> 460,,,drop Azjol-Nerub TitanRuneBeta (Krik'thir the Gatewatcher)
45876,Shiver,classic,232,245,Ulduar,Raid10,ilvl: 232 -> 245; stat Strength: 36 -> 41; stat Stamina: 78 -> 88; stat SpellHit: 23 -> 26; stat MeleeHit: 23 -> 26; stat Defense: 27 -> 31; stat Parry: 33 -> 37; weapon damage min: 200 -> 220; weapon damage max: 372 -> 409,,,sold by Animated Constellation (207128) in zone 4395 | drop Ulduar Raid10 (Hodir) [Hard Mode]
45877,The Boreal Guard,classic,232,245,Ulduar,Raid10,ilvl: 232 -> 245; stat Strength: 39 -> 44; stat Stamina: 92 -> 105; stat Armor: 7960 -> 8398; stat Defense: 35 -> 40; stat Block: 33 -> 38; stat BlockValue: 223 -> 232; stat Parry: 37 -> 42,,,sold by Animated Constellation (207128) in zone 4395 | drop Ulduar Raid10 (Hodir) [Hard Mode]
45886,Icecore Staff,classic,232,245,Ulduar,Raid10,ilvl: 232 -> 245; stat Stamina: 111 -> 126; stat Intellect: 112 -> 128; stat Spirit: 84 -> 96; stat SpellPower: 550 -> 626; stat SpellHaste: 93 -> 106; stat MeleeHaste: 93 -> 106; weapon damage min: 231 -> 270; weapon damage max: 427 -> 485,,,sold by Animated Constellation (207128) in zone 4395 | drop Ulduar Raid10 (Hodir) [Hard Mode]
45887,Ice Layered Barrier,classic,232,245,Ulduar,Raid10,ilvl: 232 -> 245; stat Stamina: 50 -> 56; stat Intellect: 52 -> 59; stat SpellPower: 78 -> 88; stat MP5: 20 -> 23; stat SpellHaste: 48 -> 54; stat MeleeHaste: 48 -> 54; stat Armor: 7960 -> 8398; stat BlockValue: 223 -> 232,,,sold by Animated Constellation (207128) in zone 4395 | drop Ulduar Raid10 (Hodir) [Hard Mode]
45888,Bitter Cold Armguards,classic,226,239,Ulduar,Raid10,ilvl: 226 -> 239; stat Strength: 64 -> 73; stat Stamina: 72 -> 82; stat SpellCrit: 42 -> 48; stat MeleeCrit: 42 -> 48; stat ArmorPenetration: 34 -> 39; stat Armor: 1027 -> 1085,,,sold by Animated Constellation (207128) in zone 4395 | drop Ulduar Raid10 (Hodir) [Hard Mode]
45892,Legacy of Thunder,classic,219,225,Halls of Stone,TitanRuneBeta,ilvl: 219 -> 225; stat Strength: 35 -> 37; stat Stamina: 69 -> 73; stat Expertise: 23 -> 24; stat Defense: 26 -> 27; stat Dodge: 34 -> 36; weapon damage min: 194 -> 202; weapon damage max: 361 -> 376,,,drop Halls of Stone TitanRuneBeta (Krystallus)
45893,Guise of the Midgard Serpent,classic,219,225,Gundrak,TitanRuneBeta,ilvl: 219 -> 225; stat Agility: 101 -> 107; stat Stamina: 77 -> 82; stat SpellCrit: 60 -> 64; stat AttackPower: 146 -> 155; stat MeleeCrit: 60 -> 64; stat Expertise: 53 -> 56; stat Armor: 475 -> 488; stat RangedAttackPower: 146 -> 155,,,drop Gundrak TitanRuneBeta (Gal'darah)
45894,Leggings of Unstable Discharge,classic,219,225,Halls of Stone,TitanRuneBeta,ilvl: 219 -> 225; stat Stamina: 107 -> 113; stat Intellect: 81 -> 86; stat Spirit: 53 -> 56; stat SpellPower: 124 -> 131; stat SpellCrit: 70 -> 74; stat MeleeCrit: 70 -> 74; stat Armor: 272 -> 279,,,drop Halls of Stone TitanRuneBeta (The Tribunal of Ages)
45895,Belt of the Blood Pit,classic,219,225,no source,,ilvl: 219 -> 225; stat Agility: 53 -> 56; stat Stamina: 67 -> 71; stat Intellect: 45 -> 48; stat SpellHaste: 41 -> 43; stat AttackPower: 158 -> 167; stat MeleeHaste: 41 -> 43; stat ArmorPenetration: 36 -> 38; stat Armor: 731 -> 751; stat RangedAttackPower: 158 -> 167,,,
45927,Handwraps of Resonance,classic,219,225,Halls of Stone,TitanRuneBeta,ilvl: 219 -> 225; stat Stamina: 59 -> 62; stat Intellect: 60 -> 63; stat Spirit: 53 -> 56; stat SpellPower: 99 -> 105; stat SpellCrit: 52 -> 55; stat MeleeCrit: 52 -> 55; stat Armor: 194 -> 199,,,drop Halls of Stone TitanRuneBeta (Krystallus)
45928,Gauntlets of the Thunder God,classic,226,239,Ulduar,Raid10,ilvl: 226 -> 239; stat Stamina: 51 -> 58; stat Intellect: 56 -> 64; stat SpellPower: 99 -> 113; stat SpellCrit: 41 -> 47; stat SpellHaste: 54 -> 61; stat MeleeCrit: 41 -> 47; stat MeleeHaste: 54 -> 61; stat Armor: 1467 -> 1550,,,sold by Animated Constellation (207128) in zone 4395 | drop Ulduar Raid10 (Thorim) [Hard Mode]
45929,Sif's Remembrance,classic,226,239,Ulduar,Raid10,ilvl: 226 -> 239; stat SpellPower: 110 -> 124,,,sold by Animated Constellation (207128) in zone 4395 | drop Ulduar Raid10 (Thorim) [Hard Mode]
45930,Combatant's Bootblade,classic,232,245,Ulduar,Raid10,ilvl: 232 -> 245; stat Agility: 44 -> 50; stat Stamina: 40 -> 45; stat SpellCrit: 32 -> 36; stat SpellHaste: 34 -> 39; stat AttackPower: 74 -> 84; stat MeleeCrit: 32 -> 36; stat MeleeHaste: 34 -> 39; stat RangedAttackPower: 74 -> 84; weapon damage min: 200 -> 220; weapon damage max: 301 -> 331,,,sold by Animated Constellation (207128) in zone 4395 | drop Ulduar Raid10 (Thorim) [Hard Mode]
45931,Mjolnir Runestone,classic,226,239,Ulduar,Raid10,ilvl: 226 -> 239; stat SpellCrit: 102 -> 115; stat MeleeCrit: 102 -> 115,,,sold by Animated Constellation (207128) in zone 4395 | drop Ulduar Raid10 (Thorim) [Hard Mode]
45933,Pendant of the Shallow Grave,classic,226,239,Ulduar,Raid10,ilvl: 226 -> 239; stat Stamina: 45 -> 51; stat Intellect: 43 -> 49; stat SpellPower: 74 -> 84; stat SpellCrit: 41 -> 46; stat SpellHaste: 31 -> 35; stat MeleeCrit: 41 -> 46; stat MeleeHaste: 31 -> 35,,,sold by Animated Constellation (207128) in zone 4395 | drop Ulduar Raid10 (Thorim) [Hard Mode]
45934,Unraveling Reach,classic,219,225,no source,,ilvl: 219 -> 225; stat Stamina: 93 -> 98; stat Intellect: 76 -> 80; stat Spirit: 93 -> 98; stat SpellPower: 487 -> 515; stat SpellHit: 114 -> 121; stat MeleeHit: 114 -> 121; weapon damage min: 211 -> 226; weapon damage max: 390 -> 413,,,
45935,Ironbark Faceguard,classic,219,225,no source,,ilvl: 219 -> 225; stat Strength: 66 -> 70; stat Stamina: 135 -> 143; stat Expertise: 62 -> 66; stat Armor: 1886 -> 1937; stat Defense: 62 -> 66; stat Dodge: 54 -> 57,,,
45936,Legplates of Flourishing Resolve,classic,219,225,no source,,ilvl: 219 -> 225; stat Stamina: 107 -> 113; stat Intellect: 81 -> 86; stat SpellPower: 124 -> 131; stat MP5: 33 -> 35; stat SpellCrit: 43 -> 46; stat MeleeCrit: 43 -> 46; stat Armor: 2032 -> 2086,,,
45937,Furious Gladiator's Shotgun,classic,239,252,no source,,ilvl: 239 -> 252; stat Stamina: 60 -> 68; stat SpellCrit: 27 -> 30; stat AttackPower: 82 -> 93; stat MeleeCrit: 27 -> 30; stat RangedAttackPower: 82 -> 93; stat Resilience: 26 -> 29; weapon damage min: 499 -> 556; weapon damage max: 703 -> 788,,,
45938,Furious Gladiator's Recurve,classic,239,252,no source,,ilvl: 239 -> 252; stat Stamina: 60 -> 68; stat SpellCrit: 27 -> 30; stat AttackPower: 82 -> 93; stat MeleeCrit: 27 -> 30; stat RangedAttackPower: 82 -> 93; stat Resilience: 26 -> 29; weapon damage min: 499 -> 556; weapon damage max: 703 -> 788,,,
45939,Furious Gladiator's Repeater,classic,239,252,no source,,ilvl: 239 -> 252; stat Stamina: 60 -> 68; stat SpellCrit: 27 -> 30; stat AttackPower: 82 -> 93; stat MeleeCrit: 27 -> 30; stat RangedAttackPower: 82 -> 93; stat Resilience: 26 -> 29; weapon damage min: 499 -> 556; weapon damage max: 703 -> 788,,,
45940,Tunic of the Limber Stalker,classic,219,225,no source,,ilvl: 219 -> 225; stat Agility: 106 -> 112; stat Stamina: 114 -> 121; stat SpellHit: 61 -> 65; stat SpellCrit: 63 -> 67; stat AttackPower: 120 -> 127; stat MeleeHit: 61 -> 65; stat MeleeCrit: 63 -> 67; stat Armor: 585 -> 601; stat RangedAttackPower: 120 -> 127,,,
45941,Chestguard of the Lasher,classic,219,225,no source,,ilvl: 219 -> 225; stat Agility: 76 -> 80; stat Stamina: 93 -> 98; stat Intellect: 56 -> 59; stat SpellHit: 48 -> 51; stat SpellHaste: 60 -> 63; stat AttackPower: 212 -> 224; stat MeleeHit: 48 -> 51; stat MeleeHaste: 60 -> 63; stat Armor: 1299 -> 1334; stat RangedAttackPower: 212 -> 224,,,
45943,Gloves of Whispering Winds,classic,226,239,Ulduar,Raid10,ilvl: 226 -> 239; stat Stamina: 74 -> 84; stat Intellect: 62 -> 70; stat SpellPower: 100 -> 113; stat SpellCrit: 50 -> 57; stat SpellHaste: 43 -> 49; stat MeleeCrit: 50 -> 57; stat MeleeHaste: 43 -> 49; stat Armor: 821 -> 867,,,sold by Animated Constellation (207128) in zone 4395 | drop Ulduar Raid10 (Freya) [Hard Mode]
45945,Seed of Budding Carnage,classic,226,239,Ulduar,Raid10,ilvl: 226 -> 239; stat Agility: 57 -> 65; stat Stamina: 54 -> 61; stat SpellHit: 32 -> 36; stat AttackPower: 92 -> 104; stat MeleeHit: 32 -> 36; stat ArmorPenetration: 38 -> 43; stat RangedAttackPower: 92 -> 104,,,sold by Animated Constellation (207128) in zone 4395 | drop Ulduar Raid10 (Freya) [Hard Mode]
45946,Fire Orchid Signet,classic,226,239,Ulduar,Raid10,ilvl: 226 -> 239; stat Stamina: 47 -> 53; stat Intellect: 49 -> 56; stat SpellPower: 74 -> 84; stat MP5: 19 -> 22; stat SpellHaste: 30 -> 34; stat MeleeHaste: 30 -> 34,,,sold by Animated Constellation (207128) in zone 4395 | drop Ulduar Raid10 (Freya) [Hard Mode]
45947,"Serilas, Blood Blade of Invar One-Arm",classic,232,245,Ulduar,Raid10,ilvl: 232 -> 245; stat Agility: 52 -> 59; stat Stamina: 34 -> 39; stat SpellHit: 32 -> 36; stat AttackPower: 72 -> 82; stat MeleeHit: 32 -> 36; stat Expertise: 26 -> 29; stat RangedAttackPower: 72 -> 82; weapon damage min: 325 -> 357; weapon damage max: 605 -> 665,,,sold by Animated Constellation (207128) in zone 4395 | drop Ulduar Raid10 (Freya) [Hard Mode]
45948,Furious Gladiator's Sunderer,classic,239,252,no source,,ilvl: 239 -> 252; stat Stamina: 192 -> 219; stat SpellCrit: 70 -> 80; stat AttackPower: 224 -> 255; stat MeleeCrit: 70 -> 80; stat RangedAttackPower: 224 -> 255; stat Resilience: 85 -> 97; weapon damage min: 704 -> 775; weapon damage max: 1057 -> 1163,,,
45949,Furious Gladiator's Crusher,classic,239,252,no source,,ilvl: 239 -> 252; stat Stamina: 192 -> 219; stat SpellCrit: 70 -> 80; stat AttackPower: 224 -> 255; stat MeleeCrit: 70 -> 80; stat RangedAttackPower: 224 -> 255; stat Resilience: 85 -> 97; weapon damage min: 704 -> 775; weapon damage max: 1057 -> 1163,,,
45950,Furious Gladiator's Claymore,classic,239,252,no source,,ilvl: 239 -> 252; stat Stamina: 192 -> 219; stat SpellCrit: 70 -> 80; stat AttackPower: 224 -> 255; stat MeleeCrit: 70 -> 80; stat RangedAttackPower: 224 -> 255; stat Resilience: 85 -> 97; weapon damage min: 704 -> 775; weapon damage max: 1057 -> 1163,,,
45951,Furious Gladiator's Halberd,classic,239,252,no source,,ilvl: 239 -> 252; stat Stamina: 192 -> 219; stat SpellCrit: 70 -> 80; stat AttackPower: 224 -> 255; stat MeleeCrit: 70 -> 80; stat RangedAttackPower: 224 -> 255; stat Resilience: 85 -> 97; weapon damage min: 704 -> 775; weapon damage max: 1057 -> 1163,,,
45952,Furious Gladiator's Greatstaff,classic,239,252,no source,,ilvl: 239 -> 252; stat Agility: 112 -> 128; stat Stamina: 192 -> 219; stat SpellCrit: 70 -> 80; stat MeleeCrit: 70 -> 80; stat Resilience: 85 -> 97; weapon damage min: 391 -> 430; weapon damage max: 587 -> 646,,,
45953,Furious Gladiator's Combat Staff,classic,239,252,no source,,ilvl: 239 -> 252; stat Stamina: 186 -> 212; stat Intellect: 82 -> 93; stat SpellPower: 587 -> 668; stat SpellHaste: 92 -> 105; stat MeleeHaste: 92 -> 105; stat Resilience: 92 -> 105; weapon damage min: 232 -> 271; weapon damage max: 428 -> 487,,,
45954,Furious Gladiator's Acute Staff,classic,239,252,no source,,ilvl: 239 -> 252; stat Stamina: 186 -> 212; stat Intellect: 82 -> 93; stat SpellPower: 587 -> 668; stat SpellHit: 92 -> 105; stat MeleeHit: 92 -> 105; stat Resilience: 92 -> 105; weapon damage min: 232 -> 271; weapon damage max: 428 -> 487,,,
45955,Furious Gladiator's Skirmish Staff,classic,239,252,no source,,ilvl: 239 -> 252; stat Stamina: 186 -> 212; stat Intellect: 82 -> 93; stat SpellPower: 587 -> 668; stat SpellCrit: 92 -> 105; stat MeleeCrit: 92 -> 105; stat Resilience: 92 -> 105; weapon damage min: 232 -> 271; weapon damage max: 428 -> 487,,,
45956,Furious Gladiator's Light Staff,classic,239,252,no source,,ilvl: 239 -> 252; stat Stamina: 186 -> 212; stat Intellect: 82 -> 93; stat Spirit: 92 -> 105; stat SpellPower: 587 -> 668; stat Resilience: 92 -> 105; weapon damage min: 232 -> 271; weapon damage max: 428 -> 487,,,
45957,Furious Gladiator's Handaxe,classic,239,252,no source,,ilvl: 239 -> 252; stat Stamina: 82 -> 93; stat SpellCrit: 29 -> 33; stat AttackPower: 94 -> 107; stat MeleeCrit: 29 -> 33; stat RangedAttackPower: 94 -> 107; stat Resilience: 36 -> 41; weapon damage min: 342 -> 376; weapon damage max: 636 -> 700,,,
45958,Furious Gladiator's Spike,classic,239,252,no source,,ilvl: 239 -> 252; stat Stamina: 82 -> 93; stat SpellCrit: 29 -> 33; stat AttackPower: 94 -> 107; stat MeleeCrit: 29 -> 33; stat RangedAttackPower: 94 -> 107; stat Resilience: 36 -> 41; weapon damage min: 271 -> 298; weapon damage max: 407 -> 448,,,
45959,Furious Gladiator's Truncheon,classic,239,252,no source,,ilvl: 239 -> 252; stat Stamina: 82 -> 93; stat SpellCrit: 29 -> 33; stat AttackPower: 94 -> 107; stat MeleeCrit: 29 -> 33; stat RangedAttackPower: 94 -> 107; stat Resilience: 36 -> 41; weapon damage min: 342 -> 376; weapon damage max: 636 -> 700,,,
45960,Furious Gladiator's Longblade,classic,239,252,no source,,ilvl: 239 -> 252; stat Stamina: 82 -> 93; stat SpellCrit: 29 -> 33; stat AttackPower: 94 -> 107; stat MeleeCrit: 29 -> 33; stat RangedAttackPower: 94 -> 107; stat Resilience: 36 -> 41; weapon damage min: 391 -> 430; weapon damage max: 587 -> 646,,,
45961,Furious Gladiator's Dicer,classic,239,252,no source,,ilvl: 239 -> 252; stat Stamina: 82 -> 93; stat SpellCrit: 29 -> 33; stat AttackPower: 94 -> 107; stat MeleeCrit: 29 -> 33; stat RangedAttackPower: 94 -> 107; stat Resilience: 36 -> 41; weapon damage min: 197 -> 217; weapon damage max: 367 -> 404,,,
45962,Furious Gladiator's Dirk,classic,239,252,no source,,ilvl: 239 -> 252; stat Stamina: 82 -> 93; stat SpellCrit: 29 -> 33; stat AttackPower: 94 -> 107; stat MeleeCrit: 29 -> 33; stat RangedAttackPower: 94 -> 107; stat Resilience: 36 -> 41; weapon damage min: 184 -> 202; weapon damage max: 343 -> 377,,,
45963,Furious Gladiator's Left Razor,classic,239,252,no source,,ilvl: 239 -> 252; stat Stamina: 82 -> 93; stat SpellCrit: 29 -> 33; stat AttackPower: 94 -> 107; stat MeleeCrit: 29 -> 33; stat RangedAttackPower: 94 -> 107; stat Resilience: 36 -> 41; weapon damage min: 197 -> 217; weapon damage max: 367 -> 404,,,
45964,Furious Gladiator's Punisher,classic,239,252,no source,,ilvl: 239 -> 252; stat Stamina: 82 -> 93; stat SpellCrit: 29 -> 33; stat AttackPower: 94 -> 107; stat MeleeCrit: 29 -> 33; stat RangedAttackPower: 94 -> 107; stat Resilience: 36 -> 41; weapon damage min: 197 -> 217; weapon damage max: 367 -> 404,,,
45965,Furious Gladiator's Swiftblade,classic,239,252,no source,,ilvl: 239 -> 252; stat Stamina: 82 -> 93; stat SpellCrit: 29 -> 33; stat AttackPower: 94 -> 107; stat MeleeCrit: 29 -> 33; stat RangedAttackPower: 94 -> 107; stat Resilience: 36 -> 41; weapon damage min: 197 -> 217; weapon damage max: 367 -> 404,,,
45966,Furious Gladiator's Splitter,classic,239,252,no source,,ilvl: 239 -> 252; stat Stamina: 82 -> 93; stat SpellCrit: 29 -> 33; stat AttackPower: 94 -> 107; stat MeleeCrit: 29 -> 33; stat RangedAttackPower: 94 -> 107; stat Resilience: 36 -> 41; weapon damage min: 342 -> 376; weapon damage max: 636 -> 700,,,
45967,Furious Gladiator's Eviscerator,classic,239,252,no source,,ilvl: 239 -> 252; stat Stamina: 82 -> 93; stat SpellCrit: 29 -> 33; stat AttackPower: 94 -> 107; stat MeleeCrit: 29 -> 33; stat RangedAttackPower: 94 -> 107; stat Resilience: 36 -> 41; weapon damage min: 237 -> 261; weapon damage max: 441 -> 485,,,
45968,Furious Gladiator's Left Claw,classic,239,252,no source,,ilvl: 239 -> 252; stat Stamina: 82 -> 93; stat SpellCrit: 29 -> 33; stat AttackPower: 94 -> 107; stat MeleeCrit: 29 -> 33; stat RangedAttackPower: 94 -> 107; stat Resilience: 36 -> 41; weapon damage min: 342 -> 376; weapon damage max: 636 -> 700,,,
45969,Furious Gladiator's Grasp,classic,239,252,no source,,ilvl: 239 -> 252; stat Stamina: 82 -> 93; stat SpellCrit: 29 -> 33; stat AttackPower: 94 -> 107; stat MeleeCrit: 29 -> 33; stat RangedAttackPower: 94 -> 107; stat Resilience: 36 -> 41; weapon damage min: 342 -> 376; weapon damage max: 636 -> 700,,,
45970,Furious Gladiator's Mageblade,classic,239,252,no source,,ilvl: 239 -> 252; stat Stamina: 70 -> 79; stat Intellect: 46 -> 52; stat SpellPower: 587 -> 666; stat SpellCrit: 39 -> 44; stat MeleeCrit: 39 -> 44; stat Resilience: 38 -> 43; weapon damage min: 83 -> 91; weapon damage max: 265 -> 291,,,
45971,Furious Gladiator's Salvation,classic,239,252,no source,,ilvl: 239 -> 252; stat Stamina: 70 -> 79; stat Intellect: 46 -> 52; stat SpellPower: 587 -> 666; stat MP5: 20 -> 23; stat Resilience: 38 -> 43; weapon damage min: 83 -> 91; weapon damage max: 265 -> 291,,,
45972,Pulse Baton,classic,219,225,no source,,ilvl: 219 -> 225; stat Stamina: 44 -> 47; stat Intellect: 36 -> 38; stat SpellPower: 487 -> 515; stat MP5: 19 -> 20; stat SpellCrit: 46 -> 49; stat MeleeCrit: 46 -> 49; weapon damage min: 81 -> 84; weapon damage max: 258 -> 268,,,
45973,Stylish Power Cape,classic,219,225,Gundrak,TitanRuneBeta,ilvl: 219 -> 225; stat Strength: 68 -> 72; stat Stamina: 67 -> 71; stat SpellCrit: 35 -> 37; stat MeleeCrit: 35 -> 37; stat ArmorPenetration: 43 -> 45; stat Armor: 155 -> 159,,,drop Gundrak TitanRuneBeta (Slad'ran)
45974,Shoulderguards of Assimilation,classic,219,225,no source,,ilvl: 219 -> 225; stat Stamina: 78 -> 82; stat Intellect: 53 -> 56; stat Spirit: 46 -> 49; stat SpellPower: 91 -> 96; stat SpellHaste: 57 -> 60; stat MeleeHaste: 57 -> 60; stat Armor: 438 -> 450,,,
45975,Cable of the Metrognome,classic,219,225,Drak'Tharon Keep,TitanRuneBeta,ilvl: 219 -> 225; stat Stamina: 69 -> 73; stat Intellect: 57 -> 60; stat SpellPower: 92 -> 97; stat MP5: 28 -> 30; stat SpellHaste: 49 -> 52; stat MeleeHaste: 49 -> 52; stat Armor: 1306 -> 1341,,,drop Drak'Tharon Keep TitanRuneBeta (King Dred)
45976,Static Charge Handwraps,classic,219,225,Gundrak,TitanRuneBeta,ilvl: 219 -> 225; stat Stamina: 68 -> 72; stat Intellect: 56 -> 59; stat Spirit: 39 -> 41; stat SpellPower: 92 -> 97; stat SpellHit: 60 -> 63; stat MeleeHit: 60 -> 63; stat Armor: 194 -> 199,,,drop Gundrak TitanRuneBeta (Slad'ran)
45982,Fused Alloy Legplates,classic,226,239,Ulduar,Raid10,ilvl: 226 -> 239; stat Strength: 113 -> 129; stat Stamina: 129 -> 147; stat SpellHit: 76 -> 87; stat SpellCrit: 60 -> 68; stat MeleeHit: 76 -> 87; stat MeleeCrit: 60 -> 68; stat Armor: 2054 -> 2170,,,sold by Animated Constellation (207128) in zone 4395 | drop Ulduar Raid10 (Mimiron) [Hard Mode]
45988,Greaves of the Iron Army,classic,226,239,Ulduar,Raid10,ilvl: 226 -> 239; stat Strength: 55 -> 63; stat Stamina: 102 -> 116; stat Expertise: 43 -> 49; stat Armor: 1614 -> 1705; stat Defense: 50 -> 57; stat Parry: 57 -> 65,,,sold by Animated Constellation (207128) in zone 4395 | drop Ulduar Raid10 (Mimiron) [Hard Mode]
45989,Tempered Mercury Greaves,classic,226,239,Ulduar,Raid10,ilvl: 226 -> 239; stat Agility: 57 -> 65; stat Stamina: 66 -> 75; stat Intellect: 40 -> 46; stat SpellHit: 48 -> 55; stat SpellCrit: 38 -> 43; stat AttackPower: 138 -> 157; stat MeleeHit: 48 -> 55; stat MeleeCrit: 38 -> 43; stat Armor: 903 -> 954; stat RangedAttackPower: 138 -> 157,,,sold by Animated Constellation (207128) in zone 4395 | drop Ulduar Raid10 (Mimiron) [Hard Mode]
45990,Fusion Blade,classic,232,245,Ulduar,Raid10,ilvl: 232 -> 245; stat Stamina: 51 -> 58; stat Intellect: 36 -> 41; stat SpellPower: 550 -> 624; stat SpellHit: 52 -> 59; stat SpellCrit: 37 -> 42; stat MeleeHit: 52 -> 59; stat MeleeCrit: 37 -> 42; weapon damage min: 94 -> 97; weapon damage max: 288 -> 310,,,sold by Animated Constellation (207128) in zone 4395 | drop Ulduar Raid10 (Mimiron) [Hard Mode]
45993,Mimiron's Flight Goggles,classic,226,239,Ulduar,Raid10,ilvl: 226 -> 239; stat Agility: 97 -> 110; stat Stamina: 90 -> 102; stat SpellCrit: 60 -> 68; stat SpellHaste: 66 -> 75; stat AttackPower: 164 -> 187; stat MeleeCrit: 60 -> 68; stat MeleeHaste: 66 -> 75; stat Armor: 480 -> 507; stat RangedAttackPower: 164 -> 187,,,sold by Animated Constellation (207128) in zone 4395 | drop Ulduar Raid10 (Mimiron) [Hard Mode]
45996,Hoperender,classic,219,225,The Oculus,TitanRuneBeta,ilvl: 219 -> 225; stat Agility: 106 -> 112; stat Stamina: 86 -> 91; stat SpellHit: 62 -> 66; stat AttackPower: 138 -> 146; stat MeleeHit: 62 -> 66; stat ArmorPenetration: 78 -> 83; stat RangedAttackPower: 138 -> 146; weapon damage min: 594 -> 619; weapon damage max: 892 -> 930,,,drop The Oculus TitanRuneBeta (Drakos the Interrogator)
45997,Gauntlets of the Wretched,classic,219,225,The Oculus,TitanRuneBeta,ilvl: 219 -> 225; stat Strength: 91 -> 96; stat Stamina: 90 -> 95; stat SpellHit: 39 -> 41; stat MeleeHit: 39 -> 41; stat ArmorPenetration: 60 -> 63; stat Armor: 1451 -> 1490,,,drop The Oculus TitanRuneBeta (Drakos the Interrogator)
46008,Choker of the Abyss,classic,219,225,The Violet Hold,TitanRuneBeta,ilvl: 219 -> 225; stat Agility: 60 -> 63; stat Stamina: 51 -> 54; stat SpellCrit: 46 -> 49; stat SpellHaste: 43 -> 45; stat AttackPower: 54 -> 57; stat MeleeCrit: 46 -> 49; stat MeleeHaste: 43 -> 45; stat RangedAttackPower: 54 -> 57,,,drop The Violet Hold TitanRuneBeta (Cyanigosa)
46009,Bindings of the Depths,classic,219,225,The Violet Hold,TitanRuneBeta,ilvl: 219 -> 225; stat Stamina: 44 -> 47; stat Intellect: 43 -> 45; stat Spirit: 34 -> 36; stat SpellPower: 70 -> 74; stat SpellCrit: 46 -> 49; stat MeleeCrit: 46 -> 49; stat Armor: 256 -> 263,,,drop The Violet Hold TitanRuneBeta (Cyanigosa)
46010,Darkstone Ring,classic,219,225,The Violet Hold,TitanRuneBeta,ilvl: 219 -> 225; stat Strength: 68 -> 72; stat Stamina: 67 -> 71; stat SpellHit: 40 -> 42; stat SpellCrit: 40 -> 42; stat MeleeHit: 40 -> 42; stat MeleeCrit: 40 -> 42,,,drop The Violet Hold TitanRuneBeta (Cyanigosa)
46011,Shadowbite,classic,219,225,The Oculus,TitanRuneBeta,ilvl: 219 -> 225; stat Agility: 45 -> 48; stat Stamina: 34 -> 36; stat SpellHit: 35 -> 37; stat AttackPower: 60 -> 63; stat MeleeHit: 35 -> 37; stat Expertise: 31 -> 33; stat RangedAttackPower: 60 -> 63; weapon damage min: 235 -> 245; weapon damage max: 353 -> 368,,,drop The Oculus TitanRuneBeta (Mage-Lord Urom)
46012,Vestments of the Piercing Light,classic,219,225,The Oculus,TitanRuneBeta,ilvl: 219 -> 225; stat Stamina: 80 -> 85; stat Intellect: 81 -> 86; stat Spirit: 76 -> 80; stat SpellPower: 124 -> 131; stat SpellCrit: 62 -> 66; stat MeleeCrit: 62 -> 66; stat Armor: 311 -> 319,,,drop The Oculus TitanRuneBeta (Ley-Guardian Eregos)
46013,Underworld Mantle,classic,219,225,The Oculus,TitanRuneBeta,ilvl: 219 -> 225; stat Stamina: 58 -> 61; stat Intellect: 60 -> 64; stat Spirit: 46 -> 49; stat SpellPower: 92 -> 98; stat SpellHaste: 40 -> 42; stat MeleeHaste: 40 -> 42; stat Armor: 233 -> 239,,,drop The Oculus TitanRuneBeta (Mage-Lord Urom)
46014,Saronite Animus Cloak,classic,219,225,The Oculus,TitanRuneBeta,ilvl: 219 -> 225; stat Strength: 43 -> 45; stat Stamina: 88 -> 93; stat SpellHit: 35 -> 37; stat MeleeHit: 35 -> 37; stat Armor: 155 -> 159; stat Defense: 46 -> 49; stat Parry: 29 -> 31,,,drop The Oculus TitanRuneBeta (Varos Cloudstrider)
46015,Pendant of Endless Despair,classic,219,225,The Oculus,TitanRuneBeta,ilvl: 219 -> 225; stat Stamina: 58 -> 61; stat Intellect: 40 -> 42; stat SpellPower: 70 -> 74; stat MP5: 23 -> 24; stat SpellCrit: 29 -> 31; stat MeleeCrit: 29 -> 31,,,drop The Oculus TitanRuneBeta (Varos Cloudstrider)
46016,Abaddon,classic,219,225,The Culling of Stratholme,TitanRuneBeta,ilvl: 219 -> 225; stat Strength: 106 -> 112; stat Stamina: 159 -> 168; stat SpellHit: 62 -> 66; stat MeleeHit: 62 -> 66; stat ArmorPenetration: 76 -> 80; weapon damage min: 577 -> 602; weapon damage max: 866 -> 903,,,drop The Culling of Stratholme TitanRuneBeta (Mal'Ganis)
46017,"Val'anyr, Hammer of Ancient Kings",classic,245,258,other,,ilvl: 245 -> 258; stat Stamina: 55 -> 62; stat Intellect: 57 -> 64; stat SpellPower: 621 -> 701; stat SpellCrit: 50 -> 53; stat SpellHaste: 49 -> 52; stat MeleeCrit: 50 -> 53; stat MeleeHaste: 49 -> 52; weapon damage min: 97 -> 107; weapon damage max: 310 -> 342,,,"quest Val'anyr, Hammer of Ancient Kings (13629)"
46018,Deliverance,classic,219,225,The Culling of Stratholme,TitanRuneBeta,ilvl: 219 -> 225; stat Agility: 24 -> 25; stat Stamina: 29 -> 31; stat SpellHit: 16 -> 17; stat AttackPower: 68 -> 72; stat MeleeHit: 16 -> 17; stat ArmorPenetration: 26 -> 27; stat RangedAttackPower: 68 -> 72; weapon damage min: 342 -> 409; weapon damage max: 513 -> 612,,,drop The Culling of Stratholme TitanRuneBeta (Mal'Ganis)
46019,Leggings of the Insatiable,classic,219,225,Ahn'kahet: The Old Kingdom,TitanRuneBeta,ilvl: 219 -> 225; stat Agility: 81 -> 86; stat Stamina: 90 -> 95; stat Intellect: 53 -> 56; stat SpellHit: 49 -> 52; stat SpellHaste: 55 -> 58; stat AttackPower: 212 -> 224; stat MeleeHit: 49 -> 52; stat MeleeHaste: 55 -> 58; stat Armor: 1137 -> 1167; stat RangedAttackPower: 212 -> 224,,,drop Ahn'kahet: The Old Kingdom TitanRuneBeta (Prince Taldaram)
46021,Royal Seal of King Llane,classic,219,225,Trial of the Champion,TitanRuneBeta,ilvl: 219 -> 225; stat Stamina: 155 -> 164,,,drop Trial of the Champion TitanRuneBeta (The Black Knight)
46022,Pendant of a Thousand Maws,classic,219,225,Trial of the Champion,TitanRuneBeta,ilvl: 219 -> 225; stat Strength: 67 -> 71; stat Stamina: 68 -> 72; stat SpellHit: 35 -> 37; stat SpellCrit: 43 -> 45; stat MeleeHit: 35 -> 37; stat MeleeCrit: 43 -> 45,,,drop Trial of the Champion TitanRuneBeta (Eadric the Pure) | drop Trial of the Champion TitanRuneBeta (Argent Confessor Paletress)
46024,Kingsbane,classic,219,225,Trial of the Champion,TitanRuneBeta,ilvl: 219 -> 225; stat Agility: 46 -> 49; stat Stamina: 34 -> 36; stat SpellHit: 36 -> 38; stat AttackPower: 70 -> 74; stat MeleeHit: 36 -> 38; stat Expertise: 23 -> 24; stat RangedAttackPower: 70 -> 74; weapon damage min: 182 -> 190; weapon damage max: 274 -> 286,,,drop Trial of the Champion TitanRuneBeta (Grand Champions)
46025,Devotion,classic,219,225,The Culling of Stratholme,TitanRuneBeta,ilvl: 219 -> 225; stat Stamina: 129 -> 136; stat Intellect: 81 -> 86; stat Spirit: 106 -> 112; stat SpellPower: 487 -> 515; stat SpellHaste: 87 -> 92; stat MeleeHaste: 87 -> 92; weapon damage min: 211 -> 226; weapon damage max: 390 -> 413,,,drop The Culling of Stratholme TitanRuneBeta (Mal'Ganis)
46028,Faceguard of the Eyeless Horror,classic,219,225,Trial of the Champion,TitanRuneBeta,ilvl: 219 -> 225; stat Stamina: 69 -> 73; stat Intellect: 65 -> 69; stat SpellPower: 105 -> 112; stat MP5: 30 -> 32; stat SpellCrit: 76 -> 81; stat MeleeCrit: 76 -> 81; stat Armor: 1886 -> 1937; socket bonus MP5: 3 -> 0,,,drop Trial of the Champion TitanRuneBeta (Grand Champions)
46030,Treads of the Dragon Council,classic,219,225,Trial of the Champion,TitanRuneBeta,ilvl: 219 -> 225; stat Stamina: 69 -> 73; stat Intellect: 57 -> 60; stat Spirit: 42 -> 44; stat SpellPower: 93 -> 98; stat SpellCrit: 59 -> 62; stat MeleeCrit: 59 -> 62; stat Armor: 214 -> 220,,,drop Trial of the Champion TitanRuneBeta (The Black Knight)
46031,Touch of Madness,classic,219,225,Trial of the Champion,TitanRuneBeta,ilvl: 219 -> 225; stat Agility: 24 -> 25; stat Stamina: 52 -> 55; stat SpellHit: 34 -> 36; stat SpellCrit: 26 -> 27; stat AttackPower: 92 -> 97; stat MeleeHit: 34 -> 36; stat MeleeCrit: 26 -> 27; stat RangedAttackPower: 92 -> 97; weapon damage min: 297 -> 310; weapon damage max: 552 -> 576,,,drop Trial of the Champion TitanRuneBeta (The Black Knight)
46032,Drape of the Faceless General,classic,226,239,Ulduar,Raid10,ilvl: 226 -> 239; stat Agility: 53 -> 60; stat Stamina: 55 -> 63; stat SpellCrit: 40 -> 46; stat AttackPower: 92 -> 105; stat MeleeCrit: 40 -> 46; stat ArmorPenetration: 30 -> 34; stat Armor: 157 -> 166; stat RangedAttackPower: 92 -> 105,,,sold by Animated Constellation (207128) in zone 4395 | drop Ulduar Raid10 (General Vezax) [Hard Mode]
46033,Tortured Earth,classic,232,245,Ulduar,Raid10,ilvl: 232 -> 245; stat Agility: 88 -> 100; stat Stamina: 131 -> 149; stat SpellHit: 56 -> 64; stat SpellCrit: 73 -> 83; stat AttackPower: 204 -> 232; stat MeleeHit: 56 -> 64; stat MeleeCrit: 73 -> 83; stat RangedAttackPower: 204 -> 232; weapon damage min: 521 -> 573; weapon damage max: 782 -> 859,,,sold by Animated Constellation (207128) in zone 4395 | drop Ulduar Raid10 (General Vezax) [Hard Mode]
46034,Leggings of Profound Darkness,classic,226,239,Ulduar,Raid10,ilvl: 226 -> 239; stat Stamina: 84 -> 96; stat Intellect: 82 -> 93; stat Spirit: 66 -> 75; stat SpellPower: 132 -> 150; stat SpellCrit: 60 -> 68; stat MeleeCrit: 60 -> 68; stat Armor: 275 -> 291,,,sold by Animated Constellation (207128) in zone 4395 | drop Ulduar Raid10 (General Vezax) [Hard Mode]
46035,"Aesuga, Hand of the Ardent Champion",classic,232,245,Ulduar,Raid10,ilvl: 232 -> 245; stat Stamina: 52 -> 59; stat Intellect: 51 -> 58; stat SpellPower: 550 -> 624; stat SpellCrit: 41 -> 46; stat SpellHaste: 22 -> 25; stat MeleeCrit: 41 -> 46; stat MeleeHaste: 22 -> 25; weapon damage min: 94 -> 97; weapon damage max: 288 -> 310,,,sold by Animated Constellation (207128) in zone 4395 | drop Ulduar Raid10 (General Vezax) [Hard Mode]
46036,Void Sabre,classic,232,245,Ulduar,Raid10,ilvl: 232 -> 245; stat Agility: 52 -> 59; stat Stamina: 51 -> 58; stat SpellHit: 36 -> 41; stat SpellCrit: 20 -> 23; stat AttackPower: 72 -> 82; stat MeleeHit: 36 -> 41; stat MeleeCrit: 20 -> 23; stat RangedAttackPower: 72 -> 82; weapon damage min: 187 -> 205; weapon damage max: 349 -> 384,,,sold by Animated Constellation (207128) in zone 4395 | drop Ulduar Raid10 (General Vezax) [Hard Mode]
46037,Shoulderplates of the Celestial Watch,classic,226,239,Ulduar,Raid10,ilvl: 226 -> 239; stat Strength: 82 -> 93; stat Stamina: 96 -> 109; stat SpellCrit: 56 -> 64; stat MeleeCrit: 56 -> 64; stat ArmorPenetration: 34 -> 39; stat Armor: 1761 -> 1860,,,sold by Animated Constellation (207128) in zone 4395 | drop Ulduar Raid10 (Algalon the Observer)
46038,Dark Matter,classic,226,239,Ulduar,Raid10,ilvl: 226 -> 239; stat AttackPower: 222 -> 251; stat RangedAttackPower: 222 -> 251,,,sold by Animated Constellation (207128) in zone 4395 | drop Ulduar Raid10 (Algalon the Observer)
46039,Breastplate of the Timeless,classic,226,239,Ulduar,Raid10,ilvl: 226 -> 239; stat Strength: 81 -> 92; stat Stamina: 147 -> 167; stat Expertise: 66 -> 75; stat Armor: 2348 -> 2480; stat Defense: 81 -> 92; stat Parry: 50 -> 57,,,sold by Animated Constellation (207128) in zone 4395 | drop Ulduar Raid10 (Algalon the Observer)
46040,Strength of the Heavens,classic,226,239,Ulduar,Raid10,ilvl: 226 -> 239; stat Strength: 66 -> 75; stat Stamina: 72 -> 81; stat SpellCrit: 42 -> 48; stat SpellHaste: 36 -> 41; stat MeleeCrit: 42 -> 48; stat MeleeHaste: 36 -> 41,,,sold by Animated Constellation (207128) in zone 4395 | drop Ulduar Raid10 (Algalon the Observer)
46041,Starfall Girdle,classic,226,239,Ulduar,Raid10,ilvl: 226 -> 239; stat Strength: 82 -> 93; stat Stamina: 96 -> 109; stat SpellCrit: 40 -> 46; stat MeleeCrit: 40 -> 46; stat Expertise: 56 -> 64; stat Armor: 1321 -> 1395,,,sold by Animated Constellation (207128) in zone 4395 | drop Ulduar Raid10 (Algalon the Observer)
46042,Drape of the Messenger,classic,226,239,Ulduar,Raid10,ilvl: 226 -> 239; stat Stamina: 45 -> 51; stat Intellect: 36 -> 41; stat SpellPower: 74 -> 83; stat SpellHit: 31 -> 35; stat SpellCrit: 49 -> 56; stat MeleeHit: 31 -> 35; stat MeleeCrit: 49 -> 56; stat Armor: 157 -> 166,,,sold by Animated Constellation (207128) in zone 4395 | drop Ulduar Raid10 (Algalon the Observer)
46043,Gloves of the Endless Dark,classic,226,239,Ulduar,Raid10,ilvl: 226 -> 239; stat Agility: 85 -> 96; stat Stamina: 50 -> 57; stat SpellHit: 65 -> 74; stat SpellHaste: 48 -> 55; stat AttackPower: 84 -> 95; stat MeleeHit: 65 -> 74; stat MeleeHaste: 48 -> 55; stat Armor: 369 -> 390; stat RangedAttackPower: 84 -> 95,,,sold by Animated Constellation (207128) in zone 4395 | drop Ulduar Raid10 (Algalon the Observer)
46044,Observer's Mantle,classic,226,239,Ulduar,Raid10,ilvl: 226 -> 239; stat Stamina: 59 -> 68; stat Intellect: 60 -> 69; stat SpellPower: 100 -> 114; stat SpellCrit: 46 -> 53; stat SpellHaste: 50 -> 57; stat MeleeCrit: 46 -> 53; stat MeleeHaste: 50 -> 57; stat Armor: 985 -> 1041,,,sold by Animated Constellation (207128) in zone 4395 | drop Ulduar Raid10 (Algalon the Observer)
46045,Pulsar Gloves,classic,226,239,Ulduar,Raid10,ilvl: 226 -> 239; stat Stamina: 75 -> 86; stat Intellect: 47 -> 54; stat SpellPower: 100 -> 114; stat SpellHit: 50 -> 57; stat SpellHaste: 46 -> 53; stat MeleeHit: 50 -> 57; stat MeleeHaste: 46 -> 53; stat Armor: 197 -> 208,,,sold by Animated Constellation (207128) in zone 4395 | drop Ulduar Raid10 (Algalon the Observer)
46046,Nebula Band,classic,226,239,Ulduar,Raid10,ilvl: 226 -> 239; stat Stamina: 48 -> 55; stat Intellect: 36 -> 41; stat SpellPower: 74 -> 83; stat SpellCrit: 46 -> 52; stat SpellHaste: 36 -> 41; stat MeleeCrit: 46 -> 52; stat MeleeHaste: 36 -> 41,,,sold by Animated Constellation (207128) in zone 4395 | drop Ulduar Raid10 (Algalon the Observer)
46047,Pendant of the Somber Witness,classic,226,239,Ulduar,Raid10,ilvl: 226 -> 239; stat Stamina: 54 -> 61; stat Intellect: 46 -> 52; stat SpellPower: 66 -> 75; stat MP5: 19 -> 21; stat SpellCrit: 36 -> 41; stat MeleeCrit: 36 -> 41,,,sold by Animated Constellation (207128) in zone 4395 | drop Ulduar Raid10 (Algalon the Observer)
46048,Band of Lights,classic,226,239,Ulduar,Raid10,ilvl: 226 -> 239; stat Agility: 57 -> 64; stat Stamina: 39 -> 44; stat SpellHit: 46 -> 52; stat AttackPower: 98 -> 111; stat MeleeHit: 46 -> 52; stat ArmorPenetration: 31 -> 35; stat RangedAttackPower: 98 -> 111,,,sold by Animated Constellation (207128) in zone 4395 | drop Ulduar Raid10 (Algalon the Observer)
46049,Zodiac Leggings,classic,226,239,Ulduar,Raid10,ilvl: 226 -> 239; stat Stamina: 85 -> 96; stat Intellect: 70 -> 79; stat Spirit: 66 -> 75; stat SpellPower: 132 -> 150; stat SpellHaste: 71 -> 80; stat MeleeHaste: 71 -> 80; stat Armor: 517 -> 546,,,sold by Animated Constellation (207128) in zone 4395 | drop Ulduar Raid10 (Algalon the Observer)
46050,Starlight Treads,classic,226,239,Ulduar,Raid10,ilvl: 226 -> 239; stat Stamina: 64 -> 73; stat Intellect: 65 -> 74; stat Spirit: 45 -> 51; stat SpellPower: 94 -> 107; stat SpellCrit: 57 -> 65; stat MeleeCrit: 57 -> 65; stat Armor: 216 -> 229,,,sold by Animated Constellation (207128) in zone 4395 | drop Ulduar Raid10 (Algalon the Observer)
46051,Meteorite Crystal,classic,226,239,Ulduar,Raid10,ilvl: 226 -> 239; stat Intellect: 111 -> 125,,,sold by Animated Constellation (207128) in zone 4395 | drop Ulduar Raid10 (Algalon the Observer)
46067,Hammer of Crushing Whispers,classic,232,245,Ulduar,Raid10,ilvl: 232 -> 245; stat Strength: 120 -> 137; stat Stamina: 138 -> 157; stat SpellHit: 66 -> 75; stat SpellCrit: 82 -> 93; stat MeleeHit: 66 -> 75; stat MeleeCrit: 82 -> 93; weapon damage min: 670 -> 736; weapon damage max: 1005 -> 1104,,,sold by Animated Constellation (207128) in zone 4395 | drop Ulduar Raid10 (Yogg-Saron) [Hard Mode]
46068,Amice of Inconceivable Horror,classic,226,239,Ulduar,Raid10,ilvl: 226 -> 239; stat Stamina: 48 -> 55; stat Intellect: 49 -> 56; stat Spirit: 42 -> 48; stat SpellPower: 100 -> 114; stat SpellHaste: 62 -> 71; stat MeleeHaste: 62 -> 71; stat Armor: 236 -> 249,,,sold by Animated Constellation (207128) in zone 4395 | drop Ulduar Raid10 (Yogg-Saron) [Hard Mode]
46095,Soul-Devouring Cinch,classic,226,239,Ulduar,Raid10,ilvl: 226 -> 239; stat Agility: 85 -> 97; stat Stamina: 65 -> 74; stat SpellCrit: 53 -> 60; stat AttackPower: 114 -> 130; stat MeleeCrit: 53 -> 60; stat Expertise: 56 -> 64; stat Armor: 333 -> 352; stat RangedAttackPower: 114 -> 130,,,sold by Animated Constellation (207128) in zone 4395 | drop Ulduar Raid10 (Yogg-Saron) [Hard Mode]
46096,Signet of Soft Lament,classic,226,239,Ulduar,Raid10,ilvl: 226 -> 239; stat Stamina: 54 -> 61; stat Intellect: 46 -> 52; stat Spirit: 36 -> 41; stat SpellPower: 74 -> 84; stat SpellCrit: 32 -> 36; stat MeleeCrit: 32 -> 36,,,sold by Animated Constellation (207128) in zone 4395 | drop Ulduar Raid10 (Yogg-Saron) [Hard Mode]
46097,Caress of Insanity,classic,232,245,Ulduar,Raid10,ilvl: 232 -> 245; stat Agility: 40 -> 45; stat Stamina: 42 -> 48; stat SpellHaste: 25 -> 28; stat AttackPower: 104 -> 118; stat MeleeHaste: 25 -> 28; stat Expertise: 34 -> 39; stat RangedAttackPower: 104 -> 118; weapon damage min: 338 -> 371; weapon damage max: 628 -> 690,,,sold by Animated Constellation (207128) in zone 4395 | drop Ulduar Raid10 (Yogg-Saron) [Hard Mode]
46111,Conqueror's Darkruned Battleplate,classic,226,232,vendor: Dubin Clay,,ilvl: 226 -> 232; stat Strength: 113 -> 120; stat Stamina: 129 -> 137; stat SpellCrit: 77 -> 82; stat MeleeCrit: 77 -> 82; stat Expertise: 55 -> 58; stat Armor: 2348 -> 2409,,,sold by Dubin Clay (34252) in zone 4395
46113,Conqueror's Darkruned Gauntlets,classic,226,232,vendor: Dubin Clay,,ilvl: 226 -> 232; stat Strength: 90 -> 95; stat Stamina: 102 -> 108; stat SpellHit: 56 -> 59; stat SpellCrit: 42 -> 45; stat MeleeHit: 56 -> 59; stat MeleeCrit: 42 -> 45; stat Armor: 1467 -> 1505,,,sold by Dubin Clay (34252) in zone 4395
46115,Conqueror's Darkruned Helmet,classic,226,232,vendor: Dubin Clay,,ilvl: 226 -> 232; stat Strength: 105 -> 112; stat Stamina: 129 -> 137; stat SpellCrit: 71 -> 75; stat MeleeCrit: 71 -> 75; stat ArmorPenetration: 49 -> 52; stat Armor: 1908 -> 1958,,,sold by Dubin Clay (34252) in zone 4395
46116,Conqueror's Darkruned Legplates,classic,226,232,vendor: Dubin Clay,,ilvl: 226 -> 232; stat Strength: 113 -> 120; stat Stamina: 129 -> 137; stat SpellCrit: 70 -> 74; stat SpellHaste: 66 -> 70; stat MeleeCrit: 70 -> 74; stat MeleeHaste: 66 -> 70; stat Armor: 2054 -> 2107,,,sold by Dubin Clay (34252) in zone 4395
46117,Conqueror's Darkruned Shoulderplates,classic,226,232,vendor: Dubin Clay,,ilvl: 226 -> 232; stat Strength: 90 -> 95; stat Stamina: 102 -> 108; stat SpellHit: 41 -> 43; stat SpellHaste: 56 -> 59; stat MeleeHit: 41 -> 43; stat MeleeHaste: 56 -> 59; stat Armor: 1761 -> 1807,,,sold by Dubin Clay (34252) in zone 4395
46118,Conqueror's Darkruned Chestguard,classic,226,232,vendor: Dubin Clay,,ilvl: 226 -> 232; stat Strength: 97 -> 103; stat Stamina: 147 -> 156; stat Armor: 2348 -> 2409; stat Defense: 64 -> 68; stat Dodge: 60 -> 64; stat Parry: 52 -> 55,,,sold by Dubin Clay (34252) in zone 4395
46119,Conqueror's Darkruned Handguards,classic,226,232,vendor: Dubin Clay,,ilvl: 226 -> 232; stat Strength: 62 -> 66; stat Stamina: 128 -> 136; stat Expertise: 39 -> 41; stat Armor: 1467 -> 1505; stat Defense: 50 -> 53; stat Parry: 56 -> 59,,,sold by Dubin Clay (34252) in zone 4395
46120,Conqueror's Darkruned Faceguard,classic,226,232,vendor: Dubin Clay,,ilvl: 226 -> 232; stat Strength: 86 -> 91; stat Stamina: 147 -> 156; stat SpellHit: 41 -> 44; stat MeleeHit: 41 -> 44; stat Armor: 1908 -> 1958; stat Defense: 70 -> 74; stat Dodge: 57 -> 61,,,sold by Dubin Clay (34252) in zone 4395
46121,Conqueror's Darkruned Legguards,classic,226,232,vendor: Dubin Clay,,ilvl: 226 -> 232; stat Strength: 76 -> 81; stat Stamina: 147 -> 156; stat Expertise: 59 -> 63; stat Armor: 2054 -> 2107; stat Defense: 66 -> 70; stat Parry: 81 -> 86,,,sold by Dubin Clay (34252) in zone 4395
46122,Conqueror's Darkruned Pauldrons,classic,226,232,vendor: Dubin Clay,,ilvl: 226 -> 232; stat Strength: 69 -> 73; stat Stamina: 128 -> 136; stat Armor: 1761 -> 1807; stat Defense: 44 -> 47; stat Dodge: 48 -> 51; stat Parry: 38 -> 40,,,sold by Dubin Clay (34252) in zone 4395
46123,Conqueror's Terrorblade Breastplate,classic,226,232,vendor: Valerie Langrom,,ilvl: 226 -> 232; stat Agility: 97 -> 103; stat Stamina: 90 -> 96; stat SpellCrit: 66 -> 70; stat AttackPower: 162 -> 172; stat MeleeCrit: 66 -> 70; stat Expertise: 76 -> 81; stat Armor: 591 -> 606; stat RangedAttackPower: 162 -> 172,,,sold by Valerie Langrom (28992) in zone 4395
46124,Conqueror's Terrorblade Gauntlets,classic,226,232,vendor: Valerie Langrom,,ilvl: 226 -> 232; stat Agility: 85 -> 90; stat Stamina: 59 -> 63; stat SpellHit: 54 -> 57; stat SpellCrit: 43 -> 46; stat AttackPower: 130 -> 138; stat MeleeHit: 54 -> 57; stat MeleeCrit: 43 -> 46; stat Armor: 369 -> 379; stat RangedAttackPower: 130 -> 138,,,sold by Valerie Langrom (28992) in zone 4395
46125,Conqueror's Terrorblade Helmet,classic,226,232,vendor: Valerie Langrom,,ilvl: 226 -> 232; stat Agility: 107 -> 114; stat Stamina: 75 -> 80; stat SpellCrit: 77 -> 82; stat SpellHaste: 59 -> 63; stat AttackPower: 130 -> 138; stat MeleeCrit: 77 -> 82; stat MeleeHaste: 59 -> 63; stat Armor: 480 -> 492; stat RangedAttackPower: 130 -> 138,,,sold by Valerie Langrom (28992) in zone 4395
46126,Conqueror's Terrorblade Legplates,classic,226,232,vendor: Valerie Langrom,,ilvl: 226 -> 232; stat Agility: 101 -> 107; stat Stamina: 90 -> 96; stat SpellCrit: 66 -> 70; stat SpellHaste: 72 -> 77; stat AttackPower: 162 -> 172; stat MeleeCrit: 66 -> 70; stat MeleeHaste: 72 -> 77; stat Armor: 517 -> 530; stat RangedAttackPower: 162 -> 172,,,sold by Valerie Langrom (28992) in zone 4395
46127,Conqueror's Terrorblade Pauldrons,classic,226,232,vendor: Valerie Langrom,,ilvl: 226 -> 232; stat Agility: 85 -> 90; stat Stamina: 74 -> 78; stat SpellHit: 56 -> 59; stat SpellCrit: 40 -> 42; stat AttackPower: 124 -> 131; stat MeleeHit: 56 -> 59; stat MeleeCrit: 40 -> 42; stat Armor: 443 -> 455; stat RangedAttackPower: 124 -> 131,,,sold by Valerie Langrom (28992) in zone 4395
46129,Conqueror's Kirin Tor Hood,classic,226,232,vendor: Paldesse,,ilvl: 226 -> 232; stat Stamina: 62 -> 66; stat Intellect: 87 -> 92; stat Spirit: 66 -> 70; stat SpellPower: 113 -> 120; stat SpellHit: 69 -> 73; stat MeleeHit: 69 -> 73; stat Armor: 256 -> 263,,,sold by Paldesse (28995) in zone 4395
46130,Conqueror's Kirin Tor Tunic,classic,226,232,vendor: Paldesse,,ilvl: 226 -> 232; stat Stamina: 75 -> 80; stat Intellect: 81 -> 86; stat Spirit: 50 -> 53; stat SpellPower: 132 -> 140; stat SpellCrit: 82 -> 87; stat MeleeCrit: 82 -> 87; stat Armor: 314 -> 322,,,sold by Paldesse (28995) in zone 4395
46131,Valorous Kirin Tor Gauntlets,classic,219,225,vendor: Paldesse,,ilvl: 219 -> 225; stat Stamina: 51 -> 54; stat Intellect: 57 -> 60; stat SpellPower: 93 -> 99; stat SpellHit: 55 -> 58; stat SpellHaste: 44 -> 47; stat MeleeHit: 55 -> 58; stat MeleeHaste: 44 -> 47; stat Armor: 194 -> 199; set name: Kirin Tor Garb -> Kirin'dor Garb,,,sold by Paldesse (28995) in zone 4395
46132,Conqueror's Kirin Tor Gauntlets,classic,226,232,vendor: Paldesse,,ilvl: 226 -> 232; stat Stamina: 56 -> 59; stat Intellect: 62 -> 66; stat SpellPower: 100 -> 106; stat SpellHit: 60 -> 64; stat SpellHaste: 47 -> 50; stat MeleeHit: 60 -> 64; stat MeleeHaste: 47 -> 50; stat Armor: 197 -> 202,,,sold by Paldesse (28995) in zone 4395
46133,Conqueror's Kirin Tor Leggings,classic,226,232,vendor: Paldesse,,ilvl: 226 -> 232; stat Stamina: 76 -> 81; stat Intellect: 82 -> 87; stat SpellPower: 123 -> 131; stat SpellHit: 66 -> 70; stat SpellCrit: 74 -> 79; stat MeleeHit: 66 -> 70; stat MeleeCrit: 74 -> 79; stat Armor: 275 -> 282,,,sold by Paldesse (28995) in zone 4395
46134,Conqueror's Kirin Tor Shoulderpads,classic,226,232,vendor: Paldesse,,ilvl: 226 -> 232; stat Stamina: 65 -> 69; stat Intellect: 65 -> 69; stat Spirit: 33 -> 35; stat SpellPower: 98 -> 104; stat SpellHaste: 62 -> 66; stat MeleeHaste: 62 -> 66; stat Armor: 236 -> 242,,,sold by Paldesse (28995) in zone 4395
46135,Conqueror's Deathbringer Gloves,classic,226,232,vendor: Paldesse,,ilvl: 226 -> 232; stat Stamina: 74 -> 78; stat Intellect: 62 -> 66; stat Spirit: 27 -> 29; stat SpellPower: 99 -> 105; stat SpellHit: 65 -> 69; stat MeleeHit: 65 -> 69; stat Armor: 197 -> 202,,,sold by Paldesse (28995) in zone 4395
46136,Conqueror's Deathbringer Shoulderpads,classic,226,232,vendor: Paldesse,,ilvl: 226 -> 232; stat Stamina: 68 -> 72; stat Intellect: 62 -> 66; stat SpellPower: 99 -> 105; stat SpellCrit: 58 -> 61; stat SpellHaste: 41 -> 43; stat MeleeCrit: 58 -> 61; stat MeleeHaste: 41 -> 43; stat Armor: 236 -> 242,,,sold by Paldesse (28995) in zone 4395
46137,Conqueror's Deathbringer Robe,classic,226,232,vendor: Paldesse,,ilvl: 226 -> 232; stat Stamina: 83 -> 88; stat Intellect: 76 -> 81; stat SpellPower: 124 -> 132; stat SpellHit: 73 -> 78; stat SpellCrit: 66 -> 70; stat MeleeHit: 73 -> 78; stat MeleeCrit: 66 -> 70; stat Armor: 314 -> 322,,,sold by Paldesse (28995) in zone 4395
46138,Idol of the Flourishing Life,classic,226,232,vendor: ,,ilvl: 226 -> 232,,,sold by  (0) in zone 4395
46139,Conqueror's Deathbringer Leggings,classic,226,232,vendor: Paldesse,,ilvl: 226 -> 232; stat Stamina: 86 -> 91; stat Intellect: 86 -> 91; stat Spirit: 49 -> 52; stat SpellPower: 132 -> 140; stat SpellHaste: 66 -> 70; stat MeleeHaste: 66 -> 70; stat Armor: 275 -> 282,,,sold by Paldesse (28995) in zone 4395
46140,Conqueror's Deathbringer Hood,classic,226,232,vendor: Paldesse,,ilvl: 226 -> 232; stat Stamina: 89 -> 95; stat Intellect: 76 -> 81; stat Spirit: 41 -> 44; stat SpellPower: 113 -> 120; stat SpellCrit: 86 -> 91; stat MeleeCrit: 86 -> 91; stat Armor: 256 -> 263,,,sold by Paldesse (28995) in zone 4395
46141,Conqueror's Scourgestalker Tunic,classic,226,232,vendor: Bragund Brightlink,,ilvl: 226 -> 232; stat Agility: 86 -> 91; stat Stamina: 65 -> 69; stat Intellect: 60 -> 64; stat SpellHit: 57 -> 61; stat SpellCrit: 59 -> 63; stat AttackPower: 194 -> 206; stat MeleeHit: 57 -> 61; stat MeleeCrit: 59 -> 63; stat Armor: 1314 -> 1348; stat RangedAttackPower: 194 -> 206,,,sold by Bragund Brightlink (29523) in zone 4395
46142,Conqueror's Scourgestalker Handguards,classic,226,232,vendor: Bragund Brightlink,,ilvl: 226 -> 232; stat Agility: 49 -> 52; stat Stamina: 66 -> 70; stat Intellect: 44 -> 47; stat SpellHit: 43 -> 46; stat SpellHaste: 44 -> 47; stat AttackPower: 170 -> 180; stat MeleeHit: 43 -> 46; stat MeleeHaste: 44 -> 47; stat Armor: 821 -> 842; stat RangedAttackPower: 170 -> 180,,,sold by Bragund Brightlink (29523) in zone 4395
46143,Conqueror's Scourgestalker Headpiece,classic,226,232,vendor: Bragund Brightlink,,ilvl: 226 -> 232; stat Agility: 82 -> 87; stat Stamina: 81 -> 86; stat Intellect: 49 -> 52; stat SpellCrit: 59 -> 63; stat AttackPower: 196 -> 208; stat MeleeCrit: 59 -> 63; stat ArmorPenetration: 50 -> 53; stat Armor: 1067 -> 1095; stat RangedAttackPower: 196 -> 208,,,sold by Bragund Brightlink (29523) in zone 4395
46144,Conqueror's Scourgestalker Legguards,classic,226,232,vendor: Bragund Brightlink,,ilvl: 226 -> 232; stat Agility: 58 -> 62; stat Stamina: 66 -> 70; stat Intellect: 68 -> 72; stat SpellCrit: 73 -> 78; stat SpellHaste: 45 -> 48; stat AttackPower: 228 -> 242; stat MeleeCrit: 73 -> 78; stat MeleeHaste: 45 -> 48; stat Armor: 1150 -> 1180; stat RangedAttackPower: 228 -> 242,,,sold by Bragund Brightlink (29523) in zone 4395
46145,Conqueror's Scourgestalker Spaulders,classic,226,232,vendor: Bragund Brightlink,,ilvl: 226 -> 232; stat Agility: 65 -> 69; stat Stamina: 50 -> 53; stat Intellect: 44 -> 47; stat SpellHit: 43 -> 46; stat SpellHaste: 51 -> 54; stat AttackPower: 138 -> 146; stat MeleeHit: 43 -> 46; stat MeleeHaste: 51 -> 54; stat Armor: 985 -> 1011; stat RangedAttackPower: 138 -> 146,,,sold by Bragund Brightlink (29523) in zone 4395
46146,Conqueror's Siegebreaker Battleplate,classic,226,232,vendor: Dubin Clay,,ilvl: 226 -> 232; stat Strength: 113 -> 120; stat Stamina: 129 -> 137; stat SpellCrit: 58 -> 62; stat MeleeCrit: 58 -> 62; stat ArmorPenetration: 74 -> 79; stat Armor: 2348 -> 2409,,,sold by Dubin Clay (34252) in zone 4395
46148,Conqueror's Siegebreaker Gauntlets,classic,226,232,vendor: Dubin Clay,,ilvl: 226 -> 232; stat Strength: 90 -> 95; stat Stamina: 102 -> 108; stat SpellHit: 38 -> 40; stat MeleeHit: 38 -> 40; stat Expertise: 60 -> 64; stat Armor: 1467 -> 1505,,,sold by Dubin Clay (34252) in zone 4395
46149,Conqueror's Siegebreaker Shoulderplates,classic,226,232,vendor: Dubin Clay,,ilvl: 226 -> 232; stat Strength: 90 -> 95; stat Stamina: 102 -> 108; stat SpellHit: 46 -> 49; stat SpellCrit: 54 -> 57; stat MeleeHit: 46 -> 49; stat MeleeCrit: 54 -> 57; stat Armor: 1761 -> 1807,,,sold by Dubin Clay (34252) in zone 4395
46150,Conqueror's Siegebreaker Legplates,classic,226,232,vendor: Dubin Clay,,ilvl: 226 -> 232; stat Strength: 113 -> 120; stat Stamina: 129 -> 137; stat SpellHit: 74 -> 79; stat MeleeHit: 74 -> 79; stat Expertise: 58 -> 62; stat Armor: 2054 -> 2107,,,sold by Dubin Clay (34252) in zone 4395
46151,Conqueror's Siegebreaker Helmet,classic,226,232,vendor: Dubin Clay,,ilvl: 226 -> 232; stat Strength: 105 -> 112; stat Stamina: 129 -> 137; stat SpellCrit: 60 -> 64; stat MeleeCrit: 60 -> 64; stat ArmorPenetration: 68 -> 72; stat Armor: 1908 -> 1958,,,sold by Dubin Clay (34252) in zone 4395
46152,Conqueror's Aegis Shoulderplates,classic,226,232,vendor: Dubin Clay,,ilvl: 226 -> 232; stat Strength: 90 -> 95; stat Stamina: 102 -> 108; stat SpellCrit: 56 -> 59; stat SpellHaste: 45 -> 48; stat MeleeCrit: 56 -> 59; stat MeleeHaste: 45 -> 48; stat Armor: 1761 -> 1807,,,sold by Dubin Clay (34252) in zone 4395
46153,Conqueror's Aegis Legplates,classic,226,232,vendor: Dubin Clay,,ilvl: 226 -> 232; stat Strength: 113 -> 120; stat Stamina: 129 -> 137; stat SpellHit: 58 -> 62; stat SpellCrit: 74 -> 79; stat MeleeHit: 58 -> 62; stat MeleeCrit: 74 -> 79; stat Armor: 2054 -> 2107,,,sold by Dubin Clay (34252) in zone 4395
46154,Conqueror's Aegis Battleplate,classic,226,232,vendor: Dubin Clay,,ilvl: 226 -> 232; stat Strength: 113 -> 120; stat Stamina: 129 -> 137; stat SpellHit: 79 -> 84; stat SpellCrit: 49 -> 52; stat MeleeHit: 79 -> 84; stat MeleeCrit: 49 -> 52; stat Armor: 2348 -> 2409,,,sold by Dubin Clay (34252) in zone 4395
46155,Conqueror's Aegis Gauntlets,classic,226,232,vendor: Dubin Clay,,ilvl: 226 -> 232; stat Strength: 90 -> 95; stat Stamina: 102 -> 108; stat SpellCrit: 60 -> 64; stat MeleeCrit: 60 -> 64; stat Expertise: 38 -> 40; stat Armor: 1467 -> 1505,,,sold by Dubin Clay (34252) in zone 4395
46156,Conqueror's Aegis Helm,classic,226,232,vendor: Dubin Clay,,ilvl: 226 -> 232; stat Strength: 105 -> 112; stat Stamina: 129 -> 137; stat SpellCrit: 66 -> 70; stat SpellHaste: 58 -> 62; stat MeleeCrit: 66 -> 70; stat MeleeHaste: 58 -> 62; stat Armor: 1908 -> 1958,,,sold by Dubin Clay (34252) in zone 4395
46157,Conqueror's Nightsong Shoulderpads,classic,226,232,vendor: Valerie Langrom,,ilvl: 226 -> 232; stat Agility: 77 -> 82; stat Stamina: 74 -> 78; stat SpellCrit: 62 -> 66; stat AttackPower: 112 -> 119; stat MeleeCrit: 62 -> 66; stat Expertise: 48 -> 51; stat Armor: 443 -> 455; stat RangedAttackPower: 112 -> 119,,,sold by Valerie Langrom (28992) in zone 4395
46158,Conqueror's Nightsong Handgrips,classic,226,232,vendor: Valerie Langrom,,ilvl: 226 -> 232; stat Agility: 85 -> 90; stat Stamina: 93 -> 99; stat SpellHaste: 33 -> 35; stat AttackPower: 130 -> 138; stat MeleeHaste: 33 -> 35; stat ArmorPenetration: 43 -> 46; stat Armor: 369 -> 379; stat RangedAttackPower: 130 -> 138,,,sold by Valerie Langrom (28992) in zone 4395
46159,Conqueror's Nightsong Raiments,classic,226,232,vendor: Valerie Langrom,,ilvl: 226 -> 232; stat Agility: 97 -> 103; stat Stamina: 119 -> 126; stat SpellHit: 49 -> 52; stat SpellCrit: 66 -> 70; stat AttackPower: 162 -> 172; stat MeleeHit: 49 -> 52; stat MeleeCrit: 66 -> 70; stat Armor: 591 -> 606; stat RangedAttackPower: 162 -> 172,,,sold by Valerie Langrom (28992) in zone 4395
46160,Conqueror's Nightsong Legguards,classic,226,232,vendor: Valerie Langrom,,ilvl: 226 -> 232; stat Agility: 114 -> 121; stat Stamina: 122 -> 130; stat SpellCrit: 70 -> 74; stat SpellHaste: 50 -> 53; stat AttackPower: 114 -> 121; stat MeleeCrit: 70 -> 74; stat MeleeHaste: 50 -> 53; stat Armor: 517 -> 530; stat RangedAttackPower: 114 -> 121,,,sold by Valerie Langrom (28992) in zone 4395
46161,Conqueror's Nightsong Headguard,classic,226,232,vendor: Valerie Langrom,,ilvl: 226 -> 232; stat Agility: 82 -> 87; stat Stamina: 122 -> 130; stat SpellCrit: 75 -> 80; stat AttackPower: 152 -> 162; stat MeleeCrit: 75 -> 80; stat ArmorPenetration: 50 -> 53; stat Armor: 480 -> 492; stat RangedAttackPower: 152 -> 162,,,sold by Valerie Langrom (28992) in zone 4395
46162,Conqueror's Siegebreaker Breastplate,classic,226,232,vendor: Dubin Clay,,ilvl: 226 -> 232; stat Strength: 113 -> 120; stat Stamina: 147 -> 156; stat Armor: 2348 -> 2409; stat Defense: 51 -> 54; stat Parry: 60 -> 64,,,sold by Dubin Clay (34252) in zone 4395
46163,Conqueror's Handwraps of Sanctification,classic,226,232,vendor: Paldesse,,ilvl: 226 -> 232; stat Stamina: 62 -> 66; stat Intellect: 44 -> 47; stat Spirit: 54 -> 57; stat SpellPower: 99 -> 105; stat SpellCrit: 64 -> 68; stat MeleeCrit: 64 -> 68; stat Armor: 197 -> 202,,,sold by Paldesse (28995) in zone 4395
46164,Conqueror's Siegebreaker Handguards,classic,226,232,vendor: Dubin Clay,,ilvl: 226 -> 232; stat Strength: 60 -> 64; stat Stamina: 115 -> 122; stat SpellHit: 49 -> 52; stat MeleeHit: 49 -> 52; stat Armor: 1467 -> 1505; stat Defense: 48 -> 51; stat Dodge: 57 -> 60,,,sold by Dubin Clay (34252) in zone 4395
46165,Conqueror's Mantle of Sanctification,classic,226,232,vendor: Paldesse,,ilvl: 226 -> 232; stat Stamina: 53 -> 56; stat Intellect: 65 -> 69; stat Spirit: 49 -> 52; stat SpellPower: 90 -> 95; stat SpellCrit: 62 -> 66; stat MeleeCrit: 62 -> 66; stat Armor: 236 -> 242,,,sold by Paldesse (28995) in zone 4395
46166,Conqueror's Siegebreaker Greathelm,classic,226,232,vendor: Dubin Clay,,ilvl: 226 -> 232; stat Strength: 97 -> 103; stat Stamina: 147 -> 156; stat Armor: 1908 -> 1958; stat Defense: 59 -> 63; stat Block: 51 -> 54; stat Dodge: 51 -> 54,,,sold by Dubin Clay (34252) in zone 4395
46167,Conqueror's Siegebreaker Pauldrons,classic,226,232,vendor: Dubin Clay,,ilvl: 226 -> 232; stat Strength: 60 -> 64; stat Stamina: 115 -> 122; stat Expertise: 49 -> 52; stat Armor: 1761 -> 1807; stat Defense: 48 -> 51; stat Dodge: 57 -> 60,,,sold by Dubin Clay (34252) in zone 4395
46168,Conqueror's Raiments of Sanctification,classic,226,232,vendor: Paldesse,,ilvl: 226 -> 232; stat Stamina: 90 -> 96; stat Intellect: 76 -> 81; stat SpellPower: 132 -> 140; stat SpellHit: 74 -> 79; stat SpellHaste: 58 -> 62; stat MeleeHit: 74 -> 79; stat MeleeHaste: 58 -> 62; stat Armor: 314 -> 322,,,sold by Paldesse (28995) in zone 4395
46169,Conqueror's Siegebreaker Legguards,classic,226,232,vendor: Dubin Clay,,ilvl: 226 -> 232; stat Strength: 113 -> 120; stat Stamina: 147 -> 156; stat Armor: 2054 -> 2107; stat Defense: 51 -> 54; stat Dodge: 52 -> 55,,,sold by Dubin Clay (34252) in zone 4395
46170,Conqueror's Pants of Sanctification,classic,226,232,vendor: Paldesse,,ilvl: 226 -> 232; stat Stamina: 99 -> 105; stat Intellect: 82 -> 87; stat Spirit: 52 -> 55; stat SpellPower: 113 -> 120; stat SpellHaste: 76 -> 81; stat MeleeHaste: 76 -> 81; stat Armor: 275 -> 282,,,sold by Paldesse (28995) in zone 4395
46172,Conqueror's Circlet of Sanctification,classic,226,232,vendor: Paldesse,,ilvl: 226 -> 232; stat Stamina: 84 -> 89; stat Intellect: 76 -> 81; stat SpellPower: 113 -> 120; stat SpellCrit: 70 -> 74; stat SpellHaste: 66 -> 70; stat MeleeCrit: 70 -> 74; stat MeleeHaste: 66 -> 70; stat Armor: 256 -> 263,,,sold by Paldesse (28995) in zone 4395
46173,Conqueror's Aegis Breastplate,classic,226,232,vendor: Dubin Clay,,ilvl: 226 -> 232; stat Strength: 113 -> 120; stat Stamina: 147 -> 156; stat Armor: 2348 -> 2409; stat Defense: 60 -> 64; stat Dodge: 51 -> 54; stat Parry: 51 -> 54,,,sold by Dubin Clay (34252) in zone 4395
46174,Conqueror's Aegis Handguards,classic,226,232,vendor: Dubin Clay,,ilvl: 226 -> 232; stat Strength: 84 -> 89; stat Stamina: 115 -> 122; stat Armor: 1467 -> 1505; stat Defense: 45 -> 48; stat BlockValue: 135 -> 143; stat Parry: 36 -> 38,,,sold by Dubin Clay (34252) in zone 4395
46175,Conqueror's Aegis Faceguard,classic,226,232,vendor: Dubin Clay,,ilvl: 226 -> 232; stat Strength: 97 -> 103; stat Stamina: 147 -> 156; stat Armor: 1908 -> 1958; stat Defense: 60 -> 64; stat Block: 43 -> 46; stat Dodge: 59 -> 63,,,sold by Dubin Clay (34252) in zone 4395
46176,Conqueror's Aegis Legguards,classic,226,232,vendor: Dubin Clay,,ilvl: 226 -> 232; stat Strength: 113 -> 120; stat Stamina: 147 -> 156; stat Armor: 2054 -> 2107; stat Defense: 59 -> 63; stat Dodge: 43 -> 46; stat Parry: 60 -> 64,,,sold by Dubin Clay (34252) in zone 4395
46177,Conqueror's Aegis Shoulderguards,classic,226,232,vendor: Dubin Clay,,ilvl: 226 -> 232; stat Strength: 84 -> 89; stat Stamina: 115 -> 122; stat Armor: 1761 -> 1807; stat Defense: 44 -> 47; stat Block: 37 -> 39; stat BlockValue: 135 -> 143,,,sold by Dubin Clay (34252) in zone 4395
46178,Conqueror's Aegis Tunic,classic,226,232,vendor: Dubin Clay,,ilvl: 226 -> 232; stat Stamina: 85 -> 90; stat Intellect: 86 -> 91; stat SpellPower: 115 -> 122; stat MP5: 38 -> 40; stat SpellCrit: 60 -> 64; stat MeleeCrit: 60 -> 64; stat Armor: 2348 -> 2409,,,sold by Dubin Clay (34252) in zone 4395
46179,Conqueror's Aegis Gloves,classic,226,232,vendor: Dubin Clay,,ilvl: 226 -> 232; stat Stamina: 63 -> 67; stat Intellect: 64 -> 68; stat SpellPower: 90 -> 95; stat MP5: 24 -> 25; stat SpellHaste: 57 -> 60; stat MeleeHaste: 57 -> 60; stat Armor: 1467 -> 1505,,,sold by Dubin Clay (34252) in zone 4395
46180,Conqueror's Aegis Headpiece,classic,226,232,vendor: Dubin Clay,,ilvl: 226 -> 232; stat Stamina: 85 -> 90; stat Intellect: 86 -> 91; stat SpellPower: 115 -> 122; stat SpellCrit: 59 -> 63; stat SpellHaste: 60 -> 64; stat MeleeCrit: 59 -> 63; stat MeleeHaste: 60 -> 64; stat Armor: 1908 -> 1958,,,sold by Dubin Clay (34252) in zone 4395
46181,Conqueror's Aegis Greaves,classic,226,232,vendor: Dubin Clay,,ilvl: 226 -> 232; stat Stamina: 85 -> 90; stat Intellect: 86 -> 91; stat SpellPower: 115 -> 122; stat MP5: 38 -> 40; stat SpellHaste: 75 -> 80; stat MeleeHaste: 75 -> 80; stat Armor: 2054 -> 2107,,,sold by Dubin Clay (34252) in zone 4395
46182,Conqueror's Aegis Spaulders,classic,226,232,vendor: Dubin Clay,,ilvl: 226 -> 232; stat Stamina: 63 -> 67; stat Intellect: 64 -> 68; stat SpellPower: 90 -> 95; stat SpellCrit: 48 -> 51; stat SpellHaste: 57 -> 60; stat MeleeCrit: 48 -> 51; stat MeleeHaste: 57 -> 60; stat Armor: 1761 -> 1807,,,sold by Dubin Clay (34252) in zone 4395
46183,Conqueror's Nightsong Handguards,classic,226,232,vendor: Valerie Langrom,,ilvl: 226 -> 232; stat Stamina: 63 -> 67; stat Intellect: 64 -> 68; stat Spirit: 57 -> 60; stat SpellPower: 90 -> 95; stat SpellCrit: 48 -> 51; stat MeleeCrit: 48 -> 51; stat Armor: 369 -> 379,,,sold by Valerie Langrom (28992) in zone 4395
46184,Conqueror's Nightsong Headpiece,classic,226,232,vendor: Valerie Langrom,,ilvl: 226 -> 232; stat Stamina: 85 -> 90; stat Intellect: 86 -> 91; stat Spirit: 60 -> 64; stat SpellPower: 115 -> 122; stat SpellHaste: 59 -> 63; stat MeleeHaste: 59 -> 63; stat Armor: 480 -> 492,,,sold by Valerie Langrom (28992) in zone 4395
46185,Conqueror's Nightsong Leggings,classic,226,232,vendor: Valerie Langrom,,ilvl: 226 -> 232; stat Stamina: 85 -> 90; stat Intellect: 86 -> 91; stat Spirit: 76 -> 81; stat SpellPower: 115 -> 122; stat SpellCrit: 59 -> 63; stat MeleeCrit: 59 -> 63; stat Armor: 517 -> 530,,,sold by Valerie Langrom (28992) in zone 4395
46186,Conqueror's Nightsong Robe,classic,226,232,vendor: Valerie Langrom,,ilvl: 226 -> 232; stat Stamina: 85 -> 90; stat Intellect: 86 -> 91; stat Spirit: 68 -> 72; stat SpellPower: 115 -> 122; stat SpellCrit: 67 -> 71; stat MeleeCrit: 67 -> 71; stat Armor: 591 -> 606,,,sold by Valerie Langrom (28992) in zone 4395
46187,Conqueror's Nightsong Spaulders,classic,226,232,vendor: Valerie Langrom,,ilvl: 226 -> 232; stat Stamina: 63 -> 67; stat Intellect: 64 -> 68; stat Spirit: 57 -> 60; stat SpellPower: 90 -> 95; stat SpellHaste: 48 -> 51; stat MeleeHaste: 48 -> 51; stat Armor: 443 -> 455,,,sold by Valerie Langrom (28992) in zone 4395
46188,Conqueror's Gloves of Sanctification,classic,226,232,vendor: Paldesse,,ilvl: 226 -> 232; stat Stamina: 60 -> 64; stat Intellect: 56 -> 59; stat Spirit: 60 -> 64; stat SpellPower: 100 -> 106; stat SpellHaste: 49 -> 52; stat MeleeHaste: 49 -> 52; stat Armor: 197 -> 202,,,sold by Paldesse (28995) in zone 4395
46189,Conqueror's Nightsong Gloves,classic,226,232,vendor: Valerie Langrom,,ilvl: 226 -> 232; stat Stamina: 63 -> 67; stat Intellect: 64 -> 68; stat Spirit: 48 -> 51; stat SpellPower: 90 -> 95; stat SpellHit: 57 -> 60; stat MeleeHit: 57 -> 60; stat Armor: 369 -> 379,,,sold by Valerie Langrom (28992) in zone 4395
46190,Conqueror's Shoulderpads of Sanctification,classic,226,232,vendor: Paldesse,,ilvl: 226 -> 232; stat Stamina: 65 -> 69; stat Intellect: 65 -> 69; stat Spirit: 41 -> 43; stat SpellPower: 90 -> 95; stat SpellHaste: 62 -> 66; stat MeleeHaste: 62 -> 66; stat Armor: 236 -> 242,,,sold by Paldesse (28995) in zone 4395
46191,Conqueror's Nightsong Cover,classic,226,232,vendor: Valerie Langrom,,ilvl: 226 -> 232; stat Stamina: 85 -> 90; stat Intellect: 86 -> 91; stat Spirit: 59 -> 63; stat SpellPower: 115 -> 122; stat SpellHit: 60 -> 64; stat MeleeHit: 60 -> 64; stat Armor: 480 -> 492,,,sold by Valerie Langrom (28992) in zone 4395
46192,Conqueror's Nightsong Trousers,classic,226,232,vendor: Valerie Langrom,,ilvl: 226 -> 232; stat Stamina: 85 -> 90; stat Intellect: 86 -> 91; stat SpellPower: 115 -> 122; stat SpellHit: 59 -> 63; stat SpellCrit: 76 -> 81; stat MeleeHit: 59 -> 63; stat MeleeCrit: 76 -> 81; stat Armor: 517 -> 530,,,sold by Valerie Langrom (28992) in zone 4395
46193,Conqueror's Robe of Sanctification,classic,226,232,vendor: Paldesse,,ilvl: 226 -> 232; stat Stamina: 86 -> 91; stat Intellect: 86 -> 91; stat Spirit: 81 -> 86; stat SpellPower: 115 -> 122; stat SpellCrit: 50 -> 53; stat MeleeCrit: 50 -> 53; stat Armor: 314 -> 322,,,sold by Paldesse (28995) in zone 4395
46194,Conqueror's Nightsong Vestments,classic,226,232,vendor: Valerie Langrom,,ilvl: 226 -> 232; stat Stamina: 85 -> 90; stat Intellect: 86 -> 91; stat Spirit: 60 -> 64; stat SpellPower: 115 -> 122; stat SpellHaste: 75 -> 80; stat MeleeHaste: 75 -> 80; stat Armor: 591 -> 606,,,sold by Valerie Langrom (28992) in zone 4395
46195,Conqueror's Leggings of Sanctification,classic,226,232,vendor: Paldesse,,ilvl: 226 -> 232; stat Stamina: 75 -> 80; stat Intellect: 82 -> 87; stat Spirit: 60 -> 64; stat SpellPower: 132 -> 140; stat SpellHaste: 72 -> 77; stat MeleeHaste: 72 -> 77; stat Armor: 275 -> 282,,,sold by Paldesse (28995) in zone 4395
46196,Conqueror's Nightsong Mantle,classic,226,232,vendor: Valerie Langrom,,ilvl: 226 -> 232; stat Stamina: 63 -> 67; stat Intellect: 64 -> 68; stat Spirit: 49 -> 52; stat SpellPower: 90 -> 95; stat SpellCrit: 56 -> 59; stat MeleeCrit: 56 -> 59; stat Armor: 443 -> 455,,,sold by Valerie Langrom (28992) in zone 4395
46197,Conqueror's Cowl of Sanctification,classic,226,232,vendor: Paldesse,,ilvl: 226 -> 232; stat Stamina: 78 -> 83; stat Intellect: 75 -> 80; stat Spirit: 76 -> 81; stat SpellPower: 115 -> 122; stat SpellCrit: 67 -> 71; stat MeleeCrit: 67 -> 71; stat Armor: 256 -> 263,,,sold by Paldesse (28995) in zone 4395
46198,Conqueror's Worldbreaker Tunic,classic,226,232,vendor: Bragund Brightlink,,ilvl: 226 -> 232; stat Stamina: 85 -> 90; stat Intellect: 86 -> 91; stat SpellPower: 115 -> 122; stat MP5: 38 -> 40; stat SpellCrit: 60 -> 64; stat MeleeCrit: 60 -> 64; stat Armor: 1314 -> 1348,,,sold by Bragund Brightlink (29523) in zone 4395
46199,Conqueror's Worldbreaker Handguards,classic,226,232,vendor: Bragund Brightlink,,ilvl: 226 -> 232; stat Stamina: 63 -> 67; stat Intellect: 64 -> 68; stat SpellPower: 90 -> 95; stat SpellCrit: 48 -> 51; stat SpellHaste: 57 -> 60; stat MeleeCrit: 48 -> 51; stat MeleeHaste: 57 -> 60; stat Armor: 821 -> 842,,,sold by Bragund Brightlink (29523) in zone 4395
46200,Conqueror's Worldbreaker Grips,classic,226,232,vendor: Bragund Brightlink,,ilvl: 226 -> 232; stat Agility: 57 -> 60; stat Stamina: 51 -> 54; stat Intellect: 45 -> 48; stat SpellHaste: 52 -> 55; stat AttackPower: 170 -> 180; stat MeleeHaste: 52 -> 55; stat Expertise: 40 -> 42; stat Armor: 821 -> 842; stat RangedAttackPower: 170 -> 180,,,sold by Bragund Brightlink (29523) in zone 4395
46201,Conqueror's Worldbreaker Headpiece,classic,226,232,vendor: Bragund Brightlink,,ilvl: 226 -> 232; stat Stamina: 85 -> 90; stat Intellect: 86 -> 91; stat SpellPower: 115 -> 122; stat SpellCrit: 60 -> 64; stat SpellHaste: 59 -> 63; stat MeleeCrit: 60 -> 64; stat MeleeHaste: 59 -> 63; stat Armor: 1067 -> 1095,,,sold by Bragund Brightlink (29523) in zone 4395
46202,Conqueror's Worldbreaker Legguards,classic,226,232,vendor: Bragund Brightlink,,ilvl: 226 -> 232; stat Stamina: 85 -> 90; stat Intellect: 86 -> 91; stat SpellPower: 115 -> 122; stat MP5: 38 -> 40; stat SpellCrit: 60 -> 64; stat MeleeCrit: 60 -> 64; stat Armor: 1150 -> 1180,,,sold by Bragund Brightlink (29523) in zone 4395
46203,Conqueror's Worldbreaker Shoulderguards,classic,226,232,vendor: Bragund Brightlink,,ilvl: 226 -> 232; stat Agility: 62 -> 66; stat Stamina: 66 -> 70; stat Intellect: 52 -> 55; stat SpellCrit: 49 -> 52; stat AttackPower: 138 -> 146; stat MeleeCrit: 49 -> 52; stat Expertise: 34 -> 36; stat Armor: 985 -> 1011; stat RangedAttackPower: 138 -> 146,,,sold by Bragund Brightlink (29523) in zone 4395
46204,Conqueror's Worldbreaker Spaulders,classic,226,232,vendor: Bragund Brightlink,,ilvl: 226 -> 232; stat Stamina: 63 -> 67; stat Intellect: 64 -> 68; stat SpellPower: 90 -> 95; stat MP5: 24 -> 25; stat SpellHaste: 57 -> 60; stat MeleeHaste: 57 -> 60; stat Armor: 985 -> 1011,,,sold by Bragund Brightlink (29523) in zone 4395
46205,Conqueror's Worldbreaker Chestguard,classic,226,232,vendor: Bragund Brightlink,,ilvl: 226 -> 232; stat Agility: 66 -> 70; stat Stamina: 56 -> 60; stat Intellect: 60 -> 64; stat SpellHit: 66 -> 70; stat SpellCrit: 68 -> 72; stat AttackPower: 212 -> 225; stat MeleeHit: 66 -> 70; stat MeleeCrit: 68 -> 72; stat Armor: 1314 -> 1348; stat RangedAttackPower: 212 -> 225,,,sold by Bragund Brightlink (29523) in zone 4395
46206,Conqueror's Worldbreaker Hauberk,classic,226,232,vendor: Bragund Brightlink,,ilvl: 226 -> 232; stat Stamina: 85 -> 90; stat Intellect: 86 -> 91; stat SpellPower: 115 -> 122; stat SpellHit: 60 -> 64; stat SpellHaste: 75 -> 80; stat MeleeHit: 60 -> 64; stat MeleeHaste: 75 -> 80; stat Armor: 1314 -> 1348,,,sold by Bragund Brightlink (29523) in zone 4395
46207,Conqueror's Worldbreaker Gloves,classic,226,232,vendor: Bragund Brightlink,,ilvl: 226 -> 232; stat Stamina: 63 -> 67; stat Intellect: 64 -> 68; stat SpellPower: 90 -> 95; stat SpellCrit: 48 -> 51; stat SpellHaste: 57 -> 60; stat MeleeCrit: 48 -> 51; stat MeleeHaste: 57 -> 60; stat Armor: 821 -> 842,,,sold by Bragund Brightlink (29523) in zone 4395
46208,Conqueror's Worldbreaker War-Kilt,classic,226,232,vendor: Bragund Brightlink,,ilvl: 226 -> 232; stat Agility: 66 -> 70; stat Stamina: 77 -> 82; stat Intellect: 51 -> 54; stat SpellHit: 60 -> 64; stat SpellHaste: 81 -> 86; stat AttackPower: 196 -> 208; stat MeleeHit: 60 -> 64; stat MeleeHaste: 81 -> 86; stat Armor: 1150 -> 1180; stat RangedAttackPower: 196 -> 208,,,sold by Bragund Brightlink (29523) in zone 4395
46209,Conqueror's Worldbreaker Helm,classic,226,232,vendor: Bragund Brightlink,,ilvl: 226 -> 232; stat Stamina: 85 -> 90; stat Intellect: 86 -> 91; stat SpellPower: 115 -> 122; stat SpellHit: 60 -> 64; stat SpellCrit: 60 -> 64; stat MeleeHit: 60 -> 64; stat MeleeCrit: 60 -> 64; stat Armor: 1067 -> 1095,,,sold by Bragund Brightlink (29523) in zone 4395
46210,Conqueror's Worldbreaker Kilt,classic,226,232,vendor: Bragund Brightlink,,ilvl: 226 -> 232; stat Stamina: 85 -> 90; stat Intellect: 86 -> 91; stat SpellPower: 115 -> 122; stat SpellHit: 60 -> 64; stat SpellCrit: 76 -> 81; stat MeleeHit: 60 -> 64; stat MeleeCrit: 76 -> 81; stat Armor: 1150 -> 1180,,,sold by Bragund Brightlink (29523) in zone 4395
46211,Conqueror's Worldbreaker Shoulderpads,classic,226,232,vendor: Bragund Brightlink,,ilvl: 226 -> 232; stat Stamina: 63 -> 67; stat Intellect: 64 -> 68; stat SpellPower: 90 -> 95; stat SpellCrit: 57 -> 60; stat SpellHaste: 48 -> 51; stat MeleeCrit: 57 -> 60; stat MeleeHaste: 48 -> 51; stat Armor: 985 -> 1011,,,sold by Bragund Brightlink (29523) in zone 4395
46212,Conqueror's Worldbreaker Faceguard,classic,226,232,vendor: Bragund Brightlink,,ilvl: 226 -> 232; stat Agility: 54 -> 57; stat Stamina: 74 -> 79; stat Intellect: 60 -> 64; stat SpellCrit: 73 -> 78; stat SpellHaste: 54 -> 57; stat AttackPower: 204 -> 217; stat MeleeCrit: 73 -> 78; stat MeleeHaste: 54 -> 57; stat Armor: 1067 -> 1095; stat RangedAttackPower: 204 -> 217,,,sold by Bragund Brightlink (29523) in zone 4395
46312,Vanquished Clutches of Yogg-Saron,classic,226,239,Ulduar,Raid10,ilvl: 226 -> 239; stat SpellCrit: 136 -> 154; stat MeleeCrit: 136 -> 154,,,drop Ulduar Raid10 (Yogg-Saron) [Hard Mode]
46313,Valorous Nightsong Cover,classic,219,225,vendor: Valerie Langrom,,ilvl: 219 -> 225; stat Stamina: 79 -> 84; stat Intellect: 81 -> 86; stat Spirit: 54 -> 57; stat SpellPower: 105 -> 112; stat SpellHit: 55 -> 58; stat MeleeHit: 55 -> 58; stat Armor: 475 -> 488,,,sold by Valerie Langrom (28992) in zone 4395
46320,Drape of the Skyherald,classic,226,239,other,,ilvl: 226 -> 239; stat Strength: 55 -> 62; stat Stamina: 95 -> 108; stat SpellHit: 32 -> 36; stat SpellCrit: 42 -> 48; stat MeleeHit: 32 -> 36; stat MeleeCrit: 42 -> 48; stat Armor: 157 -> 166,,,quest All Is Well That Ends Well (13631)
46321,Sunglimmer Drape,classic,226,239,other,,ilvl: 226 -> 239; stat Stamina: 63 -> 72; stat Intellect: 42 -> 48; stat Spirit: 42 -> 48; stat SpellPower: 64 -> 73; stat SpellHaste: 34 -> 39; stat MeleeHaste: 34 -> 39; stat Armor: 157 -> 166,,,quest All Is Well That Ends Well (13631)
46322,Brann's Sealing Ring,classic,226,239,other,,ilvl: 226 -> 239; stat Agility: 55 -> 62; stat Stamina: 57 -> 64; stat SpellCrit: 36 -> 41; stat AttackPower: 96 -> 109; stat MeleeCrit: 36 -> 41; stat ArmorPenetration: 33 -> 37; stat RangedAttackPower: 96 -> 109,,,quest All Is Well That Ends Well (13631)
46323,Starshine Signet,classic,226,239,other,,ilvl: 226 -> 239; stat Stamina: 54 -> 61; stat Intellect: 46 -> 52; stat SpellPower: 64 -> 73; stat MP5: 21 -> 24; stat SpellHaste: 32 -> 36; stat MeleeHaste: 32 -> 36,,,quest All Is Well That Ends Well (13631)
46326,Conqueror's Darkruned Boots,unobtainable,0,200,no source,,ilvl: 0 -> 200; quality: ItemQualityJunk -> ItemQualityRare; stat Strength: 0 -> 59; stat Stamina: 0 -> 84; stat Armor: 0 -> 1489; stat Defense: 0 -> 34; stat Dodge: 0 -> 41,,,
46327,Conqueror's Siegebreaker Boots,unobtainable,0,200,no source,,ilvl: 0 -> 200; quality: ItemQualityJunk -> ItemQualityRare; stat Strength: 0 -> 59; stat Stamina: 0 -> 84; stat Armor: 0 -> 1489; stat Defense: 0 -> 34; stat Dodge: 0 -> 41,,,
46328,Conqueror's Aegis Boots,unobtainable,0,200,no source,,ilvl: 0 -> 200; quality: ItemQualityJunk -> ItemQualityRare; stat Strength: 0 -> 59; stat Stamina: 0 -> 84; stat Armor: 0 -> 1489; stat Defense: 0 -> 34; stat Dodge: 0 -> 41,,,
46329,Conqueror's Boots of Sanctification,unobtainable,0,200,no source,,ilvl: 0 -> 200; quality: ItemQualityJunk -> ItemQualityRare; stat Strength: 0 -> 59; stat Stamina: 0 -> 84; stat Armor: 0 -> 1489; stat Defense: 0 -> 34; stat Dodge: 0 -> 41,,,
46330,Conqueror's Nightsong Boots,unobtainable,0,200,no source,,ilvl: 0 -> 200; quality: ItemQualityJunk -> ItemQualityRare; stat Strength: 0 -> 59; stat Stamina: 0 -> 84; stat Armor: 0 -> 1489; stat Defense: 0 -> 34; stat Dodge: 0 -> 41,,,
46331,Conqueror's Terrorblade Boots,unobtainable,200,200,no source,,stat Armor: 0 -> 1489; stat Defense: 0 -> 34; stat Dodge: 56 -> 41,,,
46332,Conqueror's Kirin Tor Boots,unobtainable,0,200,no source,,ilvl: 0 -> 200; quality: ItemQualityJunk -> ItemQualityRare; stat Strength: 0 -> 59; stat Stamina: 0 -> 84; stat Armor: 0 -> 1489; stat Defense: 0 -> 34; stat Dodge: 0 -> 41,,,
46333,Conqueror's Deathbringer Boots,unobtainable,0,200,no source,,ilvl: 0 -> 200; quality: ItemQualityJunk -> ItemQualityRare; stat Strength: 0 -> 59; stat Stamina: 0 -> 84; stat Armor: 0 -> 1489; stat Defense: 0 -> 34; stat Dodge: 0 -> 41,,,
46334,Conqueror's Worldbreaker Boots,unobtainable,0,200,no source,,ilvl: 0 -> 200; quality: ItemQualityJunk -> ItemQualityRare; stat Strength: 0 -> 59; stat Stamina: 0 -> 84; stat Armor: 0 -> 1489; stat Defense: 0 -> 34; stat Dodge: 0 -> 41,,,
46335,Conqueror's Scourgestalker Boots,unobtainable,0,200,no source,,ilvl: 0 -> 200; quality: ItemQualityJunk -> ItemQualityRare; stat Strength: 0 -> 59; stat Stamina: 0 -> 84; stat Armor: 0 -> 1489; stat Defense: 0 -> 34; stat Dodge: 0 -> 41,,,
46339,Mimiron's Repeater,unobtainable,219,225,The Culling of Stratholme,TitanRuneBeta,ilvl: 219 -> 225; stat Strength: 33 -> 35; stat Stamina: 51 -> 54; stat SpellCrit: 22 -> 23; stat SpellHaste: 22 -> 23; stat MeleeCrit: 22 -> 23; stat MeleeHaste: 22 -> 23; weapon damage min: 299 -> 357; weapon damage max: 556 -> 664,,,drop The Culling of Stratholme TitanRuneBeta (Meathook)
46340,Adamant Handguards,classic,219,225,Halls of Stone,TitanRuneBeta,ilvl: 219 -> 225; stat Strength: 79 -> 84; stat Stamina: 119 -> 126; stat Armor: 1451 -> 1490; stat Defense: 51 -> 54; stat Block: 25 -> 26; stat Parry: 41 -> 43,,,drop Halls of Stone TitanRuneBeta (The Tribunal of Ages)
46341,Drape of the Spellweaver,classic,219,225,Halls of Lightning,TitanRuneBeta,ilvl: 219 -> 225; stat Stamina: 65 -> 69; stat Intellect: 37 -> 39; stat SpellPower: 68 -> 72; stat SpellCrit: 39 -> 41; stat SpellHaste: 30 -> 32; stat MeleeCrit: 39 -> 41; stat MeleeHaste: 30 -> 32; stat Armor: 155 -> 159,,,drop Halls of Lightning TitanRuneBeta (General Bjarngrim)
46342,Golemheart Longbow,classic,219,225,Halls of Lightning,TitanRuneBeta,ilvl: 219 -> 225; stat Agility: 33 -> 35; stat Stamina: 39 -> 41; stat SpellCrit: 17 -> 18; stat SpellHaste: 22 -> 23; stat AttackPower: 46 -> 49; stat MeleeCrit: 17 -> 18; stat MeleeHaste: 22 -> 23; stat RangedAttackPower: 46 -> 49; weapon damage min: 299 -> 357; weapon damage max: 556 -> 664,,,drop Halls of Lightning TitanRuneBeta (Volkhan)
46343,Fervor of the Protectorate,classic,219,225,Halls of Lightning,TitanRuneBeta,ilvl: 219 -> 225; stat Strength: 46 -> 49; stat Stamina: 89 -> 94; stat Expertise: 30 -> 32; stat Parry: 59 -> 62; stat BonusArmor: 336 -> 345,,,drop Halls of Lightning TitanRuneBeta (Volkhan)
46344,Iceshear Mantle,classic,219,225,Halls of Lightning,TitanRuneBeta,ilvl: 219 -> 225; stat Stamina: 62 -> 66; stat Intellect: 56 -> 59; stat Spirit: 55 -> 58; stat SpellPower: 92 -> 97; stat SpellCrit: 47 -> 50; stat MeleeCrit: 47 -> 50; stat Armor: 233 -> 239,,,drop Halls of Lightning TitanRuneBeta (Ionar)
46345,Bracers of Righteous Reformation,classic,219,225,Halls of Stone,TitanRuneBeta,ilvl: 219 -> 225; stat Stamina: 53 -> 56; stat Intellect: 43 -> 46; stat SpellPower: 52 -> 55; stat MP5: 23 -> 24; stat SpellHaste: 29 -> 31; stat MeleeHaste: 29 -> 31; stat Armor: 1016 -> 1043,,,drop Halls of Stone TitanRuneBeta (Sjonnir The Ironshaper)
46346,Boots of Unsettled Prey,classic,219,225,Halls of Stone,TitanRuneBeta,ilvl: 219 -> 225; stat Agility: 57 -> 60; stat Stamina: 63 -> 67; stat Intellect: 42 -> 44; stat SpellCrit: 46 -> 49; stat AttackPower: 158 -> 167; stat MeleeCrit: 46 -> 49; stat ArmorPenetration: 41 -> 43; stat Armor: 893 -> 917; stat RangedAttackPower: 158 -> 167,,,drop Halls of Stone TitanRuneBeta (Sjonnir The Ironshaper)
46347,Cloak of the Dormant Blaze,classic,219,225,Halls of Lightning,TitanRuneBeta,ilvl: 219 -> 225; stat Stamina: 68 -> 72; stat Intellect: 30 -> 32; stat SpellPower: 69 -> 73; stat MP5: 24 -> 25; stat SpellCrit: 29 -> 31; stat MeleeCrit: 29 -> 31; stat Armor: 155 -> 159,,,drop Halls of Lightning TitanRuneBeta (General Bjarngrim)
46350,Pillar of Fortitude,classic,219,225,Halls of Lightning,TitanRuneBeta,ilvl: 219 -> 225; stat Stamina: 159 -> 168; stat Intellect: 106 -> 112; stat Spirit: 81 -> 86; stat SpellPower: 487 -> 515; stat SpellCrit: 53 -> 56; stat MeleeCrit: 53 -> 56; weapon damage min: 292 -> 313; weapon damage max: 539 -> 571,,,drop Halls of Lightning TitanRuneBeta (Loken)
46351,Bloodcrush Cudgel,classic,219,225,Halls of Stone,TitanRuneBeta,ilvl: 219 -> 225; stat Agility: 46 -> 49; stat Stamina: 39 -> 41; stat SpellCrit: 47 -> 50; stat AttackPower: 74 -> 78; stat MeleeCrit: 47 -> 50; stat Expertise: 25 -> 26; stat RangedAttackPower: 74 -> 78; weapon damage min: 171 -> 178; weapon damage max: 318 -> 332,,,drop Halls of Stone TitanRuneBeta (Sjonnir The Ironshaper)
46373,Furious Gladiator's Pendant of Sundering,classic,226,232,no source,,ilvl: 226 -> 232; stat Stamina: 94 -> 99; stat AttackPower: 126 -> 133; stat ArmorPenetration: 42 -> 44; stat RangedAttackPower: 126 -> 133; stat Resilience: 42 -> 44,,,
46839,Frostwolf Insignia Rank 7,unobtainable,0,200,no source,,ilvl: 0 -> 200; quality: ItemQualityJunk -> ItemQualityEpic; stat Expertise: 0 -> 84; stat Resilience: 0 -> 84,,,
46840,Frostwolf Insignia Rank 7,unobtainable,0,200,no source,,ilvl: 0 -> 200; quality: ItemQualityJunk -> ItemQualityEpic; stat Resilience: 0 -> 84,,,
46842,Crusader's Band,unobtainable,0,200,no source,,ilvl: 0 -> 200; quality: ItemQualityJunk -> ItemQualityEpic; stat Stamina: 0 -> 100,,,
46991,Belt of the Ice Burrower,classic,258,258,Trial of the Crusader,Raid25H,stat SpellPower: 124 -> 114; stat SpellCrit: 68 -> 60; stat MeleeCrit: 68 -> 60,,,drop Trial of the Crusader Raid25H (The Beasts of Northrend)
47566,The Warlord's Depravity,classic,219,219,Trial of the Champion,Heroic,stat BlockValue: 104 -> 0,,,drop Trial of the Champion Heroic (The Black Knight) | drop Trial of the Champion TitanRuneBeta (The Black Knight)
47720,Pauldrons of the Silver Defender,classic,232,232,Trial of the Crusader,Raid10,stat BlockValue: 151 -> 0,,,drop Trial of the Crusader Raid10 (Faction Champions)
47835,Bulwark of the Royal Guard,classic,232,232,Trial of the Crusader,Raid10,stat BlockValue: 324 -> 223,,,drop Trial of the Crusader Raid10 (Anub'arak)
47877,Sunreaver Defender's Pauldrons,classic,232,232,Trial of the Crusader,Raid10,stat BlockValue: 151 -> 0,,,drop Trial of the Crusader Raid10 (Faction Champions)
47910,Aegis of the Coliseum,classic,232,232,Trial of the Crusader,Raid10,stat BlockValue: 324 -> 223,,,drop Trial of the Crusader Raid10 (Anub'arak)
47944,Pauldrons of the Silver Defender,classic,245,245,Trial of the Crusader,Raid10H,stat BlockValue: 171 -> 0,,,drop Trial of the Crusader Raid10H (Faction Champions)
47978,Bulwark of the Royal Guard,classic,245,245,Trial of the Crusader,Raid10H,stat BlockValue: 347 -> 232,,,drop Trial of the Crusader Raid10H (Anub'arak)
48016,Sunreaver Defender's Pauldrons,classic,245,245,Trial of the Crusader,Raid10H,stat BlockValue: 171 -> 0,,,drop Trial of the Crusader Raid10H (Faction Champions)
48055,Aegis of the Coliseum,classic,245,245,Trial of the Crusader,Raid10H,stat BlockValue: 347 -> 232,,,drop Trial of the Crusader Raid10H (Anub'arak)
48954,Etched Band of the Kirin Tor,classic,226,232,vendor: Harold Winston,,ilvl: 226 -> 232; stat Agility: 41 -> 43; stat Stamina: 64 -> 68; stat SpellCrit: 43 -> 45; stat SpellHaste: 41 -> 43; stat AttackPower: 126 -> 133; stat MeleeCrit: 43 -> 45; stat MeleeHaste: 41 -> 43; stat RangedAttackPower: 126 -> 133,,,sold by Harold Winston (32172) in zone 4395
48955,Etched Loop of the Kirin Tor,classic,226,232,vendor: Harold Winston,,ilvl: 226 -> 232; stat Stamina: 62 -> 66; stat Intellect: 43 -> 45; stat Spirit: 43 -> 45; stat SpellPower: 74 -> 78; stat MP5: 21 -> 22,,,sold by Harold Winston (32172) in zone 4395
48956,Etched Ring of the Kirin Tor,classic,226,232,vendor: Harold Winston,,ilvl: 226 -> 232; stat Strength: 63 -> 67; stat Stamina: 94 -> 99; stat SpellCrit: 43 -> 45; stat MeleeCrit: 43 -> 45; stat Expertise: 41 -> 43,,,sold by Harold Winston (32172) in zone 4395
48957,Etched Signet of the Kirin Tor,classic,226,232,vendor: Harold Winston,,ilvl: 226 -> 232; stat Stamina: 62 -> 66; stat Intellect: 43 -> 45; stat SpellPower: 74 -> 78; stat SpellCrit: 41 -> 43; stat SpellHaste: 43 -> 45; stat MeleeCrit: 41 -> 43; stat MeleeHaste: 43 -> 45,,,sold by Harold Winston (32172) in zone 4395
49329,Gaze of Ten Storms,classic,232,232,no source,,socket bonus MP5: 4 -> 0,,,
49470,Helmet of Ten Storms,classic,245,245,no source,,socket bonus MP5: 4 -> 0,,,
49666,OMAR'S Furious Gladiator's Claymore,unobtainable,0,239,no source,,ilvl: 0 -> 239; quality: ItemQualityJunk -> ItemQualityEpic; stat Stamina: 0 -> 192; stat SpellCrit: 0 -> 70; stat AttackPower: 0 -> 224; stat MeleeCrit: 0 -> 70; stat RangedAttackPower: 0 -> 224; stat Resilience: 0 -> 85; weapon damage min: 0 -> 704; weapon damage max: 0 -> 1057; weapon speed: 0 -> 3.6; sockets:  -> Red+Blue; socket bonus AttackPower: 0 -> 12; socket bonus RangedAttackPower: 0 -> 12,,,
49795,Sollerets of Suffering,classic,219,219,The Forge of Souls,Normal,stat BlockValue: 140 -> 0,,,drop The Forge of Souls Normal (Devourer of Souls)
49843,Crystalline Citadel Gauntlets,classic,219,219,Halls of Reflection,Normal,stat BlockValue: 142 -> 0,,,drop Halls of Reflection Normal (Wrath of the Lich King)
49853,Titanium Links of Lore,classic,219,219,no source,,stat BlockValue: 124 -> 0,,,
49933,Argent Crusader's Shield,unobtainable,0,200,no source,,ilvl: 0 -> 200; quality: ItemQualityJunk -> ItemQualityRare; stat Stamina: 0 -> 49; stat Intellect: 0 -> 21; stat SpellPower: 0 -> 50; stat SpellCrit: 0 -> 29; stat MeleeCrit: 0 -> 29; stat Armor: 0 -> 7278; stat BlockValue: 0 -> 204; stat Resilience: 0 -> 28,,,
50204,Wand of the Drowned Contessa,unobtainable,264,264,no source,,stat Stamina: 73 -> 39; stat Intellect: 51 -> 39; stat SpellPower: 0 -> 60,,,
50400,Ashen Band of Endless Wisdom,classic,277,277,other,,socket bonus MP5: 2 -> 0,,,quest  (0)
50784,Deathspeaker Disciple's Belt,classic,251,251,Icecrown Citadel,Raid10,socket bonus MP5: 3 -> 0,,,drop Icecrown Citadel Raid10 (Lady Deathwhisper)
51006,Shuffling Shoes,classic,251,251,Icecrown Citadel,Raid10,socket bonus MP5: 4 -> 0,,,drop Icecrown Citadel Raid10 (Rotface)
51408,Wrathful Gladiator's Grimoire,classic,270,270,no source,,stat SpellPenetration: 79 -> 0,,,
51531,Wrathful Gladiator's Piercing Touch,classic,264,264,no source,,stat SpellPenetration: 43 -> 0,,,
51561,Dreamhunter's Carbine,classic,251,251,Icecrown Citadel,Raid10,stat BlockValue: 63 -> 0,,,drop Icecrown Citadel Raid10 (Valithria Dreamwalker)
51834,Dreamhunter's Carbine,classic,264,264,Icecrown Citadel,Raid10H,stat BlockValue: 71 -> 0,,,drop Icecrown Citadel Raid10H (Valithria Dreamwalker)
51873,Shuffling Shoes,classic,264,264,Icecrown Citadel,Raid10H,socket bonus MP5: 3 -> 0,,,drop Icecrown Citadel Raid10H (Rotface)
51919,Deathspeaker Disciple's Belt,classic,264,264,Icecrown Citadel,Raid10H,socket bonus MP5: 3 -> 0,,,drop Icecrown Citadel Raid10H (Lady Deathwhisper)
