kind,id,name,context,go_verdict,classic_verdict,spell_chain,server_values,server_values_not_in_go,go_numbers,go_locations,server_values_not_in_classic,classic_tooltip_numbers,server_description,classic_tooltip_text,module_files
set,674,Absolution Regalia,2 pieces,review Go locations,differs,38413,38413 effect1=3000,,2 4 1.1 1 0,sim/priest/items.go:11 sim/priest/mind_blast.go:57 sim/priest/shadow_word_pain.go:61,38413 effect1=3000,3,Increases the duration of your Shadow Word: Pain ability by ${$m1/1000} sec.,Increased Shadow Word: Pain Duration Requires Priest Increases the duration of your Shadow Word: Pain ability by 3 sec.,
set,674,Absolution Regalia,4 pieces,review Go locations,match,38412,38412 effect1=10,,2 4 1.1 1 0,sim/priest/items.go:11 sim/priest/mind_blast.go:57 sim/priest/shadow_word_pain.go:61,,10,Increases the damage from your Mind Blast ability by $s1%.,Improved Mind Blast Requires Priest Increases the damage from your Mind Blast ability by 10%.,
set,820,Aegis Battlegear,2 pieces,review Go locations,match,64878,64878 effect1=10,,2 4 10 0 0.1,sim/paladin/items.go:64 sim/paladin/crusader_strike.go:40 sim/paladin/divine_storm.go:36 sim/paladin/items.go:76,,8 2 10,Increases the damage done by your Exorcism and Hammer of Wrath abilities by $s1%.,Item - Paladin T8 Retribution 2P Bonus Requires Paladin Increases the damage done by your Exorcism and Hammer of Wrath abilities by 10%.,
set,820,Aegis Battlegear,4 pieces,review Go locations,match,64879,64879 effect1=10,,2 4 10 0 0.1,sim/paladin/items.go:64 sim/paladin/crusader_strike.go:40 sim/paladin/divine_storm.go:36 sim/paladin/items.go:76,,8 4 10,Increases the critical strike chance of your Divine Storm and Crusader Strike abilities by $s1%.,Item - Paladin T8 Retribution 4P Bonus Requires Paladin Increases the critical strike chance of your Divine Storm and Crusader Strike abilities by 10%.,
set,821,Aegis Plate,2 pieces,review Go locations,match,64881,64881 effect1=10; 64881 effect2=10,,2 4 0.1 0 64883 225 6,sim/paladin/items.go:171 sim/paladin/items.go:183 sim/paladin/shield_of_righteousness.go:12,,8 2 10,"Increases the damage done by your Seals of Vengeance, Corruption, and Righteousness by $s1%.","Item - Paladin T8 Protection 2P Bonus Requires Paladin Increases the damage done by your Seals of Vengeance, Corruption, and Righteousness by 10%.",
set,821,Aegis Plate,4 pieces,review Go locations,match,64882 > 64883,64883 effect1=225; 64883 duration=6,,2 4 0.1 0 225 6,sim/paladin/items.go:171 sim/paladin/items.go:183 sim/paladin/shield_of_righteousness.go:12,,8 4 225 6 225 6,Shield of Righteousness now increases your shield block value by $64883s1 for that attack and for $64883d afterward.,Item - Paladin T8 Protection 4P Bonus Requires Paladin Shield of Righteousness now increases your shield block value by 225 for that attack and for 6 sec afterward.,
set,822,Aegis Regalia,2 pieces,not in sim Go,match,64890,64890 effect1=15,,,,,8 2 15 9,"Your Holy Shock critical heals now also place a periodic healing effect on the target, healing for $64890s1% of the Holy Shock's heal amount over $64891d.","Item - Paladin T8 Holy 2P Bonus Requires Paladin Your Holy Shock critical heals now also place a periodic healing effect on the target, healing for 15% of the Holy Shock's heal amount over 9 sec.",
set,822,Aegis Regalia,4 pieces,not in sim Go,match,64895,64895 effect1=4,,,,,8 4 6,Your Sacred Shield can now trigger its effect every $s1 sec instead of every $s2.,Item - Paladin T8 Holy 4P Bonus Requires Paladin Your Sacred Shield can now trigger its effect every 4 sec instead of every 6.,
set,891,Ahn'Kahar Blood Hunter's Battlegear,2 pieces,review Go locations,match,70727 > 70728,70727 proc chance=5; 70728 effect1=15; 70728 duration=10,,2 0.05 10 1.15 4 70730 0.2,sim/hunter/wotlk_items.go:136,,10 2 5 15 10 5 1 15,Your Auto Shots have a $h% chance to cause you and your pet to deal $70728s1% additional damage for $70728d.,Item - Hunter T10 2P Bonus Requires Druid Your Auto Shots have a 5% chance to cause you and your pet to deal 15% additional damage for 10 sec. (Proc chance: 5%),
set,891,Ahn'Kahar Blood Hunter's Battlegear,4 pieces,review Go locations,match,70730 > 71007,70730 proc chance=5; 71007 effect1=20; 71007 effect2=20; 71007 duration=10,,2 0.05 70727 10 1.15 4 0.2,sim/hunter/wotlk_items.go:136,,10 4 5 20 10 5 1 20,"When your Serpent Sting and Wyvern Sting abilities deal damage, you have a $h% chance to gain $71007s1% attack power for $71007d.","Item - Hunter T10 4P Bonus Requires Hunter When your Serpent Sting and Wyvern Sting abilities deal damage, you have a 5% chance to gain 20% attack power for 10 sec. (Proc chance: 5%)",
set,784,Blessed Battlegear of Undead Slaying,2 pieces,review Go locations,manual: no numeric values (scripted spell),57943,,,,sim/common/wotlk/item_sets.go:147,,1,Increases your damage against undead by $s1%.,Increased Damage 1 Increases your damage against undead by 1%.,
set,784,Blessed Battlegear of Undead Slaying,3 pieces,review Go locations,match,29068,29068 effect1=2,,,sim/common/wotlk/item_sets.go:147,,2,Increases your damage against undead by $s1%.,Increased Damage 2 Increases your damage against undead by 2%.,
set,784,Blessed Battlegear of Undead Slaying,4 pieces,review Go locations,match,57944,57944 effect1=3,,,sim/common/wotlk/item_sets.go:147,,3,Increases your damage against undead by $s1%.,Increased Damage 3 Increases your damage against undead by 3%.,
set,783,Blessed Garb of the Undead Slayer,2 pieces,review Go locations,manual: no numeric values (scripted spell),57943,,,,sim/common/wotlk/item_sets.go:149,,1,Increases your damage against undead by $s1%.,Increased Damage 1 Increases your damage against undead by 1%.,
set,783,Blessed Garb of the Undead Slayer,3 pieces,review Go locations,match,29068,29068 effect1=2,,,sim/common/wotlk/item_sets.go:149,,2,Increases your damage against undead by $s1%.,Increased Damage 2 Increases your damage against undead by 2%.,
set,783,Blessed Garb of the Undead Slayer,4 pieces,review Go locations,match,57944,57944 effect1=3,,,sim/common/wotlk/item_sets.go:149,,3,Increases your damage against undead by $s1%.,Increased Damage 3 Increases your damage against undead by 3%.,
set,781,Blessed Regalia of Undead Cleansing,2 pieces,review Go locations,manual: no numeric values (scripted spell),57943,,,,sim/common/wotlk/item_sets.go:148,,1,Increases your damage against undead by $s1%.,Increased Damage 1 Increases your damage against undead by 1%.,
set,781,Blessed Regalia of Undead Cleansing,3 pieces,review Go locations,match,29068,29068 effect1=2,,,sim/common/wotlk/item_sets.go:148,,2,Increases your damage against undead by $s1%.,Increased Damage 2 Increases your damage against undead by 2%.,
set,781,Blessed Regalia of Undead Cleansing,4 pieces,review Go locations,match,57944,57944 effect1=3,,,sim/common/wotlk/item_sets.go:148,,3,Increases your damage against undead by $s1%.,Increased Damage 3 Increases your damage against undead by 3%.,
set,883,Bloodmage's Regalia,4 pieces,review Go locations,match,70748 > 70747,70747 effect1=18; 70747 duration=30,,2 4 30 1.18,sim/mage/items.go:94 sim/mage/items.go:106 sim/mage/mirror_image.go:15,,10 4 18 30 1 18,Your Mirror Image ability also causes you to deal $70747s1% additional damage for $70747d.,Item - Mage T10 4P Bonus Requires Mage Your Mirror Image ability also causes you to deal 18% additional damage for 30 sec.,
set,883,Bloodmage's Regalia,2 pieces,review Go locations,differs,70752,70752 effect1=15,,2 4 70748 30 1.18,sim/mage/items.go:94 sim/mage/items.go:106 sim/mage/mirror_image.go:15,70752 effect1=15,10 2 12 5,"Your Hot Streak, Missile Barrage, and Brain Freeze talents also grant you $70753s1% haste for $70753d when the effect of the talent is consumed.","Item - Mage T10 2P Bonus Requires Mage Your Hot Streak, Missile Barrage, and Brain Freeze talents also grant you 12% haste for 5 sec when the effect of the talent is consumed.",
set,801,Bonescythe Battlegear,2 pieces,review Go locations,match,60162,60162 effect1=10,,2 4 0.1 0 0.95,sim/rogue/items.go:122 sim/rogue/rupture.go:44 sim/rogue/talents.go:99,,10,Increases the damage dealt by your Rupture by $s1%.,Increase Rupture Damage Requires Rogue Increases the damage dealt by your Rupture by 10%.,
set,801,Bonescythe Battlegear,4 pieces,review Go locations,match,60163,60163 effect1=5,,2 4 0.1 0 0.95,sim/rogue/items.go:122 sim/rogue/rupture.go:44 sim/rogue/talents.go:99,,5,Reduces the Energy cost of your Combo Moves by $s1%.,Cheaper Combo Moves Requires Rogue Reduces the Energy cost of your Combo Moves by 5%.,
set,754,Borean Embrace,2 pieces,not in sim Go,match,51273,51273 effect1=15,,,,,15,Increases your crit rating by $s1.,Increased Crit 15 Increases your crit rating by 15.,
set,754,Borean Embrace,4 pieces,not in sim Go,match,51274,51274 effect1=30,,,,,15 30,Increases your attack power by $s1.,Increased Attack Power 15 Increases your attack power by 30.,
set,582,Gladiator's Aegis,4 pieces,not in sim Go,differs,61776,61776 effect1=1000,,,,61776 effect1=1000,1,Reduces the cooldown of your Judgements by $/1000;s1 sec.,Judgement Cooldown Reduction Requires Paladin Reduces the cooldown of your Judgements by 1 sec.,
set,582,Gladiator's Aegis,2 pieces,not in sim Go,match,40044,40044 effect1=35,,,,,35,+$s1 Resilience Rating.,Increased Resilience 35 +35 Resilience Rating.,
set,567,Gladiator's Battlegear,4 pieces,not in sim Go,differs,22738,22738 effect1=5000,,,,22738 effect1=5000,1 5,Reduces the cooldown of your Intercept ability by $/1000;s1 sec.,Intercept Cooldown Reduction Rank 1 Requires Warrior Reduces the cooldown of your Intercept ability by 5 sec.,
set,567,Gladiator's Battlegear,2 pieces,not in sim Go,match,32145,32145 effect1=35,,,,,35,+$s1 Resilience Rating.,Increased Resilience 35 +35 Resilience Rating.,
set,568,Gladiator's Dreadgear,2 pieces,not in sim Go,match,40042,40042 effect1=35,,,,,35,+$s1 Resilience Rating.,Increased Resilience 35 +35 Resilience Rating.,
set,568,Gladiator's Dreadgear,4 pieces,not in sim Go,differs,23047,23047 effect1=200; 23047 effect2=200,,,,23047 effect1=200; 23047 effect2=200,0.2,Reduces the casting time of your Fear spell by ${$m1/-1000}.1 sec.,Fear Cast Time Reduction Requires Warlock Reduces the casting time of your Fear spell by 0.2 sec.,
set,760,Gladiator's Dreadplate,2 pieces,not in sim Go,match,40044,40044 effect1=35,,,,,35,+$s1 Resilience Rating.,Increased Resilience 35 +35 Resilience Rating.,
set,578,Gladiator's Earthshaker,4 pieces,not in sim Go,differs,33018,33018 effect1=2000,,,,33018 effect1=2000,1 2,Reduces the cooldown of your Stormstrike ability by $/1000;s1 sec.,Shaman Stormstrike Cooldown Reduction Rank 1 Requires Shaman Reduces the cooldown of your Stormstrike ability by 2 sec.,
set,578,Gladiator's Earthshaker,2 pieces,not in sim Go,match,32145,32145 effect1=35,,,,,35,+$s1 Resilience Rating.,Increased Resilience 35 +35 Resilience Rating.,
set,615,Gladiator's Felshroud,2 pieces,not in sim Go,match,40053,40053 effect1=35,,,,,35,+$s1 Resilience Rating.,Increased Resilience 35 +35 Resilience Rating.,
set,615,Gladiator's Felshroud,4 pieces,not in sim Go,differs,23047,23047 effect1=200; 23047 effect2=200,,,,23047 effect1=200; 23047 effect2=200,0.2,Reduces the casting time of your Fear spell by ${$m1/-1000}.1 sec.,Fear Cast Time Reduction Requires Warlock Reduces the casting time of your Fear spell by 0.2 sec.,
set,687,Gladiator's Investiture,4 pieces,not in sim Go,differs,33333,33333 effect1=2000,,,,33333 effect1=2000,2,Reduces the duration of the Weakened Soul effect caused by your Power Word: Shield by $/1000;s1 sec.,Weakened Soul Reduction Requires Priest Reduces the duration of the Weakened Soul effect caused by your Power Word: Shield by 2 sec.,
set,687,Gladiator's Investiture,2 pieces,not in sim Go,match,40043,40043 effect1=35,,,,,35,+$s1 Resilience Rating.,Increased Resilience 35 +35 Resilience Rating.,
set,586,Gladiator's Pursuit,2 pieces,not in sim Go,match,32145,32145 effect1=35,,,,,35,+$s1 Resilience Rating.,Increased Resilience 35 +35 Resilience Rating.,
set,586,Gladiator's Pursuit,4 pieces,not in sim Go,differs,44292,44292 effect1=1000,,,,44292 effect1=1000,1,Reduces the cooldown of your Multi-Shot ability by ${$m1/-1000} sec.,Improved Multi-Shot Requires Hunter Reduces the cooldown of your Multi-Shot ability by 1 sec.,
set,581,Gladiator's Raiment,2 pieces,not in sim Go,match,40042,40042 effect1=35,,,,,35,+$s1 Resilience Rating.,Increased Resilience 35 +35 Resilience Rating.,
set,581,Gladiator's Raiment,4 pieces,not in sim Go,differs,33333,33333 effect1=2000,,,,33333 effect1=2000,2,Reduces the duration of the Weakened Soul effect caused by your Power Word: Shield by $/1000;s1 sec.,Weakened Soul Reduction Requires Priest Reduces the duration of the Weakened Soul effect caused by your Power Word: Shield by 2 sec.,
set,690,Gladiator's Redemption,2 pieces,not in sim Go,match,40043,40043 effect1=35,,,,,35,+$s1 Resilience Rating.,Increased Resilience 35 +35 Resilience Rating.,
set,690,Gladiator's Redemption,4 pieces,not in sim Go,match,46851,46851 effect1=10,,,,,10,Increases the effective spell power of your Holy Shock when used as a healing spell by $m%.,Holy Shock Bonus Requires Paladin Increases the effective spell power of your Holy Shock when used as a healing spell by 10%.,
set,685,Gladiator's Refuge,2 pieces,not in sim Go,match,40043,40043 effect1=35,,,,,35,+$s1 Resilience Rating.,Increased Resilience 35 +35 Resilience Rating.,
set,685,Gladiator's Refuge,4 pieces,not in sim Go,differs,46834,46834 effect1=200; 46834 proc chance=15,,,,46834 effect1=200,0.2 15,The casting time on your Regrowth spell is reduced by ${$m1/-1000}.2 sec.,"Restoration Regrowth Bonus Requires Druid The casting time on your Regrowth spell is reduced by 0.20 sec. (Proc chance: 15%, 15s cooldown)",
set,579,Gladiator's Regalia,2 pieces,not in sim Go,match,40042,40042 effect1=35,,,,,35,+$s1 Resilience Rating.,Increased Resilience 35 +35 Resilience Rating.,
set,579,Gladiator's Regalia,4 pieces,not in sim Go,differs,44302,44302 effect1=150,,,,44302 effect1=150,0.15,Reduces the casting time of your Polymorph spell by ${$m1/-1000}.2 sec.,Improved Polymorph Requires Mage Reduces the casting time of your Polymorph spell by 0.15 sec.,
set,584,Gladiator's Sanctuary,2 pieces,not in sim Go,match,32145,32145 effect1=35,,,,,35,+$s1 Resilience Rating.,Increased Resilience 35 +35 Resilience Rating.,
set,584,Gladiator's Sanctuary,4 pieces,not in sim Go,match,23218,23218 effect1=15,,,,,15,"Increases your movement speed by $s1% while in Bear Form, Cat Form, or Travel Form.  Only active outdoors.","Feral Move Speed Increase Requires Druid Requires Cat Form, Travel Form, Bear Form, Dire Bear Form Increases your movement speed by 15% while in Bear Form, Cat Form, or Travel Form. Only active outdoors.",
set,580,Gladiator's Thunderfist,2 pieces,not in sim Go,match,40042,40042 effect1=35,,,,,35,+$s1 Resilience Rating.,Increased Resilience 35 +35 Resilience Rating.,
set,580,Gladiator's Thunderfist,4 pieces,not in sim Go,differs,44299,44299 effect1=1500,,,,44299 effect1=1500,1.5,Reduces the cooldown of your Grounding Totem ability by ${$m1/-1000}.1 sec.,Improved Grounding Totem Requires Shaman Reduces the cooldown of your Grounding Totem ability by 1.5 sec.,
set,577,Gladiator's Vestments,2 pieces,not in sim Go,match,32145,32145 effect1=35,,,,,35,+$s1 Resilience Rating.,Increased Resilience 35 +35 Resilience Rating.,
set,577,Gladiator's Vestments,4 pieces,not in sim Go,match,21975,21975 effect1=10,,,,,10,Increases your maximum Energy by $s1.,Vigor Increases your maximum Energy by 10.,
set,583,Gladiator's Vindication,2 pieces,not in sim Go,match,32145,32145 effect1=35,,,,,35,+$s1 Resilience Rating.,Increased Resilience 35 +35 Resilience Rating.,
set,583,Gladiator's Vindication,4 pieces,not in sim Go,differs,61776,61776 effect1=1000,,,,61776 effect1=1000,1,Reduces the cooldown of your Judgements by $/1000;s1 sec.,Judgement Cooldown Reduction Requires Paladin Reduces the cooldown of your Judgements by 1 sec.,
set,686,Gladiator's Wartide,4 pieces,not in sim Go,differs,44299,44299 effect1=1500,,,,44299 effect1=1500,1.5,Reduces the cooldown of your Grounding Totem ability by ${$m1/-1000}.1 sec.,Improved Grounding Totem Requires Shaman Reduces the cooldown of your Grounding Totem ability by 1.5 sec.,
set,686,Gladiator's Wartide,2 pieces,not in sim Go,match,40043,40043 effect1=35,,,,,35,+$s1 Resilience Rating.,Increased Resilience 35 +35 Resilience Rating.,
set,585,Gladiator's Wildhide,2 pieces,not in sim Go,match,40042,40042 effect1=35,,,,,35,+$s1 Resilience Rating.,Increased Resilience 35 +35 Resilience Rating.,
set,585,Gladiator's Wildhide,4 pieces,not in sim Go,differs,46832 > 46833,46832 proc chance=15; 46832 proc cooldown=15; 46833 effect1=1500; 46833 duration=15,,,,46833 effect1=1500,1.5 15 1.5,Your Wrath casts have a chance to reduce the cast time on your next Starfire by 1.5 sec.,"Moonkin Starfire Bonus Requires Druid Your Wrath casts have a chance to reduce the cast time on your next Starfire by 1.5 sec. (Proc chance: 15%, 15s cooldown)",
set,885,Crimson Acolyte's Raiment,4 pieces,review Go locations,match,70798,70798 effect1=5; 70798 effect2=10,,2 70770 1 0 0.07 0.14 0.2 3 0.33 4 1.1 1.05,sim/priest/items.go:150 sim/priest/circle_of_healing.go:44 sim/priest/power_word_shield.go:55 sim/priest/power_word_shield.go:102,,10 4 5 10,Increases the effect of Power Word: Shield by $s1% and Circle of Healing by $s2%.,Item - Priest T10 Healer 4P Bonus Requires Priest Increases the effect of Power Word: Shield by 5% and Circle of Healing by 10%.,
set,885,Crimson Acolyte's Raiment,2 pieces,review Go locations,match,70770,70770 effect1=33; 70770 proc chance=33,,2 1 0 0.07 0.14 0.2 3 0.33 4 1.1 1.05,sim/priest/items.go:150 sim/priest/circle_of_healing.go:44 sim/priest/power_word_shield.go:55 sim/priest/power_word_shield.go:102,,10 2 33 9 33,Your Flash Heal has a $h% chance to cause the target to heal for $s1% of the healed amount over $70809d.,Item - Priest T10 Healer 2P Bonus Requires Priest Your Flash Heal has a 33% chance to cause the target to heal for 33% of the healed amount over 9 sec. (Proc chance: 33%),
set,886,Crimson Acolyte's Regalia,4 pieces,review Go locations,differs,70801,70801 effect1=510; 70801 effect2=170,,2 4 5 0 0.17 170,sim/priest/items.go:138 sim/priest/devouring_plague.go:28 sim/priest/devouring_plague.go:67 sim/priest/mind_flay.go:70 sim/priest/set_bonuses.go:11 sim/priest/set_bonuses.go:12 sim/priest/shadow_word_pain.go:39 sim/priest/vampiric_touch.go:30,70801 effect1=510; 70801 effect2=170,10 4 0.5 0.17,Reduces the channel duration by ${$m1/-1000}.1 sec and period by ${$m1/-3000}.2 sec on your Mind Flay spell.,Item - Priest T10 Shadow 4P Bonus Requires Priest Reduces the channel duration by 0.5 sec and period by 0.17 sec on your Mind Flay spell.,
set,886,Crimson Acolyte's Regalia,2 pieces,review Go locations,match,70800,70800 effect1=5,,2 4 5 0 0.17 170,sim/priest/items.go:138 sim/priest/devouring_plague.go:28 sim/priest/devouring_plague.go:67 sim/priest/mind_flay.go:70 sim/priest/set_bonuses.go:11 sim/priest/set_bonuses.go:12 sim/priest/shadow_word_pain.go:39 sim/priest/vampiric_touch.go:30,,10 2 5,"The critical strike chance of your Shadow Word: Pain, Devouring Plague, and Vampiric Touch spells is increased by $s1%.","Item - Priest T10 Shadow 2P Bonus Requires Priest The critical strike chance of your Shadow Word: Pain, Devouring Plague, and Vampiric Touch spells is increased by 5%.",
set,794,Cryptstalker Battlegear,2 pieces,review Go locations,manual: no numeric values (scripted spell),60143 > 18350,,,2 1.05 4,sim/hunter/wotlk_items.go:34 sim/hunter/aspects.go:86,,5,Your pet deals an additional 5% damage.,Kill Command Pet Boost Requires Rogue Your pet deals an additional 5% damage.,
set,794,Cryptstalker Battlegear,4 pieces,review Go locations,match,60144,60144 effect1=20,,2 1.05 4,sim/hunter/wotlk_items.go:34 sim/hunter/aspects.go:86,,20,Your ranged attack speed is increased by $s1% while Aspect of the Viper is active.,Viper Attack Speed Requires Hunter Your ranged attack speed is increased by 20% while Aspect of the Viper is active.,
set,884,Dark Coven's Regalia,4 pieces,review Go locations,match,70841 > 70840,70841 proc chance=15; 70840 effect1=10; 70840 duration=10,,2 4 10 1.1 0.15 5 0,sim/warlock/items.go:132 sim/warlock/corruption.go:32 sim/warlock/incinerate.go:34 sim/warlock/shadowbolt.go:42 sim/warlock/soul_fire.go:30,,10 4 15 10 15 100 1 10,"Each time your Immolate and Unstable Affliction spells deal periodic damage, you have a $h% chance to gain $70840s1% damage done by you and your pet for $70840d.","Item - Warlock T10 4P Bonus Requires Warlock Each time your Immolate and Unstable Affliction spells deal periodic damage, you have a 15% chance to gain 10% damage done by you and your pet for 10 sec. (Proc chance: 15%)",
set,884,Dark Coven's Regalia,2 pieces,review Go locations,match,70839,70839 effect1=5,,2 4 70840 10 1.1 0.15 5 0,sim/warlock/items.go:132 sim/warlock/corruption.go:32 sim/warlock/incinerate.go:34 sim/warlock/shadowbolt.go:42 sim/warlock/soul_fire.go:30,,10 2 5,"The critical strike chance of your Shadowbolt, Incinerate, Soulfire, and Corruption spells is increased by $s1%.","Item - Warlock T10 2P Bonus Requires Warlock The critical strike chance of your Shadowbolt, Incinerate, Soulfire, and Corruption spells is increased by 5%.",
set,834,Darkruned Battlegear,2 pieces,review Go locations,match,64735,64735 effect1=8,,2 4 1.2 8 0,sim/deathknight/items.go:58 sim/deathknight/diseases.go:58 sim/deathknight/items.go:72,,8 2 8,Increases the critical strike chance of Death Coil and Frost Strike by $s1%.,Item - Death Knight T8 Melee 2P Bonus Requires Death Knight Increases the critical strike chance of Death Coil and Frost Strike by 8%.,
set,834,Darkruned Battlegear,4 pieces,review Go locations,match,64736,64736 effect1=20,,2 4 1.2 8 0,sim/deathknight/items.go:58 sim/deathknight/diseases.go:58 sim/deathknight/items.go:72,,8 4 20,"Increases the bonus damage done per disease by $s1% on Blood Strike, Heart Strike, Obliterate, and Scourge Strike.","Item - Death Knight T8 Melee 4P Bonus Requires Death Knight Increases the bonus damage done per disease by 20% on Blood Strike, Heart Strike, Obliterate, and Scourge Strike.",
set,835,Darkruned Plate,2 pieces,review Go locations,match,64744,64744 effect1=10,,2 4 1.1 1 0.9,sim/deathknight/items.go:76 sim/deathknight/items.go:89 sim/deathknight/items.go:93,,8 2 10,Increases the damage done by Rune Strike by $s1%.,Item - Death Knight T8 Tank 2P Bonus Requires Death Knight Increases the damage done by Rune Strike by 10%.,
set,835,Darkruned Plate,4 pieces,review Go locations,differs,64745 > 64748,64748 effect1=10; 64748 duration=5,,2 4 1.1 1 0.9,sim/deathknight/items.go:76 sim/deathknight/items.go:89 sim/deathknight/items.go:93,64748 duration=5,8 4 10,Anti-magic shell also grants you $64748s1% reduction to physical damage taken.,Item - Death Knight T8 Tank 4P Bonus Requires Death Knight Anti-magic shell also grants you 10% reduction to physical damage taken.,
set,837,Deathbringer Garb,2 pieces,review Go locations,match,64931,64931 effect1=20; 64931 effect2=10; 64931 effect3=10,,2 4 0.1 0 5 0.2,sim/warlock/items.go:99 sim/warlock/conflagrate.go:48 sim/warlock/immolate.go:41 sim/warlock/incinerate.go:33 sim/warlock/shadowbolt.go:41 sim/warlock/unstable_affliction.go:37,,8 2 20 10,Increases the damage done by your Unstable Affliction by $s1% and your Immolate by $s2%.,Item - Warlock T8 2P Bonus Requires Warlock Increases the damage done by your Unstable Affliction by 20% and your Immolate by 10%.,
set,837,Deathbringer Garb,4 pieces,review Go locations,match,64932,64932 effect1=5,,2 4 0.1 0 5 0.2,sim/warlock/items.go:99 sim/warlock/conflagrate.go:48 sim/warlock/immolate.go:41 sim/warlock/incinerate.go:33 sim/warlock/shadowbolt.go:41 sim/warlock/unstable_affliction.go:37,,8 4 5,Increases the critical strike chance of your Shadow Bolt and Incinerate spells by $s1%.,Item - Warlock T8 4P Bonus Requires Warlock Increases the critical strike chance of your Shadow Bolt and Incinerate spells by 5%.,
set,788,Dreadnaught Battlegear,2 pieces,review Go locations,match,60174,60174 effect1=10,,2 4 61571 30 5 0 0.1,sim/warrior/items.go:122 sim/warrior/slam.go:34,,10,Increases the damage of your Slam by $s1%.,Slam Damage Up Requires Warrior Increases the damage of your Slam by 10%.,
set,788,Dreadnaught Battlegear,4 pieces,review Go locations,differs,60176 > 61571,60176 proc chance=10; 61571 effect1=50; 61571 duration=30,,2 4 30 5 0 0.1,sim/warrior/items.go:122 sim/warrior/slam.go:34,61571 effect1=50; 61571 duration=30,5 10 5,Your Bleed periodic effects have a chance to make your next ability cost 5 less rage.,Bleed Cost Reduction Requires Warrior Your Bleed periodic effects have a chance to make your next ability cost 5 less rage. (Proc chance: 10%),
set,787,Dreadnaught Plate,2 pieces,review Go locations,match,60173,60173 effect1=10,,2 4 0.1 0 3,sim/warrior/items.go:62 sim/warrior/shield_slam.go:55 sim/warrior/shield_wall.go:15,,10,Increases the damage of your Shield Slam by $s1%.,Shield Slam Damage Up Requires Warrior Increases the damage of your Shield Slam by 10%.,
set,787,Dreadnaught Plate,4 pieces,review Go locations,differs,60175,60175 effect1=3000,,2 4 0.1 0 3,sim/warrior/items.go:62 sim/warrior/shield_slam.go:55 sim/warrior/shield_wall.go:15,60175 effect1=3000,3,Increases the duration of your Shield Wall by $/1000;s1 seconds.,Shield Wall Duration Requires Warrior Increases the duration of your Shield Wall by 3 seconds.,
set,798,Dreamwalker Battlegear,2 pieces,review Go locations,differs,60141,60141 effect1=4000; 60141 effect2=5,,2 4 3 0 1.05 1,sim/druid/items.go:264 sim/druid/barkskin.go:17 sim/druid/feral/rotation.go:705 sim/druid/lacerate.go:19 sim/druid/rip.go:13 sim/druid/rip.go:94 sim/druid/tigers_fury.go:15,60141 effect1=4000,4 5,"Your Rip lasts for an additional $/1000;s1 seconds, and your Lacerate deals an additional $s2% damage.","Rip Duration/Lacerate Damage Requires Druid Your Rip lasts for an additional 4 seconds, and your Lacerate deals an additional 5% damage.",
set,798,Dreamwalker Battlegear,4 pieces,review Go locations,differs,60142,60142 effect1=3000; 60142 effect2=3000,,2 4 3 0 1.05 1,sim/druid/items.go:264 sim/druid/barkskin.go:17 sim/druid/feral/rotation.go:705 sim/druid/lacerate.go:19 sim/druid/rip.go:13 sim/druid/rip.go:94 sim/druid/tigers_fury.go:15,60142 effect1=3000; 60142 effect2=3000,3,Increases the duration of Barkskin by $/1000;s1 seconds and decreases the cooldown of Tiger's Fury by $/1000;s2 seconds.,Barkskin Duration Increase Requires Druid Increases the duration of Barkskin by 3 seconds and decreases the cooldown of Tiger's Fury by 3 seconds.,
set,800,Dreamwalker Garb,2 pieces,review Go locations,match,60138,60138 effect1=10,,2 4 0.1 0 5,sim/druid/items.go:36 sim/druid/insect_swarm.go:56 sim/druid/starfire.go:54 sim/druid/wrath.go:37,,10,Your Insect Swarm deals an additional $s1% damage.,Insect Swarm Damage Requires Druid Your Insect Swarm deals an additional 10% damage.,
set,800,Dreamwalker Garb,4 pieces,review Go locations,match,60139,60139 effect1=5,,2 4 0.1 0 5,sim/druid/items.go:36 sim/druid/insect_swarm.go:56 sim/druid/starfire.go:54 sim/druid/wrath.go:37,,5,Your Wrath and Starfire spells gain an additional $s1% critical strike chance.,Wrath/Starfire Crit Requires Druid Your Wrath and Starfire spells gain an additional 5% critical strike chance.,
set,799,Dreamwalker Regalia,2 pieces,not in sim Go,match,60135,60135 effect1=5,,,,,5,The cost of your Lifebloom is reduced by $s1%.,Reduced Lifebloom Cost Requires Druid The cost of your Lifebloom is reduced by 5%.,
set,799,Dreamwalker Regalia,4 pieces,not in sim Go,match,60137,60137 effect1=5,,,,,5,Your Nourish heals an additional $s1% for each of your heal over time effects present on the target.,Nourish Heal Boost Requires Druid Your Nourish heals an additional 5% for each of your heal over time effects present on the target.,
set,764,Duskweaver,2 pieces,not in sim Go,match,55595,55595 effect1=18; 55595 effect2=18,,,,,15 18,Increases your spell power by $s1.,Increase Spell Power 15 Increases your spell power by 18.,
set,764,Duskweaver,4 pieces,not in sim Go,match,55596,55596 effect1=25,,,,,25,Increases your Stamina by $s1.,Increase Stamina 25 Increases your Stamina by 25.,
set,795,Earthshatter Battlegear,2 pieces,review Go locations,match,60168,60168 effect1=10,,2 4 0.1 0 0.05,sim/shaman/items_wotlk.go:201 sim/shaman/lightning_shield.go:25 sim/shaman/talents.go:328,,10,Your Lightning Shield damage is increased by $s1%.,Lightning Shield Boost Requires Shaman Your Lightning Shield damage is increased by 10%.,
set,795,Earthshatter Battlegear,4 pieces,review Go locations,match,60169,60169 effect1=5,,2 4 0.1 0 0.05,sim/shaman/items_wotlk.go:201 sim/shaman/lightning_shield.go:25 sim/shaman/talents.go:328,,5,Your Flurry effect provides an additional $s1% melee haste.,Flurry Haste Speedup Requires Shaman Your Flurry effect provides an additional 5% melee haste.,
set,796,Earthshatter Garb,2 pieces,review Go locations,match,60164,60164 effect1=5,,2 4 0.1 0 0.95 1,sim/shaman/items_wotlk.go:25 sim/shaman/lavaburst.go:71 sim/shaman/lightning_bolt.go:18,,5,Your Lightning Bolt costs $s1% less mana.,Lightning Bolt Crit Mana Back Requires Shaman Your Lightning Bolt costs 5% less mana.,
set,796,Earthshatter Garb,4 pieces,review Go locations,match,60165,60165 effect1=10,,2 4 0.1 0 0.95 1,sim/shaman/items_wotlk.go:25 sim/shaman/lavaburst.go:71 sim/shaman/lightning_bolt.go:18,,10,The bonus critical strike damage of your Lava Burst is increased by $s1%.,Lava Burst Bonus Crit Damage Requires Shaman The bonus critical strike damage of your Lava Burst is increased by 10%.,
set,797,Earthshatter Regalia,2 pieces,not in sim Go,match,60166,60166 effect1=10; 60166 effect2=10,,,,,10,Your Water Shield is $s1% stronger.,Water Shield Boost Requires Shaman Your Water Shield is 10% stronger.,
set,797,Earthshatter Regalia,4 pieces,not in sim Go,match,60167,60167 effect1=5,,,,,5,Increases the healing done by your Chain Heal and Healing Wave by $s1%.,Spirit Link Chain Heal Boost Requires Shaman Increases the healing done by your Chain Heal and Healing Wave by 5%.,
set,813,Eviscerator's Battlegear,6 pieces,not in sim Go,match,63972,63972 effect1=50,,,,,50,+$s1 Resilience Rating.,Increased Resilience 50 +50 Resilience Rating.,
set,813,Eviscerator's Battlegear,4 pieces,not in sim Go,match,63973,63973 effect1=75,,,,,75,+$s1 Stamina.,Increased Stamina 75 +75 Stamina.,
set,894,Frost Witch's Battlegear,4 pieces,review Go locations,match,70832,70832 effect1=15,,2 4 1.2 70831 10,sim/shaman/items_wotlk.go:238 sim/shaman/shamanistic_rage.go:15 sim/shaman/talents.go:386,,10 4 3 5 15 20 10,"Each time the beneficial effect of your Maelstrom Weapon talent reaches 5 charges, you have a $s1% chance to gain $70831s1% attack power for $70831d.","Item - Shaman T10 Enhancement 4P Bonus Rank 3 Requires Shaman Each time the beneficial effect of your Maelstrom Weapon talent reaches 5 charges, you have a 15% chance to gain 20% attack power for 10 sec.",
set,894,Frost Witch's Battlegear,2 pieces,review Go locations,match,70830 > 70829,70829 effect1=12; 70829 duration=15,,2 4 1.2 70831 10,sim/shaman/items_wotlk.go:238 sim/shaman/shamanistic_rage.go:15 sim/shaman/talents.go:386,,10 2 3 12 15 1 12,When you activate your Shamanistic Rage ability you also deal $70829s1% additional damage for $70829d.,Item - Shaman T10 Enhancement 2P Bonus Rank 3 Requires Shaman When you activate your Shamanistic Rage ability you also deal 12% additional damage for 15 sec.,
set,892,Frost Witch's Garb,4 pieces,not in sim Go,match,70808,70808 effect1=25,,,,,10 4 25 9,Your Chain Heal critical strikes cause the target to heal for $s1% of the healed amount over $70809d.,Item - Shaman T10 Restoration 4P Bonus Requires Shaman Your Chain Heal critical strikes cause the target to heal for 25% of the healed amount over 9 sec.,
set,892,Frost Witch's Garb,2 pieces,not in sim Go,match,70807 > 70806,70806 effect1=20; 70806 duration=10,,,,,10 2 3 20 10 45 20,Your Riptide spell grants $70806s1% spell haste for your next spellcast within $70806d.,Item - Shaman T10 Restoration 2P Bonus Rank 3 Requires Shaman Your Riptide spell grants 20% spell haste for your next spellcast within 10 sec.,
set,893,Frost Witch's Regalia,4 pieces,review Go locations,differs,70817,70817 effect1=6,,2 4 1 6,sim/shaman/items_wotlk.go:48 sim/shaman/talents.go:245,70817 effect1=6,10 4,Your Lava Burst spell causes your Flame Shock effect on the target to deal at least two additional periodic damage ticks before expiring.,Item - Shaman T10 Elemental 4P Bonus Requires Shaman Your Lava Burst spell causes your Flame Shock effect on the target to deal at least two additional periodic damage ticks before expiring.,
set,893,Frost Witch's Regalia,2 pieces,review Go locations,differs,70811,70811 effect1=2000,,2 4 1 6,sim/shaman/items_wotlk.go:48 sim/shaman/talents.go:245,70811 effect1=2000,10 2 3 2,Your Lightning Bolt and Chain Lightning spells reduce the remaining cooldown on your Elemental Mastery talent by ${$m1/1000} sec.,Item - Shaman T10 Elemental 2P Bonus Rank 3 Requires Shaman Your Lightning Bolt and Chain Lightning spells reduce the remaining cooldown on your Elemental Mastery talent by 2 sec.,
set,803,Frostfire Garb,2 pieces,review Go locations,match,61062,61062 effect1=25; 61062 effect2=225,,2 4 0.05,sim/mage/items.go:27 sim/mage/mana_gems.go:15,,25 225 15,"You gain $s1% more mana when you use a mana gem.  In addition, using a mana gem grants you $37445s1 spell power for $37445d.","Improved Mana Gems Requires Mage You gain 25% more mana when you use a mana gem. In addition, using a mana gem grants you 225 spell power for 15 sec.",
set,803,Frostfire Garb,4 pieces,review Go locations,match,60146,60146 effect1=5,,2 4 0.05,sim/mage/items.go:27 sim/mage/mana_gems.go:15,,5,Your offensive spells gain an additional $s1% increased critical strike bonus damage.,Crit Strike Damage Percent Requires Mage Your offensive spells gain an additional 5% increased critical strike bonus damage.,
set,819,Frostsavage Battlegear,6 pieces,not in sim Go,match,63972,63972 effect1=50,,,,,50,+$s1 Resilience Rating.,Increased Resilience 50 +50 Resilience Rating.,
set,819,Frostsavage Battlegear,4 pieces,not in sim Go,match,63973,63973 effect1=75,,,,,75,+$s1 Stamina.,Increased Stamina 75 +75 Stamina.,
set,756,Frostscale Binding,2 pieces,not in sim Go,match,51223,51223 effect1=15,,,,,15,Increases your hit rating by $s1.,Increased Hit 15 Increases your hit rating by 15.,
set,756,Frostscale Binding,4 pieces,not in sim Go,match,51225,51225 effect1=30,,,,,30,Increases your attack power by $s1.,Increased Attack Power 30 Increases your attack power by 30.,
set,763,Frostwoven Power,4 pieces,not in sim Go,match,55564,55564 effect1=15,,,,,15,Increases your Spirit by $s1.,Increase Spirit 15 Increases your Spirit by 15.,
set,763,Frostwoven Power,2 pieces,not in sim Go,match,55565,55565 effect1=18; 55565 effect2=18,,,,,15 18,Increases your spell power by $s1.,Increase Spell Power 15 Increases your spell power by 18.,
set,805,Garb of Faith,2 pieces,review Go locations,match,60156,60156 effect1=10,,2 4 0.9 1 10 0,sim/priest/items.go:35 sim/priest/mind_blast.go:40 sim/priest/set_bonuses.go:5 sim/priest/set_bonuses.go:6 sim/priest/shadow_word_death.go:46,,10,The mana cost of your Mind Blast is reduced by $s1%.,Mind Blast Cost Reduction Requires Priest The mana cost of your Mind Blast is reduced by 10%.,
set,805,Garb of Faith,4 pieces,review Go locations,match,60157,60157 effect1=10,,2 4 0.9 1 10 0,sim/priest/items.go:35 sim/priest/mind_blast.go:40 sim/priest/set_bonuses.go:5 sim/priest/set_bonuses.go:6 sim/priest/shadow_word_death.go:46,,10,Your Shadow Word: Death has an additional $s1% chance to critically strike.,Shadow Word Death Crit Requires Priest Your Shadow Word: Death has an additional 10% chance to critically strike.,
set,858,Garona's Battlegear,4 pieces,review Go locations,match,67211,67211 effect1=5,,2 67209 15 40 0 0.02 4 5,sim/rogue/items.go:40 sim/rogue/backstab.go:33 sim/rogue/hemorrhage.go:77 sim/rogue/mutilate.go:26 sim/rogue/sinister_strike.go:30,,9 4 5,"Increases the critical strike chance of your Hemorrhage, Sinister Strike, Backstab, and Mutilate abilities by $s1%.","Item - Rogue T9 4P Bonus (Hemorrhage, Sinister Strike, Backstab, and Mutilate) Requires Rogue Increases the critical strike chance of your Hemorrhage, Sinister Strike, Backstab, and Mutilate abilities by 5%.",
set,858,Garona's Battlegear,2 pieces,review Go locations,match,67209 > 67210,67209 proc chance=2; 67209 proc cooldown=15; 67210 effect1=40; 67210 duration=15,,2 15 40 0 0.02 4 5,sim/rogue/items.go:40 sim/rogue/backstab.go:33 sim/rogue/hemorrhage.go:77 sim/rogue/mutilate.go:26 sim/rogue/sinister_strike.go:30,,9 2 40 2 15 40 15,Your Rupture ability has a chance each time it deals damage to reduce the cost of your next ability by $67210s1 energy.,"Item - Rogue T9 2P Bonus (Rupture) Requires Rogue Your Rupture ability has a chance each time it deals damage to reduce the cost of your next ability by 40 energy. (Proc chance: 2%, 15s cooldown)",
set,765,Gladiator's Battlegear,4 pieces,review Go locations,differs,22738,22738 effect1=5000,,2 100 50 4 150,sim/warrior/items.go:45,22738 effect1=5000,1 5,Reduces the cooldown of your Intercept ability by $/1000;s1 sec.,Intercept Cooldown Reduction Rank 1 Requires Warrior Reduces the cooldown of your Intercept ability by 5 sec.,
set,765,Gladiator's Battlegear,2 pieces,review Go locations,match,56449,56449 effect1=100,,2 100 50 4 150,sim/warrior/items.go:45,,100,+$s1 resilience rating.,Increased Resilience 100 +100 resilience rating.,
set,765,Gladiator's Battlegear,2 pieces,review Go locations,match,71850,71850 effect1=50; 71850 effect2=50,,2 100 50 4 150,sim/warrior/items.go:45,,50,Increases attack power by $s1.,Attack Power 50 Increases attack power by 50.,
set,765,Gladiator's Battlegear,4 pieces,review Go locations,match,71858,71858 effect1=150; 71858 effect2=150,,2 100 50 4 150,sim/warrior/items.go:45,,150,Increases attack power by $s1.,Attack Power 150 Increases attack power by 150.,
set,768,Gladiator's Desecration,2 pieces,not in sim Go,match,56449,56449 effect1=100,,,,,100,+$s1 resilience rating.,Increased Resilience 100 +100 resilience rating.,
set,768,Gladiator's Desecration,4 pieces,not in sim Go,match,61257,61257 effect1=15,,,,,5 1 15 5,Whenever you are struck by a movement-impairing effect you will generate $s1 runic power over $61258d.,Runic Power Back on Snare/Root Rank 5 Requires Death Knight Requires level 1 Whenever you are struck by a movement-impairing effect you will generate 15 runic power over 5 sec.,
set,768,Gladiator's Desecration,2 pieces,not in sim Go,match,71850,71850 effect1=50; 71850 effect2=50,,,,,50,Increases attack power by $s1.,Attack Power 50 Increases attack power by 50.,
set,768,Gladiator's Desecration,4 pieces,not in sim Go,match,71858,71858 effect1=150; 71858 effect2=150,,,,,150,Increases attack power by $s1.,Attack Power 150 Increases attack power by 150.,
set,770,Gladiator's Earthshaker,2 pieces,review Go locations,match,56449,56449 effect1=100,,2 50 100 4 150 6 8,sim/shaman/items_wotlk.go:250 sim/shaman/stormstrike.go:91,,100,+$s1 resilience rating.,Increased Resilience 100 +100 resilience rating.,
set,770,Gladiator's Earthshaker,4 pieces,review Go locations,differs,33018,33018 effect1=2000,,2 50 100 4 150 6 8,sim/shaman/items_wotlk.go:250 sim/shaman/stormstrike.go:91,33018 effect1=2000,1 2,Reduces the cooldown of your Stormstrike ability by $/1000;s1 sec.,Shaman Stormstrike Cooldown Reduction Rank 1 Requires Shaman Reduces the cooldown of your Stormstrike ability by 2 sec.,
set,770,Gladiator's Earthshaker,2 pieces,review Go locations,match,71850,71850 effect1=50; 71850 effect2=50,,2 50 100 4 150 6 8,sim/shaman/items_wotlk.go:250 sim/shaman/stormstrike.go:91,,50,Increases attack power by $s1.,Attack Power 50 Increases attack power by 50.,
set,770,Gladiator's Earthshaker,4 pieces,review Go locations,match,71858,71858 effect1=150; 71858 effect2=150,,2 50 100 4 150 6 8,sim/shaman/items_wotlk.go:250 sim/shaman/stormstrike.go:91,,150,Increases attack power by $s1.,Attack Power 150 Increases attack power by 150.,
set,780,Gladiator's Felshroud,4 pieces,review Go locations,differs,23047,23047 effect1=200; 23047 effect2=200,,2 29 4 88,sim/warlock/items.go:189,23047 effect1=200; 23047 effect2=200,0.2,Reduces the casting time of your Fear spell by ${$m1/-1000}.1 sec.,Fear Cast Time Reduction Requires Warlock Reduces the casting time of your Fear spell by 0.2 sec.,
set,780,Gladiator's Felshroud,2 pieces,review Go locations,match,56509,56509 effect1=100,,2 29 4 88,sim/warlock/items.go:189,,100,+$s1 resilience rating.,Increased Resilience 100 +100 resilience rating.,
set,780,Gladiator's Felshroud,2 pieces,review Go locations,match,71852,71852 effect1=29; 71852 effect2=29,,2 29 4 88,sim/warlock/items.go:189,,29,Increases spell power by $s1.,Increase Spell Power Increases spell power by 29.,
set,780,Gladiator's Felshroud,4 pieces,review Go locations,match,71860,71860 effect1=88; 71860 effect2=88,,2 29 4 88,sim/warlock/items.go:189,,88,Increases spell power by $s1.,Increase Spell Power Increases spell power by 88.,
set,777,Gladiator's Investiture,2 pieces,review Go locations,match,56450,56450 effect1=100,,2 100 29 4 88 0,sim/priest/items.go:205 sim/priest/power_word_shield.go:14,,100,+$s1 resilience rating.,Increased Resilience 100 +100 resilience rating.,
set,777,Gladiator's Investiture,4 pieces,review Go locations,differs,33333,33333 effect1=2000,,2 100 29 4 88 0,sim/priest/items.go:205 sim/priest/power_word_shield.go:14,33333 effect1=2000,2,Reduces the duration of the Weakened Soul effect caused by your Power Word: Shield by $/1000;s1 sec.,Weakened Soul Reduction Requires Priest Reduces the duration of the Weakened Soul effect caused by your Power Word: Shield by 2 sec.,
set,777,Gladiator's Investiture,2 pieces,review Go locations,match,71851,71851 effect1=29; 71851 effect2=29,,2 100 29 4 88 0,sim/priest/items.go:205 sim/priest/power_word_shield.go:14,,29,Increases spell power by $s1.,Increase Spell Power Increases spell power by 29.,
set,777,Gladiator's Investiture,4 pieces,review Go locations,match,71853,71853 effect1=88; 71853 effect2=88,,2 100 29 4 88 0,sim/priest/items.go:205 sim/priest/power_word_shield.go:14,,88,Increases spell power by $s1.,Increase Spell Power Increases spell power by 88.,
set,772,Gladiator's Pursuit,4 pieces,review Go locations,differs,61256,61256 effect1=2000,,2 50 4 150,sim/hunter/wotlk_items.go:13,61256 effect1=2000,5 1 2,Reduces the cooldown of your Traps by $/1000;s1 seconds.,Trap Cooldown Reduction Rank 5 Requires Hunter Requires level 1 Reduces the cooldown of your Traps by 2 seconds.,
set,772,Gladiator's Pursuit,2 pieces,review Go locations,match,56449,56449 effect1=100,,2 50 4 150,sim/hunter/wotlk_items.go:13,,100,+$s1 resilience rating.,Increased Resilience 100 +100 resilience rating.,
set,772,Gladiator's Pursuit,2 pieces,review Go locations,match,71850,71850 effect1=50; 71850 effect2=50,,2 50 4 150,sim/hunter/wotlk_items.go:13,,50,Increases attack power by $s1.,Attack Power 50 Increases attack power by 50.,
set,772,Gladiator's Pursuit,4 pieces,review Go locations,match,71858,71858 effect1=150; 71858 effect2=150,,2 50 4 150,sim/hunter/wotlk_items.go:13,,150,Increases attack power by $s1.,Attack Power 150 Increases attack power by 150.,
set,778,Gladiator's Raiment,4 pieces,review Go locations,differs,33333,33333 effect1=2000,,2 100 29 4 88 0,sim/priest/items.go:217 sim/priest/power_word_shield.go:15,33333 effect1=2000,2,Reduces the duration of the Weakened Soul effect caused by your Power Word: Shield by $/1000;s1 sec.,Weakened Soul Reduction Requires Priest Reduces the duration of the Weakened Soul effect caused by your Power Word: Shield by 2 sec.,
set,778,Gladiator's Raiment,2 pieces,review Go locations,match,56509,56509 effect1=100,,2 100 29 4 88 0,sim/priest/items.go:217 sim/priest/power_word_shield.go:15,,100,+$s1 resilience rating.,Increased Resilience 100 +100 resilience rating.,
set,778,Gladiator's Raiment,2 pieces,review Go locations,match,71852,71852 effect1=29; 71852 effect2=29,,2 100 29 4 88 0,sim/priest/items.go:217 sim/priest/power_word_shield.go:15,,29,Increases spell power by $s1.,Increase Spell Power Increases spell power by 29.,
set,778,Gladiator's Raiment,4 pieces,review Go locations,match,71860,71860 effect1=88; 71860 effect2=88,,2 100 29 4 88 0,sim/priest/items.go:217 sim/priest/power_word_shield.go:15,,88,Increases spell power by $s1.,Increase Spell Power Increases spell power by 88.,
set,767,Gladiator's Redemption,4 pieces,not in sim Go,match,58000,58000 effect1=10,,,,,10,Increases the healing of your Holy Shock spell by $m%.,Holy Shock Bonus Requires Paladin Increases the healing of your Holy Shock spell by 10%.,
set,767,Gladiator's Redemption,2 pieces,not in sim Go,match,56450,56450 effect1=100,,,,,100,+$s1 resilience rating.,Increased Resilience 100 +100 resilience rating.,
set,767,Gladiator's Redemption,2 pieces,not in sim Go,match,71851,71851 effect1=29; 71851 effect2=29,,,,,29,Increases spell power by $s1.,Increase Spell Power Increases spell power by 29.,
set,767,Gladiator's Redemption,4 pieces,not in sim Go,match,71853,71853 effect1=88; 71853 effect2=88,,,,,88,Increases spell power by $s1.,Increase Spell Power Increases spell power by 88.,
set,773,Gladiator's Refuge,2 pieces,not in sim Go,match,56450,56450 effect1=100,,,,,100,+$s1 resilience rating.,Increased Resilience 100 +100 resilience rating.,
set,773,Gladiator's Refuge,4 pieces,not in sim Go,differs,38417,38417 effect1=2000,,,,38417 effect1=2000,2,Reduces the cooldown of your Swiftmend ability by ${$m1/-1000} sec.,Reduced Swiftmend Cooldown Requires Druid Reduces the cooldown of your Swiftmend ability by 2 sec.,
set,773,Gladiator's Refuge,2 pieces,not in sim Go,match,71851,71851 effect1=29; 71851 effect2=29,,,,,29,Increases spell power by $s1.,Increase Spell Power Increases spell power by 29.,
set,773,Gladiator's Refuge,4 pieces,not in sim Go,match,71853,71853 effect1=88; 71853 effect2=88,,,,,88,Increases spell power by $s1.,Increase Spell Power Increases spell power by 88.,
set,779,Gladiator's Regalia,2 pieces,review Go locations,match,56509,56509 effect1=100,,2 100 29 4 88,sim/mage/items.go:124,,100,+$s1 resilience rating.,Increased Resilience 100 +100 resilience rating.,
set,779,Gladiator's Regalia,4 pieces,review Go locations,differs,44302,44302 effect1=150,,2 100 29 4 88,sim/mage/items.go:124,44302 effect1=150,0.15,Reduces the casting time of your Polymorph spell by ${$m1/-1000}.2 sec.,Improved Polymorph Requires Mage Reduces the casting time of your Polymorph spell by 0.15 sec.,
set,779,Gladiator's Regalia,2 pieces,review Go locations,match,71852,71852 effect1=29; 71852 effect2=29,,2 100 29 4 88,sim/mage/items.go:124,,29,Increases spell power by $s1.,Increase Spell Power Increases spell power by 29.,
set,779,Gladiator's Regalia,4 pieces,review Go locations,match,71860,71860 effect1=88; 71860 effect2=88,,2 100 29 4 88,sim/mage/items.go:124,,88,Increases spell power by $s1.,Increase Spell Power Increases spell power by 88.,
set,775,Gladiator's Sanctuary,2 pieces,review Go locations,match,56449,56449 effect1=100,,2 100 50 4 150,sim/druid/items.go:190,,100,+$s1 resilience rating.,Increased Resilience 100 +100 resilience rating.,
set,775,Gladiator's Sanctuary,4 pieces,review Go locations,match,23218,23218 effect1=15,,2 100 50 4 150,sim/druid/items.go:190,,15,"Increases your movement speed by $s1% while in Bear Form, Cat Form, or Travel Form.  Only active outdoors.","Feral Move Speed Increase Requires Druid Requires Cat Form, Travel Form, Bear Form, Dire Bear Form Increases your movement speed by 15% while in Bear Form, Cat Form, or Travel Form. Only active outdoors.",
set,775,Gladiator's Sanctuary,2 pieces,review Go locations,match,71850,71850 effect1=50; 71850 effect2=50,,2 100 50 4 150,sim/druid/items.go:190,,50,Increases attack power by $s1.,Attack Power 50 Increases attack power by 50.,
set,775,Gladiator's Sanctuary,4 pieces,review Go locations,match,71858,71858 effect1=150; 71858 effect2=150,,2 100 50 4 150,sim/druid/items.go:190,,150,Increases attack power by $s1.,Attack Power 150 Increases attack power by 150.,
set,769,Gladiator's Thunderfist,2 pieces,not in sim Go,match,56509,56509 effect1=100,,,,,100,+$s1 resilience rating.,Increased Resilience 100 +100 resilience rating.,
set,769,Gladiator's Thunderfist,4 pieces,not in sim Go,differs,44299,44299 effect1=1500,,,,44299 effect1=1500,1.5,Reduces the cooldown of your Grounding Totem ability by ${$m1/-1000}.1 sec.,Improved Grounding Totem Requires Shaman Reduces the cooldown of your Grounding Totem ability by 1.5 sec.,
set,769,Gladiator's Thunderfist,2 pieces,not in sim Go,match,71852,71852 effect1=29; 71852 effect2=29,,,,,29,Increases spell power by $s1.,Increase Spell Power Increases spell power by 29.,
set,769,Gladiator's Thunderfist,4 pieces,not in sim Go,match,71860,71860 effect1=88; 71860 effect2=88,,,,,88,Increases spell power by $s1.,Increase Spell Power Increases spell power by 88.,
set,776,Gladiator's Vestments,4 pieces,review Go locations,match,21975,21975 effect1=10,,2 100 50 4 150 10,sim/rogue/items.go:11 sim/rogue/rogue.go:225,,10,Increases your maximum Energy by $s1.,Vigor Increases your maximum Energy by 10.,
set,776,Gladiator's Vestments,2 pieces,review Go locations,match,56449,56449 effect1=100,,2 100 50 4 150 10,sim/rogue/items.go:11 sim/rogue/rogue.go:225,,100,+$s1 resilience rating.,Increased Resilience 100 +100 resilience rating.,
set,776,Gladiator's Vestments,2 pieces,review Go locations,match,71850,71850 effect1=50; 71850 effect2=50,,2 100 50 4 150 10,sim/rogue/items.go:11 sim/rogue/rogue.go:225,,50,Increases attack power by $s1.,Attack Power 50 Increases attack power by 50.,
set,776,Gladiator's Vestments,4 pieces,review Go locations,match,71858,71858 effect1=150; 71858 effect2=150,,2 100 50 4 150 10,sim/rogue/items.go:11 sim/rogue/rogue.go:225,,150,Increases attack power by $s1.,Attack Power 150 Increases attack power by 150.,
set,766,Gladiator's Vindication,2 pieces,review Go locations,match,56449,56449 effect1=100,,2 50 100 4 150 1 0,sim/paladin/items.go:136 sim/paladin/judgement.go:41 sim/paladin/judgement.go:83,,100,+$s1 resilience rating.,Increased Resilience 100 +100 resilience rating.,
set,766,Gladiator's Vindication,4 pieces,review Go locations,differs,61776,61776 effect1=1000,,2 50 100 4 150 1 0,sim/paladin/items.go:136 sim/paladin/judgement.go:41 sim/paladin/judgement.go:83,61776 effect1=1000,1,Reduces the cooldown of your Judgements by $/1000;s1 sec.,Judgement Cooldown Reduction Requires Paladin Reduces the cooldown of your Judgements by 1 sec.,
set,766,Gladiator's Vindication,2 pieces,review Go locations,match,71850,71850 effect1=50; 71850 effect2=50,,2 50 100 4 150 1 0,sim/paladin/items.go:136 sim/paladin/judgement.go:41 sim/paladin/judgement.go:83,,50,Increases attack power by $s1.,Attack Power 50 Increases attack power by 50.,
set,766,Gladiator's Vindication,4 pieces,review Go locations,match,71858,71858 effect1=150; 71858 effect2=150,,2 50 100 4 150 1 0,sim/paladin/items.go:136 sim/paladin/judgement.go:41 sim/paladin/judgement.go:83,,150,Increases attack power by $s1.,Attack Power 150 Increases attack power by 150.,
set,771,Gladiator's Wartide,2 pieces,review Go locations,match,56450,56450 effect1=100,,2 29 100 4 88,sim/shaman/items_wotlk.go:266,,100,+$s1 resilience rating.,Increased Resilience 100 +100 resilience rating.,
set,771,Gladiator's Wartide,4 pieces,review Go locations,differs,44299,44299 effect1=1500,,2 29 100 4 88,sim/shaman/items_wotlk.go:266,44299 effect1=1500,1.5,Reduces the cooldown of your Grounding Totem ability by ${$m1/-1000}.1 sec.,Improved Grounding Totem Requires Shaman Reduces the cooldown of your Grounding Totem ability by 1.5 sec.,
set,771,Gladiator's Wartide,4 pieces,review Go locations,match,71853,71853 effect1=88; 71853 effect2=88,,2 29 100 4 88,sim/shaman/items_wotlk.go:266,,88,Increases spell power by $s1.,Increase Spell Power Increases spell power by 88.,
set,771,Gladiator's Wartide,2 pieces,review Go locations,match,71851,71851 effect1=29; 71851 effect2=29,,2 29 100 4 88,sim/shaman/items_wotlk.go:266,,29,Increases spell power by $s1.,Increase Spell Power Increases spell power by 29.,
set,774,Gladiator's Wildhide,2 pieces,review Go locations,match,56509,56509 effect1=100,,2 29 100 4 88 1.5 1500 46832 15 0.85,sim/druid/items.go:144,,100,+$s1 resilience rating.,Increased Resilience 100 +100 resilience rating.,
set,774,Gladiator's Wildhide,4 pieces,review Go locations,differs,46832 > 46833,46832 proc chance=15; 46832 proc cooldown=15; 46833 effect1=1500; 46833 duration=15,,2 29 100 4 88 1.5 1500 15 0.85,sim/druid/items.go:144,46833 effect1=1500,1.5 15 1.5,Your Wrath casts have a chance to reduce the cast time on your next Starfire by 1.5 sec.,"Moonkin Starfire Bonus Requires Druid Your Wrath casts have a chance to reduce the cast time on your next Starfire by 1.5 sec. (Proc chance: 15%, 15s cooldown)",
set,774,Gladiator's Wildhide,2 pieces,review Go locations,match,71852,71852 effect1=29; 71852 effect2=29,,2 29 100 4 88 1.5 1500 46832 15 0.85,sim/druid/items.go:144,,29,Increases spell power by $s1.,Increase Spell Power Increases spell power by 29.,
set,774,Gladiator's Wildhide,4 pieces,review Go locations,match,71860,71860 effect1=88; 71860 effect2=88,,2 29 100 4 88 1.5 1500 46832 15 0.85,sim/druid/items.go:144,,88,Increases spell power by $s1.,Increase Spell Power Increases spell power by 88.,
set,669,Gronnstalker's Armor,2 pieces,review Go locations,match,38390,38390 effect1=25,,2 4 1.25 1 0.1 0,sim/hunter/items.go:11 sim/hunter/aspects.go:80 sim/hunter/steady_shot.go:79,,25,Increases the mana you gain from your Aspect of the Viper by $s1%.,Improved Aspect of the Viper Requires Hunter Increases the mana you gain from your Aspect of the Viper by 25%.,
set,669,Gronnstalker's Armor,4 pieces,review Go locations,match,38392,38392 effect1=10,,2 4 1.25 1 0.1 0,sim/hunter/items.go:11 sim/hunter/aspects.go:80 sim/hunter/steady_shot.go:79,,10,Increases the damage dealt by your Steady Shot ability by $s1%.,Improved Steady Shot Requires Hunter Increases the damage dealt by your Steady Shot ability by 10%.,
set,845,Gul'dan's Regalia,2 pieces,review Go locations,match,67230,67230 effect1=10,,2 10 4 0.1 0,sim/warlock/items.go:112 sim/warlock/conflagrate.go:49 sim/warlock/corruption.go:39 sim/warlock/immolate.go:42 sim/warlock/unstable_affliction.go:38,,9 2 10,Increases your pet's critical strike chance with all its attacks by $s1%.,Item - Warlock T9 2P Bonus Requires Warlock Increases your pet's critical strike chance with all its attacks by 10%.,
set,845,Gul'dan's Regalia,4 pieces,review Go locations,match,67231,67231 effect1=10; 67231 effect2=10,,2 10 4 0.1 0,sim/warlock/items.go:112 sim/warlock/conflagrate.go:49 sim/warlock/corruption.go:39 sim/warlock/immolate.go:42 sim/warlock/unstable_affliction.go:38,,9 4 10,"Increases the damage done by your Immolate, Corruption, and Unstable Affliction spells by $s1%.","Item - Warlock T9 4P Bonus (Immolate, Corruption, and Unstable Affliction) Requires Warlock Increases the damage done by your Immolate, Corruption, and Unstable Affliction spells by 10%.",
set,868,Hellscream's Battlegear,2 pieces,review Go locations,differs,67234,67234 effect1=2; 67234 effect2=6; 67234 effect3=25,,2 4 5 0 6,sim/warrior/items.go:221 sim/warrior/heroic_strike_cleave.go:26 sim/warrior/slam.go:33 sim/warrior/stances.go:68 sim/warrior/stances.go:163,67234 effect3=25,9 2 6,"Berserker Stance grants an additional $s1% critical strike chance, and Battle Stance grants an additional $s2% armor penetration.","Item - Warrior T9 Melee 2P Bonus (Berserker Stance and Battle Stance) Requires Warrior Berserker Stance grants an additional 2% critical strike chance, and Battle Stance grants an additional 6% armor penetration.",
set,868,Hellscream's Battlegear,4 pieces,review Go locations,match,67268,67268 effect1=5,,2 4 5 0 6,sim/warrior/items.go:221 sim/warrior/heroic_strike_cleave.go:26 sim/warrior/slam.go:33 sim/warrior/stances.go:68 sim/warrior/stances.go:163,,9 4 5,Increases the critical strike chance of your Slam and Heroic Strike abilities by $s1%.,Item - Warrior T9 Melee 4P Bonus (Heroic Strike and Slam) Requires Warrior Increases the critical strike chance of your Slam and Heroic Strike abilities by 5%.,
set,870,Hellscream's Plate,2 pieces,review Go locations,differs,67269,67269 effect1=2000; 67269 effect2=5,,2 4 1.05 1 10,sim/warrior/items.go:91 sim/warrior/devastate.go:18 sim/warrior/shield_block.go:13,67269 effect1=2000,9 2 5,Decreases the cooldown on your Taunt ability by ${$m1/-1000} sec and increases the damage done by your Devastate ability by $s2%.,Item - Warrior T9 Tank 2P Bonus (Taunt) Requires Warrior Decreases the cooldown on your Taunt ability by 2 sec and increases the damage done by your Devastate ability by 5%.,
set,870,Hellscream's Plate,4 pieces,review Go locations,differs,67273,67273 effect1=10000,,2 4 1.05 1 10,sim/warrior/items.go:91 sim/warrior/devastate.go:18 sim/warrior/shield_block.go:13,67273 effect1=10000,9 4 10,Decreases the cooldown on your Shield Block ability by ${$m1/-1000} sec.,Item - Warrior T9 Tank 4P Bonus (Shield Block) Requires Warrior Decreases the cooldown on your Shield Block ability by 10 sec.,
set,757,Iceborne Embrace,3 pieces,not in sim Go,match,61633,61633 effect1=26; 61633 effect2=26,,,,,26,Increases your spell power by $s1.,Increased Spell Power 26 Increases your spell power by 26.,
set,846,Kel'Thuzad's Regalia,2 pieces,review Go locations,match,67230,67230 effect1=10,,2 10 4 0.1 0,sim/warlock/items.go:113 sim/warlock/conflagrate.go:49 sim/warlock/corruption.go:39 sim/warlock/immolate.go:42 sim/warlock/unstable_affliction.go:38,,9 2 10,Increases your pet's critical strike chance with all its attacks by $s1%.,Item - Warlock T9 2P Bonus Requires Warlock Increases your pet's critical strike chance with all its attacks by 10%.,
set,846,Kel'Thuzad's Regalia,4 pieces,review Go locations,match,67231,67231 effect1=10; 67231 effect2=10,,2 10 4 0.1 0,sim/warlock/items.go:113 sim/warlock/conflagrate.go:49 sim/warlock/corruption.go:39 sim/warlock/immolate.go:42 sim/warlock/unstable_affliction.go:38,,9 4 10,"Increases the damage done by your Immolate, Corruption, and Unstable Affliction spells by $s1%.","Item - Warlock T9 4P Bonus (Immolate, Corruption, and Unstable Affliction) Requires Warlock Increases the damage done by your Immolate, Corruption, and Unstable Affliction spells by 10%.",
set,843,Khadgar's Regalia,2 pieces,review Go locations,match,67164,67164 effect1=20; 67164 effect2=10; 67164 effect3=15,,2 4 5 0 0.1 0.15,sim/mage/items.go:81 sim/mage/arcane_blast.go:51 sim/mage/arcane_missiles.go:24 sim/mage/fireball.go:36 sim/mage/frostbolt.go:37 sim/mage/frostfire_bolt.go:34 sim/mage/mage.go:157 sim/mage/mage.go:166,,9 2 20 10 15,"Increases the armor you gain from Ice Armor by $s1%, the mana regeneration you gain from Mage Armor by $s2%, and adds an additional $s3% of your Spirit in critical strike rating when Molten Armor is active.","Item - Mage T9 2P Bonus Requires Mage Increases the armor you gain from Ice Armor by 20%, the mana regeneration you gain from Mage Armor by 10%, and adds an additional 15% of your Spirit in critical strike rating when Molten Armor is active.",
set,843,Khadgar's Regalia,4 pieces,review Go locations,match,67185,67185 effect1=5,,2 4 5 0 0.1 0.15,sim/mage/items.go:81 sim/mage/arcane_blast.go:51 sim/mage/arcane_missiles.go:24 sim/mage/fireball.go:36 sim/mage/frostbolt.go:37 sim/mage/frostfire_bolt.go:34 sim/mage/mage.go:157 sim/mage/mage.go:166,,9 4 5,"Increases the critical strike chance of your Fireball, Frostbolt, Frostfire Bolt, Arcane Missiles, and Arcane Blast spells by $s1%.","Item - Mage T9 4P Bonus (Fireball, Frostbolt, Frostfire Bolt, and Arcane Blast) Requires Mage Increases the critical strike chance of your Fireball, Frostbolt, Frostfire Bolt, Arcane Missiles, and Arcane Blast spells by 5%.",
set,836,Kirin Tor Garb,2 pieces,review Go locations,match,64867 > 64868,64867 proc chance=25; 64867 proc cooldown=45; 64868 effect1=350; 64868 effect2=350; 64868 duration=15,,2 350 15 45 0.25 4,sim/mage/items.go:41 sim/mage/arcane_missiles.go:12 sim/mage/pyroblast.go:17 sim/mage/talents.go:705,,8 2 350 15 25 45 350 15,"Your Arcane Blast, Frostbolt, Frostfire Bolt, and Fireball spells have a chance to grant you $64868s1 spell power for $64868d.","Item - Mage T8 2P Bonus Requires Mage Your Arcane Blast, Frostbolt, Frostfire Bolt, and Fireball spells have a chance to grant you 350 spell power for 15 sec. (Proc chance: 25%, 45s cooldown)",
set,836,Kirin Tor Garb,4 pieces,review Go locations,differs,64869,64869 effect1=10,,2 64868 350 15 45 0.25 4,sim/mage/items.go:41 sim/mage/arcane_missiles.go:12 sim/mage/pyroblast.go:17 sim/mage/talents.go:705,64869 effect1=10,8 4,"You have a chance for the effect of your Missile Barrage, Hot Streak, or Brain Freeze talent not to be consumed when you cast the spells which benefit.","Item - Mage T8 4P Bonus Requires Mage You have a chance for the effect of your Missile Barrage, Hot Streak, or Brain Freeze talent not to be consumed when you cast the spells which benefit.",
set,836,Kirin Tor Garb,2 pieces,review Go locations,match,64867 > 64868,64867 proc chance=25; 64867 proc cooldown=45; 64868 effect1=350; 64868 effect2=350; 64868 duration=15,,2 350 15 45 0.25 4,sim/mage/items.go:42 sim/mage/arcane_missiles.go:12 sim/mage/pyroblast.go:17 sim/mage/talents.go:705,,8 2 350 15 25 45 350 15,"Your Arcane Blast, Frostbolt, Frostfire Bolt, and Fireball spells have a chance to grant you $64868s1 spell power for $64868d.","Item - Mage T8 2P Bonus Requires Mage Your Arcane Blast, Frostbolt, Frostfire Bolt, and Fireball spells have a chance to grant you 350 spell power for 15 sec. (Proc chance: 25%, 45s cooldown)",
set,836,Kirin Tor Garb,4 pieces,review Go locations,differs,64869,64869 effect1=10,,2 64868 350 15 45 0.25 4,sim/mage/items.go:42 sim/mage/arcane_missiles.go:12 sim/mage/pyroblast.go:17 sim/mage/talents.go:705,64869 effect1=10,8 4,"You have a chance for the effect of your Missile Barrage, Hot Streak, or Brain Freeze talent not to be consumed when you cast the spells which benefit.","Item - Mage T8 4P Bonus Requires Mage You have a chance for the effect of your Missile Barrage, Hot Streak, or Brain Freeze talent not to be consumed when you cast the spells which benefit.",
set,872,Koltira's Battlegear,2 pieces,review Go locations,match,67115 > 67117,67115 proc chance=50; 67115 proc cooldown=45; 67117 effect1=180; 67117 duration=15,,2 4,sim/deathknight/items.go:98 sim/deathknight/diseases.go:126 sim/deathknight/diseases.go:231,,9 2 180 15 50 45 180 15,Your Blood Strike and Heart Strike abilities have a chance to grant you $67117s1 additional strength for $67117d.,"Item - Death Knight T9 Melee 2P Bonus Requires Death Knight Your Blood Strike and Heart Strike abilities have a chance to grant you 180 additional strength for 15 sec. (Proc chance: 50%, 45s cooldown)",
set,872,Koltira's Battlegear,4 pieces,review Go locations,match,67118,67118 effect2=100,,2 4,sim/deathknight/items.go:98 sim/deathknight/diseases.go:126 sim/deathknight/diseases.go:231,,9 4 100,Your Blood Plague ability now has a chance for its damage to be critical strikes.,Item - Death Knight T9 Melee 4P Bonus Requires Death Knight Your Blood Plague ability now has a chance for its damage to be critical strikes. Modifies Critical Strike Damage +100%: Blood Plague,
set,874,Koltira's Plate,2 pieces,review Go locations,differs,67119,67119 effect1=2000; 67119 effect2=5,,2 4 1.05 1 0,sim/deathknight/items.go:143 sim/deathknight/items.go:157 sim/deathknight/items.go:161,67119 effect1=2000,9 2 5,Decreases the cooldown on your Dark Command ability by ${$m1/-1000} sec and increases the damage done by your Blood Strike and Heart Strike abilities by $s2%.,Item - Death Knight T9 Tank 2P Bonus Requires Death Knight Decreases the cooldown on your Dark Command ability by 2 sec and increases the damage done by your Blood Strike and Heart Strike abilities by 5%.,
set,874,Koltira's Plate,4 pieces,review Go locations,differs,67120,67120 effect1=10000,,2 4 1.05 1 0,sim/deathknight/items.go:143 sim/deathknight/items.go:157 sim/deathknight/items.go:161,67120 effect1=10000,9 4 10,"Decreases the cooldown on your Unbreakable Armor, Vampiric Blood, and Bone Shield abilities by ${$m1/-1000} sec.","Item - Death Knight T9 Tank 4P Bonus Requires Death Knight Decreases the cooldown on your Unbreakable Armor, Vampiric Blood, and Bone Shield abilities by 10 sec.",
set,889,Lasherweave Battlegear,4 pieces,review Go locations,match,70726,70726 effect1=12,,2 4 1.2 1 10 0,sim/druid/items.go:252 sim/druid/enrage.go:18 sim/druid/lacerate.go:18 sim/druid/lacerate.go:22 sim/druid/rake.go:10 sim/druid/rip.go:29 sim/druid/swipe.go:17,,10 4 12,"Your Enrage ability no longer decreases your armor and instead decreases all damage taken by $70725s1%, and the periodic damage done by your Rake ability can now be a critical strike.","Item - Druid T10 Feral 4P Bonus Requires Druid Your Enrage ability no longer decreases your armor and instead decreases all damage taken by 12%, and the periodic damage done by your Rake ability can now be a critical strike.",
set,889,Lasherweave Battlegear,2 pieces,review Go locations,match,70724,70724 effect1=20; 70724 effect2=20; 70724 effect3=10,,2 4 1.2 1 10 0,sim/druid/items.go:252 sim/druid/enrage.go:18 sim/druid/lacerate.go:18 sim/druid/lacerate.go:22 sim/druid/rake.go:10 sim/druid/rip.go:29 sim/druid/swipe.go:17,,10 2 20 10,Your Swipe (Bear) and Lacerate abilities deal $s1% additional damage and the cost of your Rip ability is reduced by $s3 energy.,Item - Druid T10 Feral 2P Bonus Requires Druid Your Swipe (Bear) and Lacerate abilities deal 20% additional damage and the cost of your Rip ability is reduced by 10 energy.,
set,887,Lasherweave Garb,4 pieces,not in sim Go,match,70664,70664 effect1=2; 70664 proc chance=2,,,,,10 4 2,"Each time your Rejuvenation spell heals a target, it has a $h% chance to jump to a new target at full duration.","Item - Druid T10 Restoration 4P Bonus (Rejuvenation) Requires Druid Each time your Rejuvenation spell heals a target, it has a 2% chance to jump to a new target at full duration. (Proc chance: 2%)",
set,887,Lasherweave Garb,2 pieces,not in sim Go,match,70658,70658 effect1=30,,,,,10 2 30,The healing granted by your Wild Growth spell reduces $s1% less over time.,Item - Druid T10 Restoration 2P Bonus Requires Druid The healing granted by your Wild Growth spell reduces 30% less over time.,
set,888,Lasherweave Regalia,4 pieces,review Go locations,match,70723,70723 effect1=7,,2 4 71023 1 0.07 0 70718 6 1.15,sim/druid/items.go:82 sim/druid/talents.go:304,,10 4 7 4,Your critical strikes from Starfire and Wrath cause the target to languish for an additional $70723s1% of your spell's damage over $71023d.,Item - Druid T10 Balance 4P Bonus Requires Druid Your critical strikes from Starfire and Wrath cause the target to languish for an additional 7% of your spell's damage over 4 sec.,
set,888,Lasherweave Regalia,2 pieces,review Go locations,manual: no numeric values (scripted spell),70718,,,2 4 71023 1 0.07 0 6 1.15,sim/druid/items.go:82 sim/druid/talents.go:304,,10 2 15 6,"When you gain Clearcasting from your Omen of Clarity talent, you deal $70721s1% additional Nature and Arcane damage for $70721d.","Item - Druid T10 Balance 2P Bonus Requires Druid When you gain Clearcasting from your Omen of Clarity talent, you deal 15% additional Nature and Arcane damage for 6 sec.",
set,878,Liadrin's Battlegear,4 pieces,review Go locations,match,67189,67189 effect1=5,,2 4 5 0,sim/paladin/items.go:82 sim/paladin/paladin.go:176 sim/paladin/soc.go:37 sim/paladin/sor.go:34 sim/paladin/sov.go:107,,9 4 5,Increases the critical strike chance of your Judgements by $s1%.,Item - Paladin T9 Retribution 4P Bonus (Judgement) Requires Paladin Increases the critical strike chance of your Judgements by 5%.,
set,878,Liadrin's Battlegear,2 pieces,review Go locations,differs,67188,67188 effect2=100,,2 4 5 0,sim/paladin/items.go:82 sim/paladin/paladin.go:176 sim/paladin/soc.go:37 sim/paladin/sor.go:34 sim/paladin/sov.go:107,67188 effect2=100,9 2,Your Righteous Vengeance talent now has a chance for its damage to be critical strikes.,Item - Paladin T9 Retribution 2P Bonus (Righteous Vengeance) Requires Paladin Your Righteous Vengeance talent now has a chance for its damage to be critical strikes.,
set,876,Liadrin's Garb,2 pieces,not in sim Go,differs,67190,67190 effect1=10000,,,,67190 effect1=10000,9 2 10,Increases the duration of your Judgements by ${$m1/1000} sec.,Item - Paladin T9 Holy 2P Bonus (Judgement) Requires Paladin Increases the duration of your Judgements by 10 sec.,
set,876,Liadrin's Garb,4 pieces,not in sim Go,match,67191,67191 effect1=100,,,,,9 4 100,Increases the heal over time effect from Flash of Light in conjunction with Sacred Shield by $s1%.,Item - Paladin T9 Holy 4P Bonus (Flash of Light) Requires Paladin Increases the heal over time effect from Flash of Light in conjunction with Sacred Shield by 100%.,
set,880,Liadrin's Plate,4 pieces,review Go locations,differs,67187,67187 effect1=30000; 67187 effect2=30000,,2 4 30 0 90 120 6 8 0.05,sim/paladin/items.go:189 sim/paladin/divine_protection.go:27 sim/paladin/divine_protection.go:66 sim/paladin/hand_of_reckoning.go:28 sim/paladin/items.go:202,67187 effect1=30000; 67187 effect2=30000,9 4 30,Decreases the cooldown on your Divine Protection ability and reduces the duration of Forbearance by ${$m1/-1000} sec.,Item - Paladin T9 Tank 4P Bonus Requires Paladin Decreases the cooldown on your Divine Protection ability and reduces the duration of Forbearance by 30 sec.,
set,880,Liadrin's Plate,2 pieces,review Go locations,differs,67186,67186 effect1=2000; 67186 effect2=5,,2 4 30 0 90 120 6 8 0.05,sim/paladin/items.go:189 sim/paladin/divine_protection.go:27 sim/paladin/divine_protection.go:66 sim/paladin/hand_of_reckoning.go:28 sim/paladin/items.go:202,67186 effect1=2000,9 2 5,Decreases the cooldown on your Hand of Reckoning ability by ${$m1/-1000} sec and increases the damage done by your Hammer of the Righteous ability by $s2%.,Item - Paladin T9 Tank 2P Bonus Requires Paladin Decreases the cooldown on your Hand of Reckoning ability by 2 sec and increases the damage done by your Hammer of the Righteous ability by 5%.,
set,679,Lightbringer Armor,2 pieces,not in sim Go,match,38421,38421 effect1=10,,,,,10,Increases the mana gained from your Spiritual Attunement ability by $s1%.,Improved Spiritual Attunement Requires Paladin Increases the mana gained from your Spiritual Attunement ability by 10%.,
set,679,Lightbringer Armor,4 pieces,not in sim Go,match,38422,38422 effect1=10,,,,,10,Increases the damage dealt by your Consecration ability by $s1%.,Improved Consecration Requires Paladin Increases the damage dealt by your Consecration ability by 10%.,
set,680,Lightbringer Battlegear,2 pieces,review Go locations,match,38427 > 38428,38427 proc chance=20; 38428 effect1=50,,2 0.2 50 4 0.1 0,sim/paladin/items.go:12 sim/paladin/items.go:42,,50 20 1 50,Your melee attacks have a chance to grant you $38428s1 mana.,Mana Regen Proc Requires Paladin Your melee attacks have a chance to grant you 50 mana. (Proc chance: 20%),
set,680,Lightbringer Battlegear,4 pieces,review Go locations,match,38424,38424 effect1=10,,2 38428 0.2 50 4 0.1 0,sim/paladin/items.go:12 sim/paladin/items.go:42,,10,Increases the damage dealt by your Hammer of Wrath ability by $s1%.,Improved Hammer of Wrath Requires Paladin Increases the damage dealt by your Hammer of Wrath ability by 10%.,
set,681,Lightbringer Raiment,4 pieces,not in sim Go,match,38426,38426 effect1=5,,,,,5,Increases the critical strike chance of your Holy Light ability by $s1%.,Holy Light Crit Requires Paladin Increases the critical strike chance of your Holy Light ability by 5%.,
set,681,Lightbringer Raiment,2 pieces,not in sim Go,match,38425,38425 effect1=5,,,,,5,Increases the spell power of your Flash of Light ability by $s1%.,Improved Flash of Light Requires Paladin Increases the spell power of your Flash of Light ability by 5%.,
set,900,Lightsworn Battlegear,4 pieces,review Go locations,match,70762,70762 effect1=10; 70762 effect2=10,,2 70765 0.4 4 0.1 0,sim/paladin/items.go:95 sim/paladin/items.go:131,,10 4 10,Your Seals and Judgements deal $s1% additional damage.,Item - Paladin T10 Retribution 4P Bonus Requires Paladin Your Seals and Judgements deal 10% additional damage.,
set,900,Lightsworn Battlegear,2 pieces,review Go locations,match,70765 > 70769,70765 proc chance=40,,2 0.4 4 0.1 0,sim/paladin/items.go:95 sim/paladin/items.go:131,,10 2 40 80,Your melee attacks have a $h% chance to reset the cooldown on your Divine Storm ability.,Item - Paladin T10 Retribution 2P Bonus Requires Paladin Your melee attacks have a 40% chance to reset the cooldown on your Divine Storm ability. (Proc chance: 40%),
set,899,Lightsworn Garb,4 pieces,not in sim Go,differs,70756 > 70757,70757 effect1=300; 70757 effect2=6; 70757 duration=10,,,,70757 effect1=300; 70757 effect2=6,10 4 10 0.3 5 20 0.3,Your Holy Shock spell causes the next Holy Light you cast within $70757d to have ${$70757m1/-1000}.1 sec reduced cast time.,Item - Paladin T10 Holy 4P Bonus Requires Paladin Your Holy Shock spell causes the next Holy Light you cast within 10 sec to have 0.3 sec reduced cast time.,
set,899,Lightsworn Garb,2 pieces,not in sim Go,manual: no numeric values (scripted spell),70755,,,,,,10 2 35,"While your Divine Illumination talent is active, your healing spells are $71166s1% stronger.","Item - Paladin T10 Holy 2P Bonus Requires Paladin While your Divine Illumination talent is active, your healing spells are 35% stronger.",
set,901,Lightsworn Plate,4 pieces,review Go locations,match,70761 > 70760,70760 effect1=12; 70760 duration=10,,2 4 0.2 0,sim/paladin/items.go:207 sim/paladin/items.go:219,,10 4 12 10 80 12,"When you activate Divine Plea, you gain $70760s1% dodge for $70760d.","Item - Paladin T10 Protection 4P Bonus Requires Paladin When you activate Divine Plea, you gain 12% dodge for 10 sec.",
set,901,Lightsworn Plate,2 pieces,review Go locations,match,70758,70758 effect1=20,,2 4 0.2 0,sim/paladin/items.go:207 sim/paladin/items.go:219,,10 2 20,Your Hammer of the Righteous ability deals $s1% increased damage.,Item - Paladin T10 Protection 2P Bonus Requires Paladin Your Hammer of the Righteous ability deals 20% increased damage.,
set,670,Malefic Raiment,2 pieces,review Go locations,match,38394 > 38395,38395 effect1=70,,2 4 0.06 0,sim/warlock/items.go:13 sim/warlock/incinerate.go:39 sim/warlock/shadowbolt.go:47,,70 1 70,"Each time one of your Corruption or Immolate spells deals periodic damage, you heal $38395s1 health.","Dot Heals Requires Warlock Each time one of your Corruption or Immolate spells deals periodic damage, you heal 70 health.",
set,670,Malefic Raiment,4 pieces,review Go locations,match,38393,38393 effect1=6,,2 4 0.06 0,sim/warlock/items.go:13 sim/warlock/incinerate.go:39 sim/warlock/shadowbolt.go:47,,6,Increases the damage dealt by your Shadow Bolt and Incinerate abilities by $s1%.,Improved Shadow Bolt and Incinerate Requires Warlock Increases the damage dealt by your Shadow Bolt and Incinerate abilities by 6%.,
set,855,Malfurion's Battlegear,2 pieces,review Go locations,differs,67121,67121 effect1=2000; 67121 effect2=3000; 67121 effect3=5,,2 4 12 0 5 1.05 1,sim/druid/items.go:276 sim/druid/barkskin.go:19 sim/druid/ferocious_bite.go:34 sim/druid/lacerate.go:23 sim/druid/rake.go:38 sim/druid/rip.go:43,67121 effect1=2000; 67121 effect2=3000,9 2 5 3,"Decreases the cooldown on your Growl ability by ${$m1/-1000} sec, increases the periodic damage done by your Lacerate ability by $s3%, and increases the duration of your Rake ability by ${$m2/1000} sec.","Item - Druid T9 Feral 2P Bonus Requires Druid Decreases the cooldown on your Growl ability by 2 sec, increases the periodic damage done by your Lacerate ability by 5%, and increases the duration of your Rake ability by 3 sec.",
set,855,Malfurion's Battlegear,4 pieces,review Go locations,differs,67123,67123 effect1=5; 67123 effect2=12000,,2 4 12 0 5 1.05 1,sim/druid/items.go:276 sim/druid/barkskin.go:19 sim/druid/ferocious_bite.go:34 sim/druid/lacerate.go:23 sim/druid/rake.go:38 sim/druid/rip.go:43,67123 effect2=12000,9 4 12 5,Reduces the cooldown on Barkskin by ${$m2/-1000} sec and increases the critical strike chance of Rip and Ferocious Bite by $s1%.,Item - Druid T9 Feral 4P Bonus Requires Druid Reduces the cooldown on Barkskin by 12 sec and increases the critical strike chance of Rip and Ferocious Bite by 5%.,
set,851,Malfurion's Garb,2 pieces,not in sim Go,match,67127,67127 effect1=5,,,,,9 2 5,Increases the critical strike chance of your Nourish spell by $s1%.,Item - Druid T9 Restoration 2P Bonus (Nourish) Requires Druid Increases the critical strike chance of your Nourish spell by 5%.,
set,851,Malfurion's Garb,4 pieces,not in sim Go,manual: no numeric values (scripted spell),67128,,,,,,9 4,Your Rejuvenation ability now has a chance for its healing to be critical strikes.,Item - Druid T9 Restoration 4P Bonus (Rejuvenation) Requires Druid Your Rejuvenation ability now has a chance for its healing to be critical strikes.,
set,853,Malfurion's Regalia,2 pieces,review Go locations,manual: no numeric values (scripted spell),67125,,,2 4 1.04 1,sim/druid/items.go:66 sim/druid/moonfire.go:14 sim/druid/starfire.go:56 sim/druid/wrath.go:39,,9 2,Your Moonfire ability now has a chance for its periodic damage to be critical strikes.,Item - Druid T9 Balance 2P Bonus (Moonfire) Requires Druid Your Moonfire ability now has a chance for its periodic damage to be critical strikes.,
set,853,Malfurion's Regalia,4 pieces,review Go locations,match,67126,67126 effect1=4,,2 4 1.04 1,sim/druid/items.go:66 sim/druid/moonfire.go:14 sim/druid/starfire.go:56 sim/druid/wrath.go:39,,9 4,Increases the damage done by your Starfire and Wrath spells by $s1%.,Item - Druid T9 Balance 4P Bonus (Starfire) Requires Druid Increases the damage done by your Starfire and Wrath spells by 4%.,
set,755,Nerubian Hive,2 pieces,not in sim Go,match,51262,51262 effect1=15,,,,,15,Increases your hit rating by $s1.,Increased Hit 15 Increases your hit rating by 15.,
set,755,Nerubian Hive,4 pieces,not in sim Go,match,51263,51263 effect1=25,,,,,25,Increases your Stamina by $s1.,Increased Stamina 25 Increases your Stamina by 25.,
set,827,Nightsong Battlegear,2 pieces,review Go locations,match,64752 > 16870,64752 proc chance=2; 64752 proc cooldown=15; 16870 effect1=100; 16870 duration=15,,2 0.02 15 4 8 0,sim/druid/items.go:203 sim/druid/feral/rotation.go:706 sim/druid/savage_roar.go:19 sim/druid/survival_instincts.go:27 sim/druid/talents.go:298,,8 2 15 100 10 100,"The periodic damage dealt by your Rake, Rip, and Lacerate abilities has a chance to cause you to enter a Clearcasting state.","Item - Druid T8 Feral 2P Bonus Requires Druid The periodic damage dealt by your Rake, Rip, and Lacerate abilities has a chance to cause you to enter a Clearcasting state. (Proc chance: 2%, 15s cooldown)",
set,827,Nightsong Battlegear,4 pieces,review Go locations,differs,64754,64754 effect1=8000,,2 0.02 15 4 8 0,sim/druid/items.go:203 sim/druid/feral/rotation.go:706 sim/druid/savage_roar.go:19 sim/druid/survival_instincts.go:27 sim/druid/talents.go:298,64754 effect1=8000,8 4 8,Increases the duration of Savage Roar and Survival Instinct by ${$m1/1000} sec.,Item - Druid T8 Feral 4P Bonus Requires Druid Increases the duration of Savage Roar and Survival Instinct by 8 sec.,
set,828,Nightsong Garb,2 pieces,review Go locations,match,64818,64818 effect1=7,,2 4 64823 10 1 0.07 0 7,sim/druid/items.go:51 sim/druid/insect_swarm.go:19 sim/druid/talents.go:460 sim/druid/talents.go:503,,8 2 7,Increases the bonus granted by Eclipse for Starfire and Wrath by $s1%.,Item - Druid T8 Balance 2P Bonus Requires Druid Increases the bonus granted by Eclipse for Starfire and Wrath by 7%.,
set,828,Nightsong Garb,4 pieces,review Go locations,match,64824 > 64823,64824 proc chance=8; 64823 effect1=100; 64823 duration=10,,2 4 10 1 0.07 0 7,sim/druid/items.go:51 sim/druid/insect_swarm.go:19 sim/druid/talents.go:460 sim/druid/talents.go:503,,8 4 10 8 1 100,"Each time your Insect Swarm deals damage, it has a chance to make your next Starfire cast within $64823d instant.","Item - Druid T8 Balance 4P Bonus Requires Druid Each time your Insect Swarm deals damage, it has a chance to make your next Starfire cast within 10 sec instant. (Proc chance: 8%)",
set,829,Nightsong Regalia,2 pieces,not in sim Go,match,64756,64756 effect1=10,,,,,8 2 10,Increases the healing done by your Swiftmend spell by $s1%.,Item - Druid T8 Restoration 2P Bonus Requires Druid Increases the healing done by your Swiftmend spell by 10%.,
set,829,Nightsong Regalia,4 pieces,not in sim Go,differs,64760,64760 effect1=10,,,,64760 effect1=10,8 4,Your Rejuvenation spell also provides an instant heal for your target.,Item - Druid T8 Restoration 4P Bonus Requires Druid Your Rejuvenation spell also provides an instant heal for your target.,
set,865,Nobundo's Battlegear,2 pieces,review Go locations,match,67220,67220 effect1=3,,2 4 0.03 0 0.25,sim/shaman/items_wotlk.go:226 sim/shaman/lightning_shield.go:16 sim/shaman/shocks.go:45,,9 2 3,Adds an additional $s1% chance to trigger your Static Shock talent.,Item - Shaman T9 Enhancement 2P Bonus (Static Shock) Requires Shaman Adds an additional 3% chance to trigger your Static Shock talent.,
set,865,Nobundo's Battlegear,4 pieces,review Go locations,match,67221,67221 effect1=25; 67221 effect2=25,,2 4 0.03 0 0.25,sim/shaman/items_wotlk.go:226 sim/shaman/lightning_shield.go:16 sim/shaman/shocks.go:45,,9 4 25,"Increases the damage done by your Earth Shock, Flame Shock, and Frost Shock spells by $s1%.","Item - Shaman T9 Enhancment 4P Bonus (Stormstrike) Requires Shaman Increases the damage done by your Earth Shock, Flame Shock, and Frost Shock spells by 25%.",
set,861,Nobundo's Garb,2 pieces,not in sim Go,match,67225,67225 effect1=20; 67225 effect2=20,,,,,9 2 20,Increases the healing done by your Riptide spell by $s1%.,Item - Shaman T9 Restoration 2P Bonus (Riptide) Requires Shaman Increases the healing done by your Riptide spell by 20%.,
set,861,Nobundo's Garb,4 pieces,not in sim Go,match,67226,67226 effect1=5,,,,,9 4 5,Increases the critical strike chance of your Chain Heal spell by $s1%.,Item - Shaman T9 Restoration 4P Bonus (Chain Heal) Requires Shaman Increases the critical strike chance of your Chain Heal spell by 5%.,
set,864,Nobundo's Regalia,4 pieces,review Go locations,match,67228,67228 effect1=10,,2 4 71824 1 3 0,sim/shaman/items_wotlk.go:13 sim/shaman/lavaburst.go:19 sim/shaman/shocks.go:68,,9 4 10 6,Your Lava Burst spell causes your target to burn for an additonal $67228s1% of your spell's damage over $71824d.,Item - Shaman T9 Elemental 4P Bonus (Lava Burst) Requires Shaman Your Lava Burst spell causes your target to burn for an additonal 10% of your spell's damage over 6 sec.,
set,864,Nobundo's Regalia,2 pieces,review Go locations,differs,67227,67227 effect1=9000,,2 4 71824 1 3 0,sim/shaman/items_wotlk.go:13 sim/shaman/lavaburst.go:19 sim/shaman/shocks.go:68,67227 effect1=9000,9 2 9,Increases the duration of your Flame Shock spell by ${$m1/1000} sec.,Item - Shaman T9 Elemental 2P Bonus (Flame Shock) Requires Shaman Increases the duration of your Flame Shock spell by 9 sec.,
set,673,Onslaught Armor,4 pieces,review Go locations,match,38407,38407 effect1=10,,2 4 0.1 0,sim/warrior/items.go:15 sim/warrior/shield_slam.go:54,,10,Increases the damage of your Shield Slam ability by $s1%.,Improved Shield Slam Requires Warrior Increases the damage of your Shield Slam ability by 10%.,
set,673,Onslaught Armor,2 pieces,review Go locations,match,38408,38408 effect1=170,,2 4 0.1 0,sim/warrior/items.go:15 sim/warrior/shield_slam.go:54,,170,Increases the health bonus from your Commanding Shout ability by $s1.,Improved Commanding Shout Requires Warrior Increases the health bonus from your Commanding Shout ability by 170.,
set,672,Onslaught Battlegear,2 pieces,review Go locations,differs,38398,38398 effect1=30,,2 4 0.05 0 3,sim/warrior/items.go:28 sim/warrior/bloodthirst.go:36 sim/warrior/execute.go:27 sim/warrior/mortal_strike.go:40,38398 effect1=30,3,Reduces the rage cost of your Execute ability by ${$m1/-10}.,Reduced Execute Cost Requires Warrior Reduces the rage cost of your Execute ability by 3.,
set,672,Onslaught Battlegear,4 pieces,review Go locations,match,38399,38399 effect1=5,,2 4 0.05 0 3,sim/warrior/items.go:28 sim/warrior/bloodthirst.go:36 sim/warrior/execute.go:27 sim/warrior/mortal_strike.go:40,,5,Increases the damage of your Mortal Strike and Bloodthirst abilities by $s1%.,Improved Mortal Strike and Bloodthirst Requires Warrior Increases the damage of your Mortal Strike and Bloodthirst abilities by 5%.,
set,814,Ornate Saronite Battlegear,4 pieces,not in sim Go,match,63973,63973 effect1=75,,,,,75,+$s1 Stamina.,Increased Stamina 75 +75 Stamina.,
set,814,Ornate Saronite Battlegear,6 pieces,not in sim Go,match,63972,63972 effect1=50,,,,,50,+$s1 Resilience Rating.,Increased Resilience 50 +50 Resilience Rating.,
set,815,Overcaster Battlegear,6 pieces,not in sim Go,match,63972,63972 effect1=50,,,,,50,+$s1 Resilience Rating.,Increased Resilience 50 +50 Resilience Rating.,
set,815,Overcaster Battlegear,4 pieces,not in sim Go,match,63973,63973 effect1=75,,,,,75,+$s1 Stamina.,Increased Stamina 75 +75 Stamina.,
set,802,Plagueheart Garb,2 pieces,review Go locations,match,60170 > 61595,60170 proc chance=15; 61595 effect1=10; 61595 duration=10,,2 10 0.15 4 61082 300,sim/warlock/items.go:27,,10 15 10,Your Corruption and Immolate periodic effects have a chance to increase the critical strike chance of your next Shadow Bolt or Incinerate by 10% for the next $61595d.,Corruption Triggers Crit Requires Warlock Your Corruption and Immolate periodic effects have a chance to increase the critical strike chance of your next Shadow Bolt or Incinerate by 10% for the next 10 sec. (Proc chance: 15%),
set,802,Plagueheart Garb,4 pieces,review Go locations,match,60172 > 61082,61082 effect1=300; 61082 duration=10,,2 10 61595 0.15 4 300,sim/warlock/items.go:27,,300 10 300,Casting Life Tap grants you an additional 300 spirit for 10 seconds.,Life Tap Bonus Spirit Requires Warlock Casting Life Tap grants you an additional 300 spirit for 10 seconds.,
set,881,Purified Shard of the Gods,2 pieces,review Go locations,match,69599,69599 effect1=222; 69599 effect2=222,,2 222,sim/common/wotlk/item_sets.go:14,,222,Increases spell power by $s1.,Increase Spell Dam 222 Increases spell power by 222.,
set,881,Purified Shard of the Gods,2 pieces,review Go locations,manual: no values a tooltip shows,69755,69755 proc chance=25; 69755 proc cooldown=50,,2 222,sim/common/wotlk/item_sets.go:14,,60 25 50,Your direct heals have a chance to cause Cauterizing Heal. Your direct damage spells have a chance to cause Searing Flame.,"Purified Shard of the Scale - Equip Effect Requires level 60 Your direct heals have a chance to cause Cauterizing Heal. Your direct damage spells have a chance to cause Searing Flame. (Proc chance: 25%, 50s cooldown)",
set,759,Raine's Revenge,2 pieces,not in sim Go,match,9417,9417 effect1=12; 9417 effect2=12,,,,,12,Increases spell power by $s1.,Increase Spell Dam 12 Increases spell power by 12.,
set,789,Redemption Battlegear,2 pieces,review Go locations,match,60152,60152 effect1=10,,2 4 0.1 0 1,sim/paladin/items.go:47 sim/paladin/items.go:59 sim/paladin/judgement.go:40 sim/paladin/judgement.go:82,,10,Increases the damage dealt by your Divine Storm by $s1%.,Divine Storm Damage Requires Paladin Increases the damage dealt by your Divine Storm by 10%.,
set,789,Redemption Battlegear,4 pieces,review Go locations,differs,60153,60153 effect1=1000,,2 4 0.1 0 1,sim/paladin/items.go:47 sim/paladin/items.go:59 sim/paladin/judgement.go:40 sim/paladin/judgement.go:82,60153 effect1=1000,1,"Reduces the cooldown of your Judgment of Light, Judgment of Wisdom, and Judgment of Justice by $/1000;s1 second.","Judgment Cooldown Reduction Requires Paladin Reduces the cooldown of your Judgment of Light, Judgment of Wisdom, and Judgment of Justice by 1 second.",
set,791,Redemption Plate,2 pieces,review Go locations,match,60149,60149 effect1=10,,2 4 3 0 0.1,sim/paladin/items.go:153 sim/paladin/divine_protection.go:10 sim/paladin/items.go:166,,10,Increases the damage dealt by your Hammer of the Righteous by $s1%.,Hammer of Righteousness Boost Requires Paladin Increases the damage dealt by your Hammer of the Righteous by 10%.,
set,791,Redemption Plate,4 pieces,review Go locations,differs,60150,60150 effect1=3000,,2 4 3 0 0.1,sim/paladin/items.go:153 sim/paladin/divine_protection.go:10 sim/paladin/items.go:166,60150 effect1=3000,3,Increases the duration of your Divine Shield and Divine Protection by $/1000;s1 seconds.,Divine Protection Duration Requires Paladin Increases the duration of your Divine Shield and Divine Protection by 3 seconds.,
set,790,Redemption Regalia,2 pieces,not in sim Go,match,60147,60147 effect1=10,,,,,10,Your Holy Shock gains an additional $s1% chance to critically strike.,Holy Shock Crit Chance Requires Paladin Your Holy Shock gains an additional 10% chance to critically strike.,
set,790,Redemption Regalia,4 pieces,not in sim Go,match,60148,60148 effect1=5,,,,,5,The cost of your Holy Light is reduced by $s1%.,Holy Light Cost Reduction Requires Paladin The cost of your Holy Light is reduced by 5%.,
set,804,Regalia of Faith,2 pieces,review Go locations,manual: no numeric values (scripted spell),60154,,,2 4 0.95 1 0,sim/priest/items.go:47 sim/priest/greater_heal.go:22 sim/priest/prayer_of_mending.go:20,,1 2 1,Your Prayer of Mending will jump an additional time.,"Prayer of Mending Bounce Requires Priest Your Prayer of Mending will jump an additional time. Modifies Max Stacks +1: Prayer of Mending , Prayer of Mending , Prayer of Mending Modifies Effect #2's Value +1: Prayer of Mending , Prayer of Mending , Prayer of Mending",
set,804,Regalia of Faith,4 pieces,review Go locations,match,60155,60155 effect1=5,,2 4 0.95 1 0,sim/priest/items.go:47 sim/priest/greater_heal.go:22 sim/priest/prayer_of_mending.go:20,,5,The cost of your Greater Heal is reduced by $s1%.,Greater Heal Cost Reduction Requires Priest The cost of your Greater Heal is reduced by 5%.,
set,856,Runetotem's Battlegear,2 pieces,review Go locations,differs,67121,67121 effect1=2000; 67121 effect2=3000; 67121 effect3=5,,2 4 12 0 5 1.05 1,sim/druid/items.go:277 sim/druid/barkskin.go:19 sim/druid/ferocious_bite.go:34 sim/druid/lacerate.go:23 sim/druid/rake.go:38 sim/druid/rip.go:43,67121 effect1=2000; 67121 effect2=3000,9 2 5 3,"Decreases the cooldown on your Growl ability by ${$m1/-1000} sec, increases the periodic damage done by your Lacerate ability by $s3%, and increases the duration of your Rake ability by ${$m2/1000} sec.","Item - Druid T9 Feral 2P Bonus Requires Druid Decreases the cooldown on your Growl ability by 2 sec, increases the periodic damage done by your Lacerate ability by 5%, and increases the duration of your Rake ability by 3 sec.",
set,856,Runetotem's Battlegear,4 pieces,review Go locations,differs,67123,67123 effect1=5; 67123 effect2=12000,,2 4 12 0 5 1.05 1,sim/druid/items.go:277 sim/druid/barkskin.go:19 sim/druid/ferocious_bite.go:34 sim/druid/lacerate.go:23 sim/druid/rake.go:38 sim/druid/rip.go:43,67123 effect2=12000,9 4 12 5,Reduces the cooldown on Barkskin by ${$m2/-1000} sec and increases the critical strike chance of Rip and Ferocious Bite by $s1%.,Item - Druid T9 Feral 4P Bonus Requires Druid Reduces the cooldown on Barkskin by 12 sec and increases the critical strike chance of Rip and Ferocious Bite by 5%.,
set,852,Runetotem's Garb,2 pieces,not in sim Go,match,67127,67127 effect1=5,,,,,9 2 5,Increases the critical strike chance of your Nourish spell by $s1%.,Item - Druid T9 Restoration 2P Bonus (Nourish) Requires Druid Increases the critical strike chance of your Nourish spell by 5%.,
set,852,Runetotem's Garb,4 pieces,not in sim Go,manual: no numeric values (scripted spell),67128,,,,,,9 4,Your Rejuvenation ability now has a chance for its healing to be critical strikes.,Item - Druid T9 Restoration 4P Bonus (Rejuvenation) Requires Druid Your Rejuvenation ability now has a chance for its healing to be critical strikes.,
set,854,Runetotem's Regalia,2 pieces,review Go locations,manual: no numeric values (scripted spell),67125,,,2 4 1.04 1,sim/druid/items.go:67 sim/druid/moonfire.go:14 sim/druid/starfire.go:56 sim/druid/wrath.go:39,,9 2,Your Moonfire ability now has a chance for its periodic damage to be critical strikes.,Item - Druid T9 Balance 2P Bonus (Moonfire) Requires Druid Your Moonfire ability now has a chance for its periodic damage to be critical strikes.,
set,854,Runetotem's Regalia,4 pieces,review Go locations,match,67126,67126 effect1=4,,2 4 1.04 1,sim/druid/items.go:67 sim/druid/moonfire.go:14 sim/druid/starfire.go:56 sim/druid/wrath.go:39,,9 4,Increases the damage done by your Starfire and Wrath spells by $s1%.,Item - Druid T9 Balance 4P Bonus (Starfire) Requires Druid Increases the damage done by your Starfire and Wrath spells by 4%.,
set,832,Sanctification Garb,2 pieces,review Go locations,match,64906,64906 effect1=15; 64906 effect2=15,,2 4 64907 240 0.15 0,sim/priest/items.go:59 sim/priest/devouring_plague.go:33 sim/priest/devouring_plague.go:72 sim/priest/set_bonuses.go:7 sim/priest/set_bonuses.go:8,,8 2 15,Increases the damage done by your Devouring Plague by $s1%.,Item - Priest T8 Shadow 2P Bonus Requires Priest Increases the damage done by your Devouring Plague by 15%.,
set,832,Sanctification Garb,4 pieces,review Go locations,match,64908 > 64907,64907 effect1=240; 64907 duration=4,,2 4 240 0.15 0,sim/priest/items.go:59 sim/priest/devouring_plague.go:33 sim/priest/devouring_plague.go:72 sim/priest/set_bonuses.go:7 sim/priest/set_bonuses.go:8,,8 4 240 4 80 240 4,Your Mind Blast also grants you $64907s1 haste rating for $64907d.,Item - Priest T8 Shadow 4P Bonus Requires Priest Your Mind Blast also grants you 240 haste rating for 4 sec.,
set,833,Sanctification Regalia,2 pieces,review Go locations,match,64910,64910 effect1=10,,2 4 64912 250 5 10 0,sim/priest/items.go:86 sim/priest/prayer_of_healing.go:34,,8 2 10,Increases the critical heal chance of your Prayer of Healing by $s1%.,Item - Priest T8 Healer 2P Bonus Requires Priest Increases the critical heal chance of your Prayer of Healing by 10%.,
set,833,Sanctification Regalia,4 pieces,review Go locations,match,64912 > 64911,64911 effect1=250; 64911 effect2=250; 64911 duration=5,,2 4 250 5 10 0,sim/priest/items.go:86 sim/priest/prayer_of_healing.go:34,,8 4 250 5 80 250 5,Casting Power Word: Shield also grants you $64911s1 spell power for $64911d.,Item - Priest T8 Healer 4P Bonus Requires Priest Casting Power Word: Shield also grants you 250 spell power for 5 sec.,
set,816,Savage Saronite Battlegear,4 pieces,not in sim Go,match,63973,63973 effect1=75,,,,,75,+$s1 Stamina.,Increased Stamina 75 +75 Stamina.,
set,816,Savage Saronite Battlegear,6 pieces,not in sim Go,match,63972,63972 effect1=50,,,,,50,+$s1 Resilience Rating.,Increased Resilience 50 +50 Resilience Rating.,
set,792,Scourgeborne Battlegear,2 pieces,review Go locations,match,60134,60134 effect1=5,,2 4 5 0,sim/deathknight/items.go:15 sim/deathknight/items.go:29 sim/deathknight/items.go:33,,5,"Increases the critical strike chance of your Obliterate, Scourge Strike, and Death Strike abilities by $s1%.","Scourge/Oblit Crit Up Requires Death Knight Increases the critical strike chance of your Obliterate, Scourge Strike, and Death Strike abilities by 5%.",
set,792,Scourgeborne Battlegear,4 pieces,review Go locations,differs,60132 > 61040,61040 effect1=50,,2 4 5 0,sim/deathknight/items.go:15 sim/deathknight/items.go:29 sim/deathknight/items.go:33,61040 effect1=50,5,"Your Obliterate, Scourge Strike, and Death Strike generate an additional $/10;61040s1 Runic Power when used.","Oblit/Scourge Strike Runic Power Up Requires Death Knight Your Obliterate, Scourge Strike, and Death Strike generate an additional 5 Runic Power when used.",
set,793,Scourgeborne Plate,2 pieces,review Go locations,match,60130,60130 effect1=10,,2 4 10 0 3,sim/deathknight/items.go:37 sim/deathknight/items.go:50 sim/deathknight/items.go:54,,10,Increases the critical strike chance of your Plague Strike by $s1%.,Increased Plague Strike Crit Requires Death Knight Increases the critical strike chance of your Plague Strike by 10%.,
set,793,Scourgeborne Plate,4 pieces,review Go locations,differs,60133,60133 effect1=3000,,2 4 10 0 3,sim/deathknight/items.go:37 sim/deathknight/items.go:50 sim/deathknight/items.go:54,60133 effect1=3000,3,Increases the duration of your Icebound Fortitude by $/1000;s1 seconds.,Icebound Duration Increase Requires Death Knight Increases the duration of your Icebound Fortitude by 3 seconds.,
set,897,Scourgelord's Battlegear,2 pieces,review Go locations,match,70655,70655 effect1=10; 70655 effect2=7,,2 4 1,sim/deathknight/items.go:172 sim/deathknight/items.go:196,,10 2 10 7,"Your Obliterate and Scourge Strike abilities deal $s1% increased damage, and your Heart Strike ability deals $s2% increased damage.","Item - Death Knight T10 Melee 2P Bonus Requires Death Knight Your Obliterate and Scourge Strike abilities deal 10% increased damage, and your Heart Strike ability deals 7% increased damage.",
set,897,Scourgelord's Battlegear,4 pieces,review Go locations,differs,70656 > 70657,70656 effect2=6; 70657 effect1=3; 70657 effect2=6; 70657 duration=15,,2 4 1,sim/deathknight/items.go:172 sim/deathknight/items.go:196,70656 effect2=6; 70657 effect2=6,10 4 55 3 15 5 20 3 15,"Whenever all your runes are on cooldown, you gain $70657s1% increased damage done with weapons, spells, and abilities for the next $70657d.","Item - Death Knight T10 Melee 4P Bonus Requires Death Knight Requires level 55 Whenever all your runes are on cooldown, you gain 3% increased damage done with weapons, spells, and abilities for the next 15 sec.",
set,898,Scourgelord's Plate,4 pieces,review Go locations,match,70652 > 70654,70654 effect1=12; 70654 duration=10,,2 4 1.2 1,sim/deathknight/items.go:236 sim/deathknight/blood_tap.go:47 sim/deathknight/items.go:250,,10 4 12 10 80 12,"When you activate Blood Tap, you gain $70654s1% damage reduction from all attacks for $70654d.","Item - Death Knight T10 Tank 4P Bonus Requires Death Knight When you activate Blood Tap, you gain 12% damage reduction from all attacks for 10 sec.",
set,898,Scourgelord's Plate,2 pieces,review Go locations,match,70650,70650 effect1=20,,2 4 1.2 1,sim/deathknight/items.go:236 sim/deathknight/blood_tap.go:47 sim/deathknight/items.go:250,,10 2 20,Increases the damage done by your Death and Decay ability by $s1%.,Item - Death Knight T10 Tank 2P Bonus Requires Death Knight Increases the damage done by your Death and Decay ability by 20%.,
set,838,Scourgestalker Battlegear,2 pieces,review Go locations,match,64854,64854 effect1=10; 64854 effect2=10,,2 4 64860 600 15 0.1 45 0,sim/hunter/wotlk_items.go:48 sim/hunter/chimera_shot.go:74 sim/hunter/serpent_sting.go:37,,8 2 10,Increases the damage done by your Serpent Sting by $s1%.,Item - Hunter T8 2P Bonus Requires Hunter Increases the damage done by your Serpent Sting by 10%.,
set,838,Scourgestalker Battlegear,4 pieces,review Go locations,match,64860 > 64861,64860 proc chance=10; 64860 proc cooldown=45; 64861 effect1=600; 64861 effect2=600; 64861 duration=15,,2 4 600 15 0.1 45 0,sim/hunter/wotlk_items.go:48 sim/hunter/chimera_shot.go:74 sim/hunter/serpent_sting.go:37,,8 4 600 15 10 45 600 15,Your Steady Shot has a chance to grant you $64861s1 attack power for $64861d.,"Item - Hunter T8 4P Bonus Requires Hunter Your Steady Shot has a chance to grant you 600 attack power for 15 sec. (Proc chance: 10%, 45s cooldown)",
set,890,Shadowblade's Battlegear,4 pieces,review Go locations,match,70803 > 70802,70803 proc chance=13; 70802 effect1=3,,2 4,sim/rogue/items.go:25 sim/rogue/talents.go:75 sim/rogue/tricks_of_the_trade.go:13,,10 4 3 13 3 13 1 3,Gives your melee finishing moves a $h1% chance to add $70802s1 combo points to your target.,Item - Rogue T10 4P Bonus Rank 3 Requires Rogue Gives your melee finishing moves a 13% chance to add 3 combo points to your target. (Proc chance: 13%),
set,890,Shadowblade's Battlegear,2 pieces,review Go locations,differs,70805 > 70804,70805 effect1=100; 70804 effect1=15,,2 4 70802,sim/rogue/items.go:25 sim/rogue/talents.go:75 sim/rogue/tricks_of_the_trade.go:13,70805 effect1=100,10 2 3 15,Your Tricks of the Trade ability now grants you $70804s1 energy instead of costing energy.,Item - Rogue T10 2P Bonus Rank 3 Requires Rogue Your Tricks of the Trade ability now grants you 15 energy instead of costing energy.,
set,882,Shiny Shard of the Gods,2 pieces,review Go locations,match,69709,69709 effect1=250; 69709 effect2=250,,2 250,sim/common/wotlk/item_sets.go:25,,250,Increases spell power by $s1.,Increase Spell Dam 250 Increases spell power by 250.,
set,882,Shiny Shard of the Gods,2 pieces,review Go locations,manual: no values a tooltip shows,69739,69739 proc chance=25; 69739 proc cooldown=50,,2 250,sim/common/wotlk/item_sets.go:25,,60 25 50,Your direct heals have a chance to cause Cauterizing Heal. Your direct damage spells have a chance to cause Searing Flame.,"Shiny Shard of the Scale - Equip Effect Requires level 60 Your direct heals have a chance to cause Cauterizing Heal. Your direct damage spells have a chance to cause Searing Flame. (Proc chance: 25%, 50s cooldown)",
set,830,Siegebreaker Battlegear,2 pieces,review Go locations,match,64938 > 64937,64938 proc chance=40; 64937 effect1=150; 64937 duration=5,,2 5 150 47450 0.4 4 10 0,sim/warrior/items.go:176 sim/warrior/bloodthirst.go:35 sim/warrior/mortal_strike.go:36,,8 2 150 5 40 80 150 5,Heroic Strike and Slam critical strikes have a chance to grant you $64937s1 haste rating for $64937d.,Item - Warrior T8 Melee 2P Bonus Requires Warrior Heroic Strike and Slam critical strikes have a chance to grant you 150 haste rating for 5 sec. (Proc chance: 40%),
set,830,Siegebreaker Battlegear,4 pieces,review Go locations,match,64939,64939 effect1=10; 64939 proc chance=40,,2 64937 5 150 47450 0.4 4 10 0,sim/warrior/items.go:176 sim/warrior/bloodthirst.go:35 sim/warrior/mortal_strike.go:36,,8 4 10 40,Increases the critical strike chance of Mortal Strike and Bloodthirst by $s1%.,Item - Warrior T8 Melee 4P Bonus Requires Warrior Increases the critical strike chance of Mortal Strike and Bloodthirst by 10%. (Proc chance: 40%),
set,831,Siegebreaker Plate,2 pieces,review Go locations,match,64933,64933 effect1=10,,2 4 10 0,sim/warrior/items.go:76 sim/warrior/devastate.go:41,,8 2 10,Increases the critical strike chance of your Devastate ability by $s1%.,Item - Warrior T8 Protection 2P Bonus Requires Warrior Increases the critical strike chance of your Devastate ability by 10%.,
set,831,Siegebreaker Plate,4 pieces,review Go locations,differs,64936 > 64934,64934 effect1=20; 64934 duration=5,,2 4 10 0,sim/warrior/items.go:76 sim/warrior/devastate.go:41,64934 duration=5,8 4 20,Shield Block also grants you $64934s1% reduction to magical damage taken.,Item - Warrior T8 Protection 4P Bonus Requires Warrior Shield Block also grants you 20% reduction to magical damage taken.,
set,682,Skyshatter Harness,2 pieces,review Go locations,match,38429,38429 effect1=10,,2 4 0.1 0 38432 70 12,sim/shaman/items.go:56 sim/shaman/shocks.go:30 sim/shaman/stormstrike.go:80,,10,"Your Earth Shock, Flame Shock, and Frost Shock abilities cost $s1% less mana.","Shock Discount Requires Shaman Your Earth Shock, Flame Shock, and Frost Shock abilities cost 10% less mana.",
set,682,Skyshatter Harness,4 pieces,review Go locations,differs,38432,38432 effect1=100,,2 4 0.1 0 70 12,sim/shaman/items.go:56 sim/shaman/shocks.go:30 sim/shaman/stormstrike.go:80,38432 effect1=100,70 12,"Whenever you use Stormstrike, you gain $38430s1 attack power for $38430d.","Stormstrike AP Buff Requires Shaman Whenever you use Stormstrike, you gain 70 attack power for 12 sec.",
set,683,Skyshatter Raiment,2 pieces,not in sim Go,match,38434,38434 effect1=10,,,,,10,Your Chain Heal ability costs $s1% less mana.,Chain Heal Discount Requires Shaman Your Chain Heal ability costs 10% less mana.,
set,683,Skyshatter Raiment,4 pieces,not in sim Go,match,38435,38435 effect1=5,,,,,5,Increases the amount healed by your Chain Heal ability by $s1%.,Improved Chain Heal Requires Shaman Increases the amount healed by your Chain Heal ability by 5%.,
set,684,Skyshatter Regalia,2 pieces,review Go locations,manual: no numeric values (scripted spell),38443 > 18350,,,2 19 35 45 4 0.05,sim/shaman/items.go:28 sim/shaman/lightning_bolt.go:26,,19 5 35 45,"Whenever you have an air totem, an earth totem, a fire totem, and a water totem active at the same time, you gain $38437s1 mana per 5 sec, $38437s2 spell critical strike rating, and $38437s3 spell power.","Totemic Mastery Requires Shaman Whenever you have an air totem, an earth totem, a fire totem, and a water totem active at the same time, you gain 19 mana per 5 sec, 35 spell critical strike rating, and 45 spell power.",
set,684,Skyshatter Regalia,4 pieces,review Go locations,match,38436,38436 effect1=5,,2 19 35 45 4 0.05,sim/shaman/items.go:28 sim/shaman/lightning_bolt.go:26,,5,Increases the damage dealt by your Lightning Bolt ability by $s1%.,Improved Lightning Bolt Requires Shaman Increases the damage dealt by your Lightning Bolt ability by 5%.,
set,668,Slayer's Armor,4 pieces,review Go locations,match,38389,38389 effect1=6,,2 4 0.06 0 0.05,sim/rogue/items.go:136 sim/rogue/backstab.go:43 sim/rogue/hemorrhage.go:82 sim/rogue/mutilate.go:33 sim/rogue/sinister_strike.go:37 sim/rogue/slice_and_dice.go:28,,6,"Increases the damage dealt by your Backstab, Sinister Strike, Mutilate, and Hemorrhage abilities by $s1%.","Improved Backstab and Sinister Strike Requires Rogue Increases the damage dealt by your Backstab, Sinister Strike, Mutilate, and Hemorrhage abilities by 6%.",
set,668,Slayer's Armor,2 pieces,review Go locations,match,38388,38388 effect1=5,,2 4 0.06 0 0.05,sim/rogue/items.go:136 sim/rogue/backstab.go:43 sim/rogue/hemorrhage.go:82 sim/rogue/mutilate.go:33 sim/rogue/sinister_strike.go:37 sim/rogue/slice_and_dice.go:28,,5,Increases the haste from your Slice and Dice ability by $s1%.,Increased Slice and Dice Haste Requires Rogue Increases the haste from your Slice and Dice ability by 5%.,
set,817,Stormhide Battlegear,6 pieces,not in sim Go,match,63972,63972 effect1=50,,,,,50,+$s1 Resilience Rating.,Increased Resilience 50 +50 Resilience Rating.,
set,817,Stormhide Battlegear,4 pieces,not in sim Go,match,63973,63973 effect1=75,,,,,75,+$s1 Stamina.,Increased Stamina 75 +75 Stamina.,
set,142,Stormshroud Armor,2 pieces,review Go locations,match,18979 > 18980,18979 proc chance=5; 18980 effect1=25; 18980 effect1 min=15,,2 1 15 25 0.05 3 23863 23864 30 0.02 4 14,sim/common/tbc/melee_sets.go:56,,24 5 15 25 5 1 20 24 15 25,5% chance of dealing $18980s1 Nature damage on a successful melee attack.,Lightning Requires level 24 5% chance of dealing 15 to 25 Nature damage on a successful melee attack. (Proc chance: 5%),
set,142,Stormshroud Armor,3 pieces,review Go locations,match,23863 > 23864,23863 proc chance=2; 23864 effect1=30,,2 18980 1 15 25 18979 0.05 3 30 0.02 4 14,sim/common/tbc/melee_sets.go:56,,2 30 2 30,2% chance on melee attack of restoring $23864s energy.,Revitalize 2% chance on melee attack of restoring 30 energy. (Proc chance: 2%),
set,142,Stormshroud Armor,4 pieces,review Go locations,match,41845,41845 effect1=14; 41845 effect2=14,,2 18980 1 15 25 18979 0.05 3 23863 23864 30 0.02 4 14,sim/common/tbc/melee_sets.go:56,,14,Increases attack power by $s1.,Attack Power 14 Increases attack power by 14.,
set,844,Sunstrider's Regalia,2 pieces,review Go locations,match,67164,67164 effect1=20; 67164 effect2=10; 67164 effect3=15,,2 4 5 0 0.1 0.15,sim/mage/items.go:82 sim/mage/arcane_blast.go:51 sim/mage/arcane_missiles.go:24 sim/mage/fireball.go:36 sim/mage/frostbolt.go:37 sim/mage/frostfire_bolt.go:34 sim/mage/mage.go:157 sim/mage/mage.go:166,,9 2 20 10 15,"Increases the armor you gain from Ice Armor by $s1%, the mana regeneration you gain from Mage Armor by $s2%, and adds an additional $s3% of your Spirit in critical strike rating when Molten Armor is active.","Item - Mage T9 2P Bonus Requires Mage Increases the armor you gain from Ice Armor by 20%, the mana regeneration you gain from Mage Armor by 10%, and adds an additional 15% of your Spirit in critical strike rating when Molten Armor is active.",
set,844,Sunstrider's Regalia,4 pieces,review Go locations,match,67185,67185 effect1=5,,2 4 5 0 0.1 0.15,sim/mage/items.go:82 sim/mage/arcane_blast.go:51 sim/mage/arcane_missiles.go:24 sim/mage/fireball.go:36 sim/mage/frostbolt.go:37 sim/mage/frostfire_bolt.go:34 sim/mage/mage.go:157 sim/mage/mage.go:166,,9 4 5,"Increases the critical strike chance of your Fireball, Frostbolt, Frostfire Bolt, Arcane Missiles, and Arcane Blast spells by $s1%.","Item - Mage T9 4P Bonus (Fireball, Frostbolt, Frostfire Bolt, and Arcane Blast) Requires Mage Increases the critical strike chance of your Fireball, Frostbolt, Frostfire Bolt, Arcane Missiles, and Arcane Blast spells by 5%.",
set,818,Swiftarrow Battlegear,4 pieces,not in sim Go,match,63973,63973 effect1=75,,,,,75,+$s1 Stamina.,Increased Stamina 75 +75 Stamina.,
set,818,Swiftarrow Battlegear,6 pieces,not in sim Go,match,63972,63972 effect1=50,,,,,50,+$s1 Resilience Rating.,Increased Resilience 50 +50 Resilience Rating.,
set,671,Tempest Regalia,2 pieces,review Go locations,differs,38396,38396 effect1=2000,,2 4 0.05 0 5,sim/mage/items.go:12 sim/mage/arcane_missiles.go:27 sim/mage/evocation.go:11 sim/mage/fireball.go:42 sim/mage/frostbolt.go:41,38396 effect1=2000,2,Increases the duration of your Evocation ability by ${$m1/1000} sec.,Improved Evocation Requires Mage Increases the duration of your Evocation ability by 2 sec.,
set,671,Tempest Regalia,4 pieces,review Go locations,match,38397,38397 effect1=5,,2 4 0.05 0 5,sim/mage/items.go:12 sim/mage/arcane_missiles.go:27 sim/mage/evocation.go:11 sim/mage/fireball.go:42 sim/mage/frostbolt.go:41,,5,"Increases the damage of your Fireball, Frostbolt, and Arcane Missiles abilities by $s1%.","Improved Fireball, Frostbolt, and Arcane Missiles Requires Mage Increases the damage of your Fireball, Frostbolt, and Arcane Missiles abilities by 5%.",
set,826,Terrorblade Battlegear,2 pieces,review Go locations,manual: no numeric values (scripted spell),64914 > 64913,,,2 4 0.2 0,sim/rogue/items.go:108 sim/rogue/poisons.go:34 sim/rogue/rupture.go:45,,8 2 1,Your Deadly Poison causes you to gain $64913s1 energy each time it deals damage.,Item - Rogue T8 2P Bonus Requires Rogue Your Deadly Poison causes you to gain 1 energy each time it deals damage.,
set,826,Terrorblade Battlegear,4 pieces,review Go locations,match,64915,64915 effect1=20,,2 4 64913 0.2 0,sim/rogue/items.go:108 sim/rogue/poisons.go:34 sim/rogue/rupture.go:45,,8 4 20,Increases the damage done by your Rupture by $s1%.,Item - Rogue T8 4P Bonus Requires Rogue Increases the damage done by your Rupture by 20%.,
set,871,Thassarian's Battlegear,4 pieces,review Go locations,match,67118,67118 effect2=100,,2 4,sim/deathknight/items.go:97 sim/deathknight/diseases.go:126 sim/deathknight/diseases.go:231,,9 4 100,Your Blood Plague ability now has a chance for its damage to be critical strikes.,Item - Death Knight T9 Melee 4P Bonus Requires Death Knight Your Blood Plague ability now has a chance for its damage to be critical strikes. Modifies Critical Strike Damage +100%: Blood Plague,
set,871,Thassarian's Battlegear,2 pieces,review Go locations,match,67115 > 67117,67115 proc chance=50; 67115 proc cooldown=45; 67117 effect1=180; 67117 duration=15,,2 4,sim/deathknight/items.go:97 sim/deathknight/diseases.go:126 sim/deathknight/diseases.go:231,,9 2 180 15 50 45 180 15,Your Blood Strike and Heart Strike abilities have a chance to grant you $67117s1 additional strength for $67117d.,"Item - Death Knight T9 Melee 2P Bonus Requires Death Knight Your Blood Strike and Heart Strike abilities have a chance to grant you 180 additional strength for 15 sec. (Proc chance: 50%, 45s cooldown)",
set,873,Thassarian's Plate,4 pieces,review Go locations,differs,67120,67120 effect1=10000,,2 4 1.05 1 0,sim/deathknight/items.go:142 sim/deathknight/items.go:157 sim/deathknight/items.go:161,67120 effect1=10000,9 4 10,"Decreases the cooldown on your Unbreakable Armor, Vampiric Blood, and Bone Shield abilities by ${$m1/-1000} sec.","Item - Death Knight T9 Tank 4P Bonus Requires Death Knight Decreases the cooldown on your Unbreakable Armor, Vampiric Blood, and Bone Shield abilities by 10 sec.",
set,873,Thassarian's Plate,2 pieces,review Go locations,differs,67119,67119 effect1=2000; 67119 effect2=5,,2 4 1.05 1 0,sim/deathknight/items.go:142 sim/deathknight/items.go:157 sim/deathknight/items.go:161,67119 effect1=2000,9 2 5,Decreases the cooldown on your Dark Command ability by ${$m1/-1000} sec and increases the damage done by your Blood Strike and Heart Strike abilities by $s2%.,Item - Death Knight T9 Tank 2P Bonus Requires Death Knight Decreases the cooldown on your Dark Command ability by 2 sec and increases the damage done by your Blood Strike and Heart Strike abilities by 5%.,
set,719,The Fists of Fury,2 pieces,review Go locations,match,41989 > 41990,41989 ppm=1.5; 41990 effect1=150; 41990 effect1 min=100,,2 1 100 150,sim/common/tbc/melee_sets.go:14 sim/common/tbc/melee_sets.go:46,,60 100 150 20 60 100 150,Chance to bathe your enemy in flame causing $41990s1 Fire damage to your target.,Fists of Fury Requires level 60 Chance to bathe your enemy in flame causing 100 to 150 Fire damage to your target.,
set,699,The Twin Blades of Azzinoth,2 pieces,review Go locations,match,41434 > 41435,41434 ppm=2; 41434 proc cooldown=45; 41435 effect1=450; 41435 duration=10,,2 200 450 10 1 45,sim/common/tbc/melee_sets.go:128,,60 450 10 45 60 450 45,Your melee attacks have a chance to increase your haste rating by $41435s1 for $41435d1.,The Twin Blades of Azzinoth Requires level 60 Your melee attacks have a chance to increase your haste rating by 450 for 10 sec. (45s cooldown),
set,699,The Twin Blades of Azzinoth,2 pieces,review Go locations,match,41433,41433 effect1=200; 41433 effect2=200,,2 200 41435 450 10 1 45,sim/common/tbc/melee_sets.go:128,,200 1 200,Increases attack power by $s1 when fighting Demons.,Demon Slaying 200 Requires level 1 Increases attack power by 200 when fighting Demons.,
set,866,Thrall's Battlegear,2 pieces,review Go locations,match,67220,67220 effect1=3,,2 4 0.03 0 0.25,sim/shaman/items_wotlk.go:225 sim/shaman/lightning_shield.go:16 sim/shaman/shocks.go:45,,9 2 3,Adds an additional $s1% chance to trigger your Static Shock talent.,Item - Shaman T9 Enhancement 2P Bonus (Static Shock) Requires Shaman Adds an additional 3% chance to trigger your Static Shock talent.,
set,866,Thrall's Battlegear,4 pieces,review Go locations,match,67221,67221 effect1=25; 67221 effect2=25,,2 4 0.03 0 0.25,sim/shaman/items_wotlk.go:225 sim/shaman/lightning_shield.go:16 sim/shaman/shocks.go:45,,9 4 25,"Increases the damage done by your Earth Shock, Flame Shock, and Frost Shock spells by $s1%.","Item - Shaman T9 Enhancment 4P Bonus (Stormstrike) Requires Shaman Increases the damage done by your Earth Shock, Flame Shock, and Frost Shock spells by 25%.",
set,862,Thrall's Garb,2 pieces,not in sim Go,match,67225,67225 effect1=20; 67225 effect2=20,,,,,9 2 20,Increases the healing done by your Riptide spell by $s1%.,Item - Shaman T9 Restoration 2P Bonus (Riptide) Requires Shaman Increases the healing done by your Riptide spell by 20%.,
set,862,Thrall's Garb,4 pieces,not in sim Go,match,67226,67226 effect1=5,,,,,9 4 5,Increases the critical strike chance of your Chain Heal spell by $s1%.,Item - Shaman T9 Restoration 4P Bonus (Chain Heal) Requires Shaman Increases the critical strike chance of your Chain Heal spell by 5%.,
set,863,Thrall's Regalia,2 pieces,review Go locations,differs,67227,67227 effect1=9000,,2 4 71824 1 3 0,sim/shaman/items_wotlk.go:12 sim/shaman/lavaburst.go:19 sim/shaman/shocks.go:68,67227 effect1=9000,9 2 9,Increases the duration of your Flame Shock spell by ${$m1/1000} sec.,Item - Shaman T9 Elemental 2P Bonus (Flame Shock) Requires Shaman Increases the duration of your Flame Shock spell by 9 sec.,
set,863,Thrall's Regalia,4 pieces,review Go locations,match,67228,67228 effect1=10,,2 4 71824 1 3 0,sim/shaman/items_wotlk.go:12 sim/shaman/lavaburst.go:19 sim/shaman/shocks.go:68,,9 4 10 6,Your Lava Burst spell causes your target to burn for an additonal $67228s1% of your spell's damage over $71824d.,Item - Shaman T9 Elemental 4P Bonus (Lava Burst) Requires Shaman Your Lava Burst spell causes your target to burn for an additonal 10% of your spell's damage over 6 sec.,
set,676,Thunderheart Harness,4 pieces,review Go locations,match,38416,38416 effect1=15; 38416 effect2=15,,2 4 1.15 1 5 0 0.15,sim/druid/items.go:23 sim/druid/ferocious_bite.go:37 sim/druid/mangle.go:42 sim/druid/mangle.go:81 sim/druid/rip.go:44 sim/druid/swipe.go:18,,15,"Increases the damage dealt by your Rip, Swipe, and Ferocious Bite abilities by $s1%.","Improved Rip and Ferocious Bite Requires Druid Increases the damage dealt by your Rip, Swipe, and Ferocious Bite abilities by 15%.",
set,676,Thunderheart Harness,2 pieces,review Go locations,match,38447,38447 effect1=5; 38447 effect2=15,,2 4 1.15 1 5 0 0.15,sim/druid/items.go:23 sim/druid/ferocious_bite.go:37 sim/druid/mangle.go:42 sim/druid/mangle.go:81 sim/druid/rip.go:44 sim/druid/swipe.go:18,,5 15,Reduces the energy cost of your Mangle ability in Cat Form by $s1 and increases the threat generated by your Mangle ability in Bear Form by $s2%.,Improved Mangle Requires Druid Reduces the energy cost of your Mangle ability in Cat Form by 5 and increases the threat generated by your Mangle ability in Bear Form by 15%.,
set,678,Thunderheart Raiment,2 pieces,not in sim Go,differs,38417,38417 effect1=2000,,,,38417 effect1=2000,2,Reduces the cooldown of your Swiftmend ability by ${$m1/-1000} sec.,Reduced Swiftmend Cooldown Requires Druid Reduces the cooldown of your Swiftmend ability by 2 sec.,
set,678,Thunderheart Raiment,4 pieces,not in sim Go,match,38420,38420 effect1=5,,,,,5,Increases the healing from your Healing Touch ability by $s1%.,Improved Healing Touch Requires Druid Increases the healing from your Healing Touch ability by 5%.,
set,677,Thunderheart Regalia,2 pieces,review Go locations,differs,38414,38414 effect1=3000,,2 4 1 0 5,sim/druid/items.go:11 sim/druid/moonfire.go:95 sim/druid/starfire.go:53,38414 effect1=3000,3,Increases the duration of your Moonfire ability by ${$m1/1000} sec.,Increased Moonfire Duration Requires Druid Increases the duration of your Moonfire ability by 3 sec.,
set,677,Thunderheart Regalia,4 pieces,review Go locations,match,38415,38415 effect1=5,,2 4 1 0 5,sim/druid/items.go:11 sim/druid/moonfire.go:95 sim/druid/starfire.go:53,,5,Increases the critical strike chance of your Starfire ability by $s1%.,Starfire Crit Requires Druid Increases the critical strike chance of your Starfire ability by 5%.,
set,630,Tidefury Raiment,2 pieces,review Go locations,differs,37207,37207 effect1=19,,2 4 3 0.83 0.7,sim/shaman/items.go:12 sim/shaman/chain_lightning.go:34,37207 effect1=19,17,Your Chain Lightning Spell now only loses 17% of its damage per jump.,Improved Chain Lightning Requires Shaman Your Chain Lightning Spell now only loses 17% of its damage per jump.,
set,630,Tidefury Raiment,4 pieces,review Go locations,match,37209,37209 effect1=56; 37209 effect2=3,,2 4 3 0.83 0.7,sim/shaman/items.go:12 sim/shaman/chain_lightning.go:34,,56 3 5,Your Water Shield ability grants an additional $s1 mana each time it triggers and an additional $s2 mana per 5 sec.,Improved Water Shield Requires Shaman Your Water Shield ability grants an additional 56 mana each time it triggers and an additional 3 mana per 5 sec.,
set,877,Turalyon's Battlegear,2 pieces,review Go locations,differs,67188,67188 effect2=100,,2 4 5 0,sim/paladin/items.go:81 sim/paladin/paladin.go:176 sim/paladin/soc.go:37 sim/paladin/sor.go:34 sim/paladin/sov.go:107,67188 effect2=100,9 2,Your Righteous Vengeance talent now has a chance for its damage to be critical strikes.,Item - Paladin T9 Retribution 2P Bonus (Righteous Vengeance) Requires Paladin Your Righteous Vengeance talent now has a chance for its damage to be critical strikes.,
set,877,Turalyon's Battlegear,4 pieces,review Go locations,match,67189,67189 effect1=5,,2 4 5 0,sim/paladin/items.go:81 sim/paladin/paladin.go:176 sim/paladin/soc.go:37 sim/paladin/sor.go:34 sim/paladin/sov.go:107,,9 4 5,Increases the critical strike chance of your Judgements by $s1%.,Item - Paladin T9 Retribution 4P Bonus (Judgement) Requires Paladin Increases the critical strike chance of your Judgements by 5%.,
set,875,Turalyon's Garb,2 pieces,not in sim Go,differs,67190,67190 effect1=10000,,,,67190 effect1=10000,9 2 10,Increases the duration of your Judgements by ${$m1/1000} sec.,Item - Paladin T9 Holy 2P Bonus (Judgement) Requires Paladin Increases the duration of your Judgements by 10 sec.,
set,875,Turalyon's Garb,4 pieces,not in sim Go,match,67191,67191 effect1=100,,,,,9 4 100,Increases the heal over time effect from Flash of Light in conjunction with Sacred Shield by $s1%.,Item - Paladin T9 Holy 4P Bonus (Flash of Light) Requires Paladin Increases the heal over time effect from Flash of Light in conjunction with Sacred Shield by 100%.,
set,879,Turalyon's Plate,2 pieces,review Go locations,differs,67186,67186 effect1=2000; 67186 effect2=5,,2 4 30 0 90 120 6 8 0.05,sim/paladin/items.go:188 sim/paladin/divine_protection.go:27 sim/paladin/divine_protection.go:66 sim/paladin/hand_of_reckoning.go:28 sim/paladin/items.go:202,67186 effect1=2000,9 2 5,Decreases the cooldown on your Hand of Reckoning ability by ${$m1/-1000} sec and increases the damage done by your Hammer of the Righteous ability by $s2%.,Item - Paladin T9 Tank 2P Bonus Requires Paladin Decreases the cooldown on your Hand of Reckoning ability by 2 sec and increases the damage done by your Hammer of the Righteous ability by 5%.,
set,879,Turalyon's Plate,4 pieces,review Go locations,differs,67187,67187 effect1=30000; 67187 effect2=30000,,2 4 30 0 90 120 6 8 0.05,sim/paladin/items.go:188 sim/paladin/divine_protection.go:27 sim/paladin/divine_protection.go:66 sim/paladin/hand_of_reckoning.go:28 sim/paladin/items.go:202,67187 effect1=30000; 67187 effect2=30000,9 4 30,Decreases the cooldown on your Divine Protection ability and reduces the duration of Forbearance by ${$m1/-1000} sec.,Item - Paladin T9 Tank 4P Bonus Requires Paladin Decreases the cooldown on your Divine Protection ability and reduces the duration of Forbearance by 30 sec.,
set,782,Undead Slayer's Blessed Armor,2 pieces,review Go locations,manual: no numeric values (scripted spell),57943,,,,sim/common/wotlk/item_sets.go:150,,1,Increases your damage against undead by $s1%.,Increased Damage 1 Increases your damage against undead by 1%.,
set,782,Undead Slayer's Blessed Armor,3 pieces,review Go locations,match,29068,29068 effect1=2,,,sim/common/wotlk/item_sets.go:150,,2,Increases your damage against undead by $s1%.,Increased Damage 2 Increases your damage against undead by 2%.,
set,782,Undead Slayer's Blessed Armor,4 pieces,review Go locations,match,57944,57944 effect1=3,,,sim/common/wotlk/item_sets.go:150,,3,Increases your damage against undead by $s1%.,Increased Damage 3 Increases your damage against undead by 3%.,
set,857,VanCleef's Battlegear,2 pieces,review Go locations,match,67209 > 67210,67209 proc chance=2; 67209 proc cooldown=15; 67210 effect1=40; 67210 duration=15,,2 15 40 0 0.02 4 5,sim/rogue/items.go:39 sim/rogue/backstab.go:33 sim/rogue/hemorrhage.go:77 sim/rogue/mutilate.go:26 sim/rogue/sinister_strike.go:30,,9 2 40 2 15 40 15,Your Rupture ability has a chance each time it deals damage to reduce the cost of your next ability by $67210s1 energy.,"Item - Rogue T9 2P Bonus (Rupture) Requires Rogue Your Rupture ability has a chance each time it deals damage to reduce the cost of your next ability by 40 energy. (Proc chance: 2%, 15s cooldown)",
set,857,VanCleef's Battlegear,4 pieces,review Go locations,match,67211,67211 effect1=5,,2 67209 15 40 0 0.02 4 5,sim/rogue/items.go:39 sim/rogue/backstab.go:33 sim/rogue/hemorrhage.go:77 sim/rogue/mutilate.go:26 sim/rogue/sinister_strike.go:30,,9 4 5,"Increases the critical strike chance of your Hemorrhage, Sinister Strike, Backstab, and Mutilate abilities by $s1%.","Item - Rogue T9 4P Bonus (Hemorrhage, Sinister Strike, Backstab, and Mutilate) Requires Rogue Increases the critical strike chance of your Hemorrhage, Sinister Strike, Backstab, and Mutilate abilities by 5%.",
set,847,Velen's Raiment,2 pieces,review Go locations,match,67201,67201 effect1=20,,2 4 1.2 1 1.1,sim/priest/items.go:126 sim/priest/prayer_of_mending.go:84 sim/priest/renew.go:26 sim/priest/talents.go:89,,9 2 20,Increases the healing done by your Prayer of Mending spell by $s1%.,Item - Priest T9 Healing 2P Bonus (Prayer of Mending) Requires Priest Increases the healing done by your Prayer of Mending spell by 20%.,
set,847,Velen's Raiment,4 pieces,review Go locations,match,67202,67202 effect1=10,,2 4 1.2 1 1.1,sim/priest/items.go:126 sim/priest/prayer_of_mending.go:84 sim/priest/renew.go:26 sim/priest/talents.go:89,,9 4 10,Increases the shield from your Divine Aegis and the instant healing from your Empowered Renew by $s1%.,Item - Priest T9 Healing 4P Bonus (Divine Aegis and Empowered Renew) Requires Priest Increases the shield from your Divine Aegis and the instant healing from your Empowered Renew by 10%.,
set,849,Velen's Regalia,2 pieces,review Go locations,differs,67193,67193 effect1=6000,,2 4 5 0,sim/priest/items.go:113 sim/priest/mind_flay.go:26 sim/priest/mind_flay.go:100 sim/priest/set_bonuses.go:9 sim/priest/set_bonuses.go:10 sim/priest/vampiric_touch.go:39,67193 effect1=6000,9 2 6,Increases the duration of your Vampiric Touch spell by ${$m1/1000} sec.,Item - Priest T9 Shadow 2P Bonus (Vampiric Touch) Requires Priest Increases the duration of your Vampiric Touch spell by 6 sec.,
set,849,Velen's Regalia,4 pieces,review Go locations,match,67198,67198 effect1=5,,2 4 5 0,sim/priest/items.go:113 sim/priest/mind_flay.go:26 sim/priest/mind_flay.go:100 sim/priest/set_bonuses.go:9 sim/priest/set_bonuses.go:10 sim/priest/vampiric_touch.go:39,,9 4 5,Increases the critical strike chance of your Mind Flay spell by $s1%.,Item - Priest T9 Shadow 4P Bonus (Mind Flay) Requires Priest Increases the critical strike chance of your Mind Flay spell by 5%.,
set,582,Gladiator's Aegis,4 pieces,not in sim Go,differs,61776,61776 effect1=1000,,,,61776 effect1=1000,1,Reduces the cooldown of your Judgements by $/1000;s1 sec.,Judgement Cooldown Reduction Requires Paladin Reduces the cooldown of your Judgements by 1 sec.,
set,582,Gladiator's Aegis,2 pieces,not in sim Go,match,40044,40044 effect1=35,,,,,35,+$s1 Resilience Rating.,Increased Resilience 35 +35 Resilience Rating.,
set,567,Gladiator's Battlegear,4 pieces,not in sim Go,differs,22738,22738 effect1=5000,,,,22738 effect1=5000,1 5,Reduces the cooldown of your Intercept ability by $/1000;s1 sec.,Intercept Cooldown Reduction Rank 1 Requires Warrior Reduces the cooldown of your Intercept ability by 5 sec.,
set,567,Gladiator's Battlegear,2 pieces,not in sim Go,match,32145,32145 effect1=35,,,,,35,+$s1 Resilience Rating.,Increased Resilience 35 +35 Resilience Rating.,
set,568,Gladiator's Dreadgear,2 pieces,not in sim Go,match,40042,40042 effect1=35,,,,,35,+$s1 Resilience Rating.,Increased Resilience 35 +35 Resilience Rating.,
set,568,Gladiator's Dreadgear,4 pieces,not in sim Go,differs,23047,23047 effect1=200; 23047 effect2=200,,,,23047 effect1=200; 23047 effect2=200,0.2,Reduces the casting time of your Fear spell by ${$m1/-1000}.1 sec.,Fear Cast Time Reduction Requires Warlock Reduces the casting time of your Fear spell by 0.2 sec.,
set,578,Gladiator's Earthshaker,4 pieces,not in sim Go,differs,33018,33018 effect1=2000,,,,33018 effect1=2000,1 2,Reduces the cooldown of your Stormstrike ability by $/1000;s1 sec.,Shaman Stormstrike Cooldown Reduction Rank 1 Requires Shaman Reduces the cooldown of your Stormstrike ability by 2 sec.,
set,578,Gladiator's Earthshaker,2 pieces,not in sim Go,match,32145,32145 effect1=35,,,,,35,+$s1 Resilience Rating.,Increased Resilience 35 +35 Resilience Rating.,
set,615,Gladiator's Felshroud,2 pieces,not in sim Go,match,40053,40053 effect1=35,,,,,35,+$s1 Resilience Rating.,Increased Resilience 35 +35 Resilience Rating.,
set,615,Gladiator's Felshroud,4 pieces,not in sim Go,differs,23047,23047 effect1=200; 23047 effect2=200,,,,23047 effect1=200; 23047 effect2=200,0.2,Reduces the casting time of your Fear spell by ${$m1/-1000}.1 sec.,Fear Cast Time Reduction Requires Warlock Reduces the casting time of your Fear spell by 0.2 sec.,
set,687,Gladiator's Investiture,4 pieces,not in sim Go,differs,33333,33333 effect1=2000,,,,33333 effect1=2000,2,Reduces the duration of the Weakened Soul effect caused by your Power Word: Shield by $/1000;s1 sec.,Weakened Soul Reduction Requires Priest Reduces the duration of the Weakened Soul effect caused by your Power Word: Shield by 2 sec.,
set,687,Gladiator's Investiture,2 pieces,not in sim Go,match,40043,40043 effect1=35,,,,,35,+$s1 Resilience Rating.,Increased Resilience 35 +35 Resilience Rating.,
set,586,Gladiator's Pursuit,2 pieces,not in sim Go,match,32145,32145 effect1=35,,,,,35,+$s1 Resilience Rating.,Increased Resilience 35 +35 Resilience Rating.,
set,586,Gladiator's Pursuit,4 pieces,not in sim Go,differs,44292,44292 effect1=1000,,,,44292 effect1=1000,1,Reduces the cooldown of your Multi-Shot ability by ${$m1/-1000} sec.,Improved Multi-Shot Requires Hunter Reduces the cooldown of your Multi-Shot ability by 1 sec.,
set,581,Gladiator's Raiment,2 pieces,not in sim Go,match,40042,40042 effect1=35,,,,,35,+$s1 Resilience Rating.,Increased Resilience 35 +35 Resilience Rating.,
set,581,Gladiator's Raiment,4 pieces,not in sim Go,differs,33333,33333 effect1=2000,,,,33333 effect1=2000,2,Reduces the duration of the Weakened Soul effect caused by your Power Word: Shield by $/1000;s1 sec.,Weakened Soul Reduction Requires Priest Reduces the duration of the Weakened Soul effect caused by your Power Word: Shield by 2 sec.,
set,690,Gladiator's Redemption,2 pieces,not in sim Go,match,40043,40043 effect1=35,,,,,35,+$s1 Resilience Rating.,Increased Resilience 35 +35 Resilience Rating.,
set,690,Gladiator's Redemption,4 pieces,not in sim Go,match,46851,46851 effect1=10,,,,,10,Increases the effective spell power of your Holy Shock when used as a healing spell by $m%.,Holy Shock Bonus Requires Paladin Increases the effective spell power of your Holy Shock when used as a healing spell by 10%.,
set,685,Gladiator's Refuge,2 pieces,not in sim Go,match,40043,40043 effect1=35,,,,,35,+$s1 Resilience Rating.,Increased Resilience 35 +35 Resilience Rating.,
set,685,Gladiator's Refuge,4 pieces,not in sim Go,differs,46834,46834 effect1=200; 46834 proc chance=15,,,,46834 effect1=200,0.2 15,The casting time on your Regrowth spell is reduced by ${$m1/-1000}.2 sec.,"Restoration Regrowth Bonus Requires Druid The casting time on your Regrowth spell is reduced by 0.20 sec. (Proc chance: 15%, 15s cooldown)",
set,579,Gladiator's Regalia,2 pieces,not in sim Go,match,40042,40042 effect1=35,,,,,35,+$s1 Resilience Rating.,Increased Resilience 35 +35 Resilience Rating.,
set,579,Gladiator's Regalia,4 pieces,not in sim Go,differs,44302,44302 effect1=150,,,,44302 effect1=150,0.15,Reduces the casting time of your Polymorph spell by ${$m1/-1000}.2 sec.,Improved Polymorph Requires Mage Reduces the casting time of your Polymorph spell by 0.15 sec.,
set,584,Gladiator's Sanctuary,2 pieces,not in sim Go,match,32145,32145 effect1=35,,,,,35,+$s1 Resilience Rating.,Increased Resilience 35 +35 Resilience Rating.,
set,584,Gladiator's Sanctuary,4 pieces,not in sim Go,match,23218,23218 effect1=15,,,,,15,"Increases your movement speed by $s1% while in Bear Form, Cat Form, or Travel Form.  Only active outdoors.","Feral Move Speed Increase Requires Druid Requires Cat Form, Travel Form, Bear Form, Dire Bear Form Increases your movement speed by 15% while in Bear Form, Cat Form, or Travel Form. Only active outdoors.",
set,580,Gladiator's Thunderfist,2 pieces,not in sim Go,match,40042,40042 effect1=35,,,,,35,+$s1 Resilience Rating.,Increased Resilience 35 +35 Resilience Rating.,
set,580,Gladiator's Thunderfist,4 pieces,not in sim Go,differs,44299,44299 effect1=1500,,,,44299 effect1=1500,1.5,Reduces the cooldown of your Grounding Totem ability by ${$m1/-1000}.1 sec.,Improved Grounding Totem Requires Shaman Reduces the cooldown of your Grounding Totem ability by 1.5 sec.,
set,577,Gladiator's Vestments,2 pieces,not in sim Go,match,32145,32145 effect1=35,,,,,35,+$s1 Resilience Rating.,Increased Resilience 35 +35 Resilience Rating.,
set,577,Gladiator's Vestments,4 pieces,not in sim Go,match,21975,21975 effect1=10,,,,,10,Increases your maximum Energy by $s1.,Vigor Increases your maximum Energy by 10.,
set,583,Gladiator's Vindication,2 pieces,not in sim Go,match,32145,32145 effect1=35,,,,,35,+$s1 Resilience Rating.,Increased Resilience 35 +35 Resilience Rating.,
set,583,Gladiator's Vindication,4 pieces,not in sim Go,differs,61776,61776 effect1=1000,,,,61776 effect1=1000,1,Reduces the cooldown of your Judgements by $/1000;s1 sec.,Judgement Cooldown Reduction Requires Paladin Reduces the cooldown of your Judgements by 1 sec.,
set,686,Gladiator's Wartide,4 pieces,not in sim Go,differs,44299,44299 effect1=1500,,,,44299 effect1=1500,1.5,Reduces the cooldown of your Grounding Totem ability by ${$m1/-1000}.1 sec.,Improved Grounding Totem Requires Shaman Reduces the cooldown of your Grounding Totem ability by 1.5 sec.,
set,686,Gladiator's Wartide,2 pieces,not in sim Go,match,40043,40043 effect1=35,,,,,35,+$s1 Resilience Rating.,Increased Resilience 35 +35 Resilience Rating.,
set,585,Gladiator's Wildhide,2 pieces,not in sim Go,match,40042,40042 effect1=35,,,,,35,+$s1 Resilience Rating.,Increased Resilience 35 +35 Resilience Rating.,
set,585,Gladiator's Wildhide,4 pieces,not in sim Go,differs,46832 > 46833,46832 proc chance=15; 46832 proc cooldown=15; 46833 effect1=1500; 46833 duration=15,,,,46833 effect1=1500,1.5 15 1.5,Your Wrath casts have a chance to reduce the cast time on your next Starfire by 1.5 sec.,"Moonkin Starfire Bonus Requires Druid Your Wrath casts have a chance to reduce the cast time on your next Starfire by 1.5 sec. (Proc chance: 15%, 15s cooldown)",
set,675,Vestments of Absolution,4 pieces,review Go locations,match,38411,38411 effect1=5,,2 4 1.05 1 0.1 0,sim/priest/items.go:23 sim/priest/greater_heal.go:36 sim/priest/prayer_of_healing.go:23,,5,Increases the healing from your Greater Heal ability by $s1%.,Improved Greater Heal Requires Priest Increases the healing from your Greater Heal ability by 5%.,
set,675,Vestments of Absolution,2 pieces,review Go locations,match,38410,38410 effect1=10,,2 4 1.05 1 0.1 0,sim/priest/items.go:23 sim/priest/greater_heal.go:36 sim/priest/prayer_of_healing.go:23,,10,Reduces the mana cost of your Prayer of Healing ability by $s1%.,Reduced Prayer of Healing Cost Requires Priest Reduces the mana cost of your Prayer of Healing ability by 10%.,
set,859,Windrunner's Battlegear,2 pieces,review Go locations,match,67150,67150 effect1=100; 67150 effect2=100,,2 4 68130 600 15 0.35 45,sim/hunter/wotlk_items.go:91 sim/hunter/serpent_sting.go:11,,9 2 100,The damage done by your Serpent Sting ability can now be critical strikes.,"Item - Hunter T9 2P Bonus Requires Hunter The damage done by your Serpent Sting ability can now be critical strikes. Modifies Critical Strike Damage +100%: Serpent Sting , Serpent Sting , Serpent Sting , Serpent Sting , Serpent Sting , Serpent Sting , Serpent Sting , Serpent Sting , Serpent Sting , Serpent Sting , Serpent Sting , Serpent Sting",
set,859,Windrunner's Battlegear,4 pieces,review Go locations,manual: no values a tooltip shows,67151,67151 proc chance=35; 67151 proc cooldown=45,,2 4 68130 600 15 0.35 45,sim/hunter/wotlk_items.go:91 sim/hunter/serpent_sting.go:11,,9 4 600 15 35 45,"Each time you hit with a ranged attack, you have a chance to grant your pet $68130s1 attack power for $68130d.","Item - Hunter T9 4P Bonus (Steady Shot) Requires Hunter Each time you hit with a ranged attack, you have a chance to grant your pet 600 attack power for 15 sec. (Proc chance: 35%, 45s cooldown)",
set,860,Windrunner's Pursuit,4 pieces,review Go locations,manual: no values a tooltip shows,67151,67151 proc chance=35; 67151 proc cooldown=45,,2 4 68130 600 15 0.35 45,sim/hunter/wotlk_items.go:90 sim/hunter/serpent_sting.go:11,,9 4 600 15 35 45,"Each time you hit with a ranged attack, you have a chance to grant your pet $68130s1 attack power for $68130d.","Item - Hunter T9 4P Bonus (Steady Shot) Requires Hunter Each time you hit with a ranged attack, you have a chance to grant your pet 600 attack power for 15 sec. (Proc chance: 35%, 45s cooldown)",
set,860,Windrunner's Pursuit,2 pieces,review Go locations,match,67150,67150 effect1=100; 67150 effect2=100,,2 4 68130 600 15 0.35 45,sim/hunter/wotlk_items.go:90 sim/hunter/serpent_sting.go:11,,9 2 100,The damage done by your Serpent Sting ability can now be critical strikes.,"Item - Hunter T9 2P Bonus Requires Hunter The damage done by your Serpent Sting ability can now be critical strikes. Modifies Critical Strike Damage +100%: Serpent Sting , Serpent Sting , Serpent Sting , Serpent Sting , Serpent Sting , Serpent Sting , Serpent Sting , Serpent Sting , Serpent Sting , Serpent Sting , Serpent Sting , Serpent Sting",
set,823,Worldbreaker Battlegear,2 pieces,review Go locations,match,64916,64916 effect1=20,,2 4 1.2 1 2.4,sim/shaman/items_wotlk.go:213 sim/shaman/lavalash.go:68 sim/shaman/stormstrike.go:115 sim/shaman/talents.go:432,,8 2 20,Increases the damage done by Lava Lash and Stormstrike by $s1%.,Item - Shaman T8 Enhancement 2P Bonus Requires Shaman Increases the damage done by Lava Lash and Stormstrike by 20%.,
set,823,Worldbreaker Battlegear,4 pieces,review Go locations,match,64917,64917 effect1=20,,2 4 1.2 1 2.4,sim/shaman/items_wotlk.go:213 sim/shaman/lavalash.go:68 sim/shaman/stormstrike.go:115 sim/shaman/talents.go:432,,8 4 20,Increases the frequency of Maelstrom Weapon being triggered by your melee weapon attacks by $s1%.,Item - Shaman T8 Enhancement 4P Bonus Requires Shaman Increases the frequency of Maelstrom Weapon being triggered by your melee weapon attacks by 20%.,
set,824,Worldbreaker Garb,4 pieces,review Go locations,match,64928,64928 effect1=8,,2 4 64930 1 0.2 0,sim/shaman/items_wotlk.go:36 sim/shaman/lightning_bolt.go:31 sim/shaman/shocks.go:81,,8 4 8 4,Your critical strikes from Lightning Bolt cause the target to take nature damage equal to $s1% of the Lightning Bolt's damage over $64930d.,Item - Shaman T8 Elemental 4P Bonus Requires Shaman Your critical strikes from Lightning Bolt cause the target to take nature damage equal to 8% of the Lightning Bolt's damage over 4 sec.,
set,824,Worldbreaker Garb,2 pieces,review Go locations,match,64925,64925 effect1=20,,2 4 64930 1 0.2 0,sim/shaman/items_wotlk.go:36 sim/shaman/lightning_bolt.go:31 sim/shaman/shocks.go:81,,8 2 20,Increases periodic damage done by your Flame Shock ability by $s1%.,Item - Shaman T8 Elemental 2P Bonus Requires Shaman Increases periodic damage done by your Flame Shock ability by 20%.,
set,825,Worldbreaker Regalia,2 pieces,not in sim Go,differs,64921,64921 effect1=1000,,,,64921 effect1=1000,8 2 1,Reduces the cooldown on Riptide by ${$m1/-1000} sec.,Item - Shaman T8 Restoration 2P Bonus Requires Shaman Reduces the cooldown on Riptide by 1 sec.,
set,825,Worldbreaker Regalia,4 pieces,not in sim Go,differs,64922,64922 effect1=200,,,,64922 effect1=200,8 4 0.2,Reduces the cast time of Chain Heal by ${$m1/-1000}.1 sec.,Item - Shaman T8 Restoration 4P Bonus Requires Shaman Reduces the cast time of Chain Heal by 0.2 sec.,
set,867,Wrynn's Battlegear,2 pieces,review Go locations,differs,67234,67234 effect1=2; 67234 effect2=6; 67234 effect3=25,,2 4 5 0 6,sim/warrior/items.go:220 sim/warrior/heroic_strike_cleave.go:26 sim/warrior/slam.go:33 sim/warrior/stances.go:68 sim/warrior/stances.go:163,67234 effect3=25,9 2 6,"Berserker Stance grants an additional $s1% critical strike chance, and Battle Stance grants an additional $s2% armor penetration.","Item - Warrior T9 Melee 2P Bonus (Berserker Stance and Battle Stance) Requires Warrior Berserker Stance grants an additional 2% critical strike chance, and Battle Stance grants an additional 6% armor penetration.",
set,867,Wrynn's Battlegear,4 pieces,review Go locations,match,67268,67268 effect1=5,,2 4 5 0 6,sim/warrior/items.go:220 sim/warrior/heroic_strike_cleave.go:26 sim/warrior/slam.go:33 sim/warrior/stances.go:68 sim/warrior/stances.go:163,,9 4 5,Increases the critical strike chance of your Slam and Heroic Strike abilities by $s1%.,Item - Warrior T9 Melee 4P Bonus (Heroic Strike and Slam) Requires Warrior Increases the critical strike chance of your Slam and Heroic Strike abilities by 5%.,
set,869,Wrynn's Plate,2 pieces,review Go locations,differs,67269,67269 effect1=2000; 67269 effect2=5,,2 4 1.05 1 10,sim/warrior/items.go:90 sim/warrior/devastate.go:18 sim/warrior/shield_block.go:13,67269 effect1=2000,9 2 5,Decreases the cooldown on your Taunt ability by ${$m1/-1000} sec and increases the damage done by your Devastate ability by $s2%.,Item - Warrior T9 Tank 2P Bonus (Taunt) Requires Warrior Decreases the cooldown on your Taunt ability by 2 sec and increases the damage done by your Devastate ability by 5%.,
set,869,Wrynn's Plate,4 pieces,review Go locations,differs,67273,67273 effect1=10000,,2 4 1.05 1 10,sim/warrior/items.go:90 sim/warrior/devastate.go:18 sim/warrior/shield_block.go:13,67273 effect1=10000,9 4 10,Decreases the cooldown on your Shield Block ability by ${$m1/-1000} sec.,Item - Warrior T9 Tank 4P Bonus (Shield Block) Requires Warrior Decreases the cooldown on your Shield Block ability by 10 sec.,
set,895,Ymirjar Lord's Battlegear,4 pieces,review Go locations,match,70847,70847 effect1=20,,2 70855 10 0.16 0.03 4,sim/warrior/items.go:235 sim/warrior/talents.go:230 sim/warrior/talents.go:604,,10 4 20 2 1 0.5 100,"You have a $s1% chance for your Bloodsurge and Sudden Death talents to grant 2 charges of their effect instead of 1, reduce the global cooldown on Execute or Slam by ${$m3/-1000}.1 sec, and for the duration of the effect to be increased by $s2%.","Item - Warrior T10 Melee 4P Bonus Requires Warrior You have a 20% chance for your Bloodsurge and Sudden Death talents to grant 2 charges of their effect instead of 1, reduce the global cooldown on Execute or Slam by 0.5 sec, and for the duration of the effect to be increased by 100%.",
set,895,Ymirjar Lord's Battlegear,2 pieces,review Go locations,match,70854 > 70855,70854 proc chance=3; 70855 effect1=16; 70855 duration=10,,2 10 0.16 0.03 4,sim/warrior/items.go:235 sim/warrior/talents.go:230 sim/warrior/talents.go:604,,10 2 3 16 10 3 1 16,When your Deep Wounds ability deals damage you have a $h% chance to gain $s1% attack power for $70855d.,Item - Warrior T10 Melee 2P Bonus Requires Warrior When your Deep Wounds ability deals damage you have a 3% chance to gain 16% attack power for 10 sec. (Proc chance: 3%),
set,896,Ymirjar Lord's Plate,4 pieces,review Go locations,differs,70844,70844 effect1=100,,2 4 0.2 0,sim/warrior/items.go:108 sim/warrior/shield_slam.go:56 sim/warrior/shockwave.go:35,70844 effect1=100,10 4 20,"Your Bloodrage ability no longer costs health to use, and now causes you to absorb damage equal to $s2% of your maximum health.  Lasts $d.","Item - Warrior T10 Protection 4P Bonus Requires Warrior Your Bloodrage ability no longer costs health to use, and now causes you to absorb damage equal to 20% of your maximum health. Lasts until cancelled.",
set,896,Ymirjar Lord's Plate,2 pieces,review Go locations,match,70843,70843 effect1=20,,2 4 0.2 0,sim/warrior/items.go:108 sim/warrior/shield_slam.go:56 sim/warrior/shockwave.go:35,,10 2 20,Your Shield Slam and Shockwave abilities deal $s1% increased damage.,Item - Warrior T10 Protection 2P Bonus Requires Warrior Your Shield Slam and Shockwave abilities deal 20% increased damage.,
set,848,Zabra's Raiment,2 pieces,review Go locations,match,67201,67201 effect1=20,,2 4 1.2 1 1.1,sim/priest/items.go:125 sim/priest/prayer_of_mending.go:84 sim/priest/renew.go:26 sim/priest/talents.go:89,,9 2 20,Increases the healing done by your Prayer of Mending spell by $s1%.,Item - Priest T9 Healing 2P Bonus (Prayer of Mending) Requires Priest Increases the healing done by your Prayer of Mending spell by 20%.,
set,848,Zabra's Raiment,4 pieces,review Go locations,match,67202,67202 effect1=10,,2 4 1.2 1 1.1,sim/priest/items.go:125 sim/priest/prayer_of_mending.go:84 sim/priest/renew.go:26 sim/priest/talents.go:89,,9 4 10,Increases the shield from your Divine Aegis and the instant healing from your Empowered Renew by $s1%.,Item - Priest T9 Healing 4P Bonus (Divine Aegis and Empowered Renew) Requires Priest Increases the shield from your Divine Aegis and the instant healing from your Empowered Renew by 10%.,
set,850,Zabra's Regalia,2 pieces,review Go locations,differs,67193,67193 effect1=6000,,2 4 5 0,sim/priest/items.go:112 sim/priest/mind_flay.go:26 sim/priest/mind_flay.go:100 sim/priest/set_bonuses.go:9 sim/priest/set_bonuses.go:10 sim/priest/vampiric_touch.go:39,67193 effect1=6000,9 2 6,Increases the duration of your Vampiric Touch spell by ${$m1/1000} sec.,Item - Priest T9 Shadow 2P Bonus (Vampiric Touch) Requires Priest Increases the duration of your Vampiric Touch spell by 6 sec.,
set,850,Zabra's Regalia,4 pieces,review Go locations,match,67198,67198 effect1=5,,2 4 5 0,sim/priest/items.go:112 sim/priest/mind_flay.go:26 sim/priest/mind_flay.go:100 sim/priest/set_bonuses.go:9 sim/priest/set_bonuses.go:10 sim/priest/vampiric_touch.go:39,,9 4 5,Increases the critical strike chance of your Mind Flay spell by $s1%.,Item - Priest T9 Shadow 4P Bonus (Mind Flay) Requires Priest Increases the critical strike chance of your Mind Flay spell by 5%.,
